1 3 1 0 4 100 100 0 0
1 3 1 1 4 50 50 0 0
1 3 1 2 4 200 200 0 0
1 3 1 3 4 100 100 0 0
1 3 3 0 6 50 100 0 0
1 3 3 1 6 25 50 0 0
1 3 3 2 6 100 200 0 0
1 3 3 3 6 50 100 0 0
1 3 18 0 53 100 200 0 0
1 3 18 1 53 50 100 0 0
1 3 18 2 53 200 400 0 0
1 3 18 3 53 100 200 0 0
1 3 23 0 8 100 100 0 0
1 3 23 1 8 50 50 0 0
1 3 23 2 8 200 200 0 0
1 3 23 3 8 100 100 0 0
1 3 43 0 33 50 200 0 0
1 3 43 1 33 25 100 0 0
1 3 43 2 33 100 400 0 0
1 3 43 3 33 50 200 0 0
1 3 50 0 148 50 200 0 0
1 3 50 1 148 25 100 0 0
1 3 50 2 148 100 400 0 0
1 3 50 3 148 50 200 0 0
1 3 63 0 38 50 100 0 0
1 3 63 1 38 25 50 0 0
1 3 63 2 38 100 200 0 0
1 3 63 3 38 50 100 0 0
1 3 64 0 38 50 100 0 0
1 3 64 1 38 25 50 0 0
1 3 64 2 38 100 200 0 0
1 3 64 3 38 50 100 0 0
2 3 1 0 5 100 100 0 0
2 3 1 1 5 50 50 0 0
2 3 1 2 5 200 200 0 0
2 3 1 3 5 100 100 0 0
2 3 3 0 7 50 100 0 0
2 3 3 1 7 25 50 0 0
2 3 3 2 7 100 200 0 0
2 3 3 3 7 50 100 0 0
2 3 18 0 54 100 200 0 0
2 3 18 1 54 50 100 0 0
2 3 18 2 54 200 400 0 0
2 3 18 3 54 100 200 0 0
2 3 23 0 9 100 100 0 0
2 3 23 1 9 50 50 0 0
2 3 23 2 9 200 200 0 0
2 3 23 3 9 100 100 0 0
2 3 43 0 34 50 200 0 0
2 3 43 1 34 25 100 0 0
2 3 43 2 34 100 400 0 0
2 3 43 3 34 50 200 0 0
2 3 50 0 149 50 200 0 0
2 3 50 1 149 25 100 0 0
2 3 50 2 149 100 400 0 0
2 3 50 3 149 50 200 0 0
2 3 63 0 39 50 100 0 0
2 3 63 1 39 25 50 0 0
2 3 63 2 39 100 200 0 0
2 3 63 3 39 50 100 0 0
2 3 64 0 39 50 100 0 0
2 3 64 1 39 25 50 0 0
2 3 64 2 39 100 200 0 0
2 3 64 3 39 50 100 0 0
3 3 1 0 6 100 100 0 0
3 3 1 1 6 50 50 0 0
3 3 1 2 6 200 200 0 0
3 3 1 3 6 100 100 0 0
3 3 3 0 8 50 100 0 0
3 3 3 1 8 25 50 0 0
3 3 3 2 8 100 200 0 0
3 3 3 3 8 50 100 0 0
3 3 18 0 55 100 200 0 0
3 3 18 1 55 50 100 0 0
3 3 18 2 55 200 400 0 0
3 3 18 3 55 100 200 0 0
3 3 23 0 10 100 100 0 0
3 3 23 1 10 50 50 0 0
3 3 23 2 10 200 200 0 0
3 3 23 3 10 100 100 0 0
3 3 43 0 35 50 200 0 0
3 3 43 1 35 25 100 0 0
3 3 43 2 35 100 400 0 0
3 3 43 3 35 50 200 0 0
3 3 50 0 150 50 200 0 0
3 3 50 1 150 25 100 0 0
3 3 50 2 150 100 400 0 0
3 3 50 3 150 50 200 0 0
3 3 63 0 40 50 100 0 0
3 3 63 1 40 25 50 0 0
3 3 63 2 40 100 200 0 0
3 3 63 3 40 50 100 0 0
3 3 64 0 40 50 100 0 0
3 3 64 1 40 25 50 0 0
3 3 64 2 40 100 200 0 0
3 3 64 3 40 50 100 0 0
4 3 1 0 7 100 100 0 0
4 3 1 1 7 50 50 0 0
4 3 1 2 7 200 200 0 0
4 3 1 3 7 100 100 0 0
4 3 3 0 10 50 100 0 0
4 3 3 1 10 25 50 0 0
4 3 3 2 10 100 200 0 0
4 3 3 3 10 50 100 0 0
4 3 18 0 73 100 200 0 0
4 3 18 1 73 50 100 0 0
4 3 18 2 73 200 400 0 0
4 3 18 3 73 100 200 0 0
4 3 23 0 13 100 100 0 0
4 3 23 1 13 50 50 0 0
4 3 23 2 13 200 200 0 0
4 3 23 3 13 100 100 0 0
4 3 43 0 46 50 200 0 0
4 3 43 1 46 25 100 0 0
4 3 43 2 46 100 400 0 0
4 3 43 3 46 50 200 0 0
4 3 50 0 199 50 200 0 0
4 3 50 1 199 25 100 0 0
4 3 50 2 199 100 400 0 0
4 3 50 3 199 50 200 0 0
4 3 63 0 53 50 100 0 0
4 3 63 1 53 25 50 0 0
4 3 63 2 53 100 200 0 0
4 3 63 3 53 50 100 0 0
4 3 64 0 53 50 100 0 0
4 3 64 1 53 25 50 0 0
4 3 64 2 53 100 200 0 0
4 3 64 3 53 50 100 0 0
1 7 1 0 1 100 100 0 0
1 7 1 1 1 50 50 0 0
1 7 1 2 1 200 200 0 0
1 7 1 3 1 100 100 0 0
1 7 3 0 2 50 100 0 0
1 7 3 1 2 25 50 0 0
1 7 3 2 2 100 200 0 0
1 7 3 3 2 50 100 0 0
1 7 18 0 49 100 200 0 0
1 7 18 1 49 50 100 0 0
1 7 18 2 49 200 400 0 0
1 7 18 3 49 100 200 0 0
1 7 23 0 4 100 100 0 0
1 7 23 1 4 50 50 0 0
1 7 23 2 4 200 200 0 0
1 7 23 3 4 100 100 0 0
1 7 43 0 29 50 200 0 0
1 7 43 1 29 25 100 0 0
1 7 43 2 29 100 400 0 0
1 7 43 3 29 50 200 0 0
1 7 50 0 144 50 200 0 0
1 7 50 1 144 25 100 0 0
1 7 50 2 144 100 400 0 0
1 7 50 3 144 50 200 0 0
1 7 63 0 34 50 100 0 0
1 7 63 1 34 25 50 0 0
1 7 63 2 34 100 200 0 0
1 7 63 3 34 50 100 0 0
1 7 64 0 34 50 100 0 0
1 7 64 1 34 25 50 0 0
1 7 64 2 34 100 200 0 0
1 7 64 3 34 50 100 0 0
2 7 1 0 1 100 100 0 0
2 7 1 1 1 50 50 0 0
2 7 1 2 1 200 200 0 0
2 7 1 3 1 100 100 0 0
2 7 3 0 3 50 100 0 0
2 7 3 1 3 25 50 0 0
2 7 3 2 3 100 200 0 0
2 7 3 3 3 50 100 0 0
2 7 18 0 50 100 200 0 0
2 7 18 1 50 50 100 0 0
2 7 18 2 50 200 400 0 0
2 7 18 3 50 100 200 0 0
2 7 23 0 5 100 100 0 0
2 7 23 1 5 50 50 0 0
2 7 23 2 5 200 200 0 0
2 7 23 3 5 100 100 0 0
2 7 43 0 30 50 200 0 0
2 7 43 1 30 25 100 0 0
2 7 43 2 30 100 400 0 0
2 7 43 3 30 50 200 0 0
2 7 50 0 145 50 200 0 0
2 7 50 1 145 25 100 0 0
2 7 50 2 145 100 400 0 0
2 7 50 3 145 50 200 0 0
2 7 63 0 35 50 100 0 0
2 7 63 1 35 25 50 0 0
2 7 63 2 35 100 200 0 0
2 7 63 3 35 50 100 0 0
2 7 64 0 35 50 100 0 0
2 7 64 1 35 25 50 0 0
2 7 64 2 35 100 200 0 0
2 7 64 3 35 50 100 0 0
3 7 1 0 2 100 100 0 0
3 7 1 1 2 50 50 0 0
3 7 1 2 2 200 200 0 0
3 7 1 3 2 100 100 0 0
3 7 3 0 4 50 100 0 0
3 7 3 1 4 25 50 0 0
3 7 3 2 4 100 200 0 0
3 7 3 3 4 50 100 0 0
3 7 18 0 51 100 200 0 0
3 7 18 1 51 50 100 0 0
3 7 18 2 51 200 400 0 0
3 7 18 3 51 100 200 0 0
3 7 23 0 6 100 100 0 0
3 7 23 1 6 50 50 0 0
3 7 23 2 6 200 200 0 0
3 7 23 3 6 100 100 0 0
3 7 43 0 31 50 200 0 0
3 7 43 1 31 25 100 0 0
3 7 43 2 31 100 400 0 0
3 7 43 3 31 50 200 0 0
3 7 50 0 146 50 200 0 0
3 7 50 1 146 25 100 0 0
3 7 50 2 146 100 400 0 0
3 7 50 3 146 50 200 0 0
3 7 63 0 36 50 100 0 0
3 7 63 1 36 25 50 0 0
3 7 63 2 36 100 200 0 0
3 7 63 3 36 50 100 0 0
3 7 64 0 36 50 100 0 0
3 7 64 1 36 25 50 0 0
3 7 64 2 36 100 200 0 0
3 7 64 3 36 50 100 0 0
4 7 1 0 3 100 100 0 0
4 7 1 1 3 50 50 0 0
4 7 1 2 3 200 200 0 0
4 7 1 3 3 100 100 0 0
4 7 3 0 5 50 100 0 0
4 7 3 1 5 25 50 0 0
4 7 3 2 5 100 200 0 0
4 7 3 3 5 50 100 0 0
4 7 18 0 52 100 200 0 0
4 7 18 1 52 50 100 0 0
4 7 18 2 52 200 400 0 0
4 7 18 3 52 100 200 0 0
4 7 23 0 7 100 100 0 0
4 7 23 1 7 50 50 0 0
4 7 23 2 7 200 200 0 0
4 7 23 3 7 100 100 0 0
4 7 43 0 32 50 200 0 0
4 7 43 1 32 25 100 0 0
4 7 43 2 32 100 400 0 0
4 7 43 3 32 50 200 0 0
4 7 50 0 147 50 200 0 0
4 7 50 1 147 25 100 0 0
4 7 50 2 147 100 400 0 0
4 7 50 3 147 50 200 0 0
4 7 63 0 37 50 100 0 0
4 7 63 1 37 25 50 0 0
4 7 63 2 37 100 200 0 0
4 7 63 3 37 50 100 0 0
4 7 64 0 37 50 100 0 0
4 7 64 1 37 25 50 0 0
4 7 64 2 37 100 200 0 0
4 7 64 3 37 50 100 0 0
5 7 1 0 4 100 100 0 0
5 7 1 1 4 50 50 0 0
5 7 1 2 4 200 200 0 0
5 7 1 3 4 100 100 0 0
5 7 3 0 6 50 100 0 0
5 7 3 1 6 25 50 0 0
5 7 3 2 6 100 200 0 0
5 7 3 3 6 50 100 0 0
5 7 18 0 53 100 200 0 0
5 7 18 1 53 50 100 0 0
5 7 18 2 53 200 400 0 0
5 7 18 3 53 100 200 0 0
5 7 23 0 8 100 100 0 0
5 7 23 1 8 50 50 0 0
5 7 23 2 8 200 200 0 0
5 7 23 3 8 100 100 0 0
5 7 43 0 33 50 200 0 0
5 7 43 1 33 25 100 0 0
5 7 43 2 33 100 400 0 0
5 7 43 3 33 50 200 0 0
5 7 50 0 148 50 200 0 0
5 7 50 1 148 25 100 0 0
5 7 50 2 148 100 400 0 0
5 7 50 3 148 50 200 0 0
5 7 63 0 38 50 100 0 0
5 7 63 1 38 25 50 0 0
5 7 63 2 38 100 200 0 0
5 7 63 3 38 50 100 0 0
5 7 64 0 38 50 100 0 0
5 7 64 1 38 25 50 0 0
5 7 64 2 38 100 200 0 0
5 7 64 3 38 50 100 0 0
6 7 1 0 5 100 100 0 0
6 7 1 1 5 50 50 0 0
6 7 1 2 5 200 200 0 0
6 7 1 3 5 100 100 0 0
6 7 3 0 7 50 100 0 0
6 7 3 1 7 25 50 0 0
6 7 3 2 7 100 200 0 0
6 7 3 3 7 50 100 0 0
6 7 18 0 54 100 200 0 0
6 7 18 1 54 50 100 0 0
6 7 18 2 54 200 400 0 0
6 7 18 3 54 100 200 0 0
6 7 23 0 9 100 100 0 0
6 7 23 1 9 50 50 0 0
6 7 23 2 9 200 200 0 0
6 7 23 3 9 100 100 0 0
6 7 43 0 34 50 200 0 0
6 7 43 1 34 25 100 0 0
6 7 43 2 34 100 400 0 0
6 7 43 3 34 50 200 0 0
6 7 50 0 149 50 200 0 0
6 7 50 1 149 25 100 0 0
6 7 50 2 149 100 400 0 0
6 7 50 3 149 50 200 0 0
6 7 63 0 39 50 100 0 0
6 7 63 1 39 25 50 0 0
6 7 63 2 39 100 200 0 0
6 7 63 3 39 50 100 0 0
6 7 64 0 39 50 100 0 0
6 7 64 1 39 25 50 0 0
6 7 64 2 39 100 200 0 0
6 7 64 3 39 50 100 0 0
7 7 1 0 6 100 100 0 0
7 7 1 1 6 50 50 0 0
7 7 1 2 6 200 200 0 0
7 7 1 3 6 100 100 0 0
7 7 3 0 8 50 100 0 0
7 7 3 1 8 25 50 0 0
7 7 3 2 8 100 200 0 0
7 7 3 3 8 50 100 0 0
7 7 18 0 55 100 200 0 0
7 7 18 1 55 50 100 0 0
7 7 18 2 55 200 400 0 0
7 7 18 3 55 100 200 0 0
7 7 23 0 10 100 100 0 0
7 7 23 1 10 50 50 0 0
7 7 23 2 10 200 200 0 0
7 7 23 3 10 100 100 0 0
7 7 43 0 35 50 200 0 0
7 7 43 1 35 25 100 0 0
7 7 43 2 35 100 400 0 0
7 7 43 3 35 50 200 0 0
7 7 50 0 150 50 200 0 0
7 7 50 1 150 25 100 0 0
7 7 50 2 150 100 400 0 0
7 7 50 3 150 50 200 0 0
7 7 63 0 40 50 100 0 0
7 7 63 1 40 25 50 0 0
7 7 63 2 40 100 200 0 0
7 7 63 3 40 50 100 0 0
7 7 64 0 40 50 100 0 0
7 7 64 1 40 25 50 0 0
7 7 64 2 40 100 200 0 0
7 7 64 3 40 50 100 0 0
8 7 1 0 7 100 100 0 0
8 7 1 1 7 50 50 0 0
8 7 1 2 7 200 200 0 0
8 7 1 3 7 100 100 0 0
8 7 3 0 9 50 100 0 0
8 7 3 1 9 25 50 0 0
8 7 3 2 9 100 200 0 0
8 7 3 3 9 50 100 0 0
8 7 18 0 62 100 200 0 0
8 7 18 1 62 50 100 0 0
8 7 18 2 62 200 400 0 0
8 7 18 3 62 100 200 0 0
8 7 23 0 11 100 100 0 0
8 7 23 1 11 50 50 0 0
8 7 23 2 11 200 200 0 0
8 7 23 3 11 100 100 0 0
8 7 43 0 39 50 200 0 0
8 7 43 1 39 25 100 0 0
8 7 43 2 39 100 400 0 0
8 7 43 3 39 50 200 0 0
8 7 50 0 171 50 200 0 0
8 7 50 1 171 25 100 0 0
8 7 50 2 171 100 400 0 0
8 7 50 3 171 50 200 0 0
8 7 63 0 45 50 100 0 0
8 7 63 1 45 25 50 0 0
8 7 63 2 45 100 200 0 0
8 7 63 3 45 50 100 0 0
8 7 64 0 45 50 100 0 0
8 7 64 1 45 25 50 0 0
8 7 64 2 45 100 200 0 0
8 7 64 3 45 50 100 0 0
1 8 1 0 1 100 100 0 0
1 8 1 1 1 50 50 0 0
1 8 1 2 1 200 200 0 0
1 8 1 3 1 100 100 0 0
1 8 3 0 1 50 100 0 0
1 8 3 1 1 25 50 0 0
1 8 3 2 1 100 200 0 0
1 8 3 3 1 50 100 0 0
1 8 18 0 48 100 200 0 0
1 8 18 1 48 50 100 0 0
1 8 18 2 48 200 400 0 0
1 8 18 3 48 100 200 0 0
1 8 23 0 3 100 100 0 0
1 8 23 1 3 50 50 0 0
1 8 23 2 3 200 200 0 0
1 8 23 3 3 100 100 0 0
1 8 43 0 28 50 200 0 0
1 8 43 1 28 25 100 0 0
1 8 43 2 28 100 400 0 0
1 8 43 3 28 50 200 0 0
1 8 50 0 143 50 200 0 0
1 8 50 1 143 25 100 0 0
1 8 50 2 143 100 400 0 0
1 8 50 3 143 50 200 0 0
1 8 63 0 33 50 100 0 0
1 8 63 1 33 25 50 0 0
1 8 63 2 33 100 200 0 0
1 8 63 3 33 50 100 0 0
1 8 64 0 33 50 100 0 0
1 8 64 1 33 25 50 0 0
1 8 64 2 33 100 200 0 0
1 8 64 3 33 50 100 0 0
2 8 1 0 1 100 100 0 0
2 8 1 1 1 50 50 0 0
2 8 1 2 1 200 200 0 0
2 8 1 3 1 100 100 0 0
2 8 3 0 2 50 100 0 0
2 8 3 1 2 25 50 0 0
2 8 3 2 2 100 200 0 0
2 8 3 3 2 50 100 0 0
2 8 18 0 49 100 200 0 0
2 8 18 1 49 50 100 0 0
2 8 18 2 49 200 400 0 0
2 8 18 3 49 100 200 0 0
2 8 23 0 4 100 100 0 0
2 8 23 1 4 50 50 0 0
2 8 23 2 4 200 200 0 0
2 8 23 3 4 100 100 0 0
2 8 43 0 29 50 200 0 0
2 8 43 1 29 25 100 0 0
2 8 43 2 29 100 400 0 0
2 8 43 3 29 50 200 0 0
2 8 50 0 144 50 200 0 0
2 8 50 1 144 25 100 0 0
2 8 50 2 144 100 400 0 0
2 8 50 3 144 50 200 0 0
2 8 63 0 34 50 100 0 0
2 8 63 1 34 25 50 0 0
2 8 63 2 34 100 200 0 0
2 8 63 3 34 50 100 0 0
2 8 64 0 34 50 100 0 0
2 8 64 1 34 25 50 0 0
2 8 64 2 34 100 200 0 0
2 8 64 3 34 50 100 0 0
3 8 1 0 2 100 100 0 0
3 8 1 1 2 50 50 0 0
3 8 1 2 2 200 200 0 0
3 8 1 3 2 100 100 0 0
3 8 3 0 3 50 100 0 0
3 8 3 1 3 25 50 0 0
3 8 3 2 3 100 200 0 0
3 8 3 3 3 50 100 0 0
3 8 18 0 50 100 200 0 0
3 8 18 1 50 50 100 0 0
3 8 18 2 50 200 400 0 0
3 8 18 3 50 100 200 0 0
3 8 23 0 5 100 100 0 0
3 8 23 1 5 50 50 0 0
3 8 23 2 5 200 200 0 0
3 8 23 3 5 100 100 0 0
3 8 43 0 30 50 200 0 0
3 8 43 1 30 25 100 0 0
3 8 43 2 30 100 400 0 0
3 8 43 3 30 50 200 0 0
3 8 50 0 145 50 200 0 0
3 8 50 1 145 25 100 0 0
3 8 50 2 145 100 400 0 0
3 8 50 3 145 50 200 0 0
3 8 63 0 35 50 100 0 0
3 8 63 1 35 25 50 0 0
3 8 63 2 35 100 200 0 0
3 8 63 3 35 50 100 0 0
3 8 64 0 35 50 100 0 0
3 8 64 1 35 25 50 0 0
3 8 64 2 35 100 200 0 0
3 8 64 3 35 50 100 0 0
4 8 1 0 3 100 100 0 0
4 8 1 1 3 50 50 0 0
4 8 1 2 3 200 200 0 0
4 8 1 3 3 100 100 0 0
4 8 3 0 4 50 100 0 0
4 8 3 1 4 25 50 0 0
4 8 3 2 4 100 200 0 0
4 8 3 3 4 50 100 0 0
4 8 18 0 51 100 200 0 0
4 8 18 1 51 50 100 0 0
4 8 18 2 51 200 400 0 0
4 8 18 3 51 100 200 0 0
4 8 23 0 6 100 100 0 0
4 8 23 1 6 50 50 0 0
4 8 23 2 6 200 200 0 0
4 8 23 3 6 100 100 0 0
4 8 43 0 31 50 200 0 0
4 8 43 1 31 25 100 0 0
4 8 43 2 31 100 400 0 0
4 8 43 3 31 50 200 0 0
4 8 50 0 146 50 200 0 0
4 8 50 1 146 25 100 0 0
4 8 50 2 146 100 400 0 0
4 8 50 3 146 50 200 0 0
4 8 63 0 36 50 100 0 0
4 8 63 1 36 25 50 0 0
4 8 63 2 36 100 200 0 0
4 8 63 3 36 50 100 0 0
4 8 64 0 36 50 100 0 0
4 8 64 1 36 25 50 0 0
4 8 64 2 36 100 200 0 0
4 8 64 3 36 50 100 0 0
5 8 1 0 3 100 100 0 0
5 8 1 1 3 50 50 0 0
5 8 1 2 3 200 200 0 0
5 8 1 3 3 100 100 0 0
5 8 3 0 5 50 100 0 0
5 8 3 1 5 25 50 0 0
5 8 3 2 5 100 200 0 0
5 8 3 3 5 50 100 0 0
5 8 18 0 52 100 200 0 0
5 8 18 1 52 50 100 0 0
5 8 18 2 52 200 400 0 0
5 8 18 3 52 100 200 0 0
5 8 23 0 7 100 100 0 0
5 8 23 1 7 50 50 0 0
5 8 23 2 7 200 200 0 0
5 8 23 3 7 100 100 0 0
5 8 43 0 32 50 200 0 0
5 8 43 1 32 25 100 0 0
5 8 43 2 32 100 400 0 0
5 8 43 3 32 50 200 0 0
5 8 50 0 147 50 200 0 0
5 8 50 1 147 25 100 0 0
5 8 50 2 147 100 400 0 0
5 8 50 3 147 50 200 0 0
5 8 63 0 37 50 100 0 0
5 8 63 1 37 25 50 0 0
5 8 63 2 37 100 200 0 0
5 8 63 3 37 50 100 0 0
5 8 64 0 37 50 100 0 0
5 8 64 1 37 25 50 0 0
5 8 64 2 37 100 200 0 0
5 8 64 3 37 50 100 0 0
6 8 1 0 4 100 100 0 0
6 8 1 1 4 50 50 0 0
6 8 1 2 4 200 200 0 0
6 8 1 3 4 100 100 0 0
6 8 3 0 6 50 100 0 0
6 8 3 1 6 25 50 0 0
6 8 3 2 6 100 200 0 0
6 8 3 3 6 50 100 0 0
6 8 18 0 53 100 200 0 0
6 8 18 1 53 50 100 0 0
6 8 18 2 53 200 400 0 0
6 8 18 3 53 100 200 0 0
6 8 23 0 8 100 100 0 0
6 8 23 1 8 50 50 0 0
6 8 23 2 8 200 200 0 0
6 8 23 3 8 100 100 0 0
6 8 43 0 33 50 200 0 0
6 8 43 1 33 25 100 0 0
6 8 43 2 33 100 400 0 0
6 8 43 3 33 50 200 0 0
6 8 50 0 148 50 200 0 0
6 8 50 1 148 25 100 0 0
6 8 50 2 148 100 400 0 0
6 8 50 3 148 50 200 0 0
6 8 63 0 38 50 100 0 0
6 8 63 1 38 25 50 0 0
6 8 63 2 38 100 200 0 0
6 8 63 3 38 50 100 0 0
6 8 64 0 38 50 100 0 0
6 8 64 1 38 25 50 0 0
6 8 64 2 38 100 200 0 0
6 8 64 3 38 50 100 0 0
7 8 1 0 5 100 100 0 0
7 8 1 1 5 50 50 0 0
7 8 1 2 5 200 200 0 0
7 8 1 3 5 100 100 0 0
7 8 3 0 7 50 100 0 0
7 8 3 1 7 25 50 0 0
7 8 3 2 7 100 200 0 0
7 8 3 3 7 50 100 0 0
7 8 18 0 54 100 200 0 0
7 8 18 1 54 50 100 0 0
7 8 18 2 54 200 400 0 0
7 8 18 3 54 100 200 0 0
7 8 23 0 9 100 100 0 0
7 8 23 1 9 50 50 0 0
7 8 23 2 9 200 200 0 0
7 8 23 3 9 100 100 0 0
7 8 43 0 34 50 200 0 0
7 8 43 1 34 25 100 0 0
7 8 43 2 34 100 400 0 0
7 8 43 3 34 50 200 0 0
7 8 50 0 149 50 200 0 0
7 8 50 1 149 25 100 0 0
7 8 50 2 149 100 400 0 0
7 8 50 3 149 50 200 0 0
7 8 63 0 39 50 100 0 0
7 8 63 1 39 25 50 0 0
7 8 63 2 39 100 200 0 0
7 8 63 3 39 50 100 0 0
7 8 64 0 39 50 100 0 0
7 8 64 1 39 25 50 0 0
7 8 64 2 39 100 200 0 0
7 8 64 3 39 50 100 0 0
8 8 1 0 6 100 100 0 0
8 8 1 1 6 50 50 0 0
8 8 1 2 6 200 200 0 0
8 8 1 3 6 100 100 0 0
8 8 3 0 8 50 100 0 0
8 8 3 1 8 25 50 0 0
8 8 3 2 8 100 200 0 0
8 8 3 3 8 50 100 0 0
8 8 18 0 55 100 200 0 0
8 8 18 1 55 50 100 0 0
8 8 18 2 55 200 400 0 0
8 8 18 3 55 100 200 0 0
8 8 23 0 10 100 100 0 0
8 8 23 1 10 50 50 0 0
8 8 23 2 10 200 200 0 0
8 8 23 3 10 100 100 0 0
8 8 43 0 35 50 200 0 0
8 8 43 1 35 25 100 0 0
8 8 43 2 35 100 400 0 0
8 8 43 3 35 50 200 0 0
8 8 50 0 150 50 200 0 0
8 8 50 1 150 25 100 0 0
8 8 50 2 150 100 400 0 0
8 8 50 3 150 50 200 0 0
8 8 63 0 40 50 100 0 0
8 8 63 1 40 25 50 0 0
8 8 63 2 40 100 200 0 0
8 8 63 3 40 50 100 0 0
8 8 64 0 40 50 100 0 0
8 8 64 1 40 25 50 0 0
8 8 64 2 40 100 200 0 0
8 8 64 3 40 50 100 0 0
9 8 1 0 7 100 100 0 0
9 8 1 1 7 50 50 0 0
9 8 1 2 7 200 200 0 0
9 8 1 3 7 100 100 0 0
9 8 3 0 9 50 100 0 0
9 8 3 1 9 25 50 0 0
9 8 3 2 9 100 200 0 0
9 8 3 3 9 50 100 0 0
9 8 18 0 61 100 200 0 0
9 8 18 1 61 50 100 0 0
9 8 18 2 61 200 400 0 0
9 8 18 3 61 100 200 0 0
9 8 23 0 11 100 100 0 0
9 8 23 1 11 50 50 0 0
9 8 23 2 11 200 200 0 0
9 8 23 3 11 100 100 0 0
9 8 43 0 39 50 200 0 0
9 8 43 1 39 25 100 0 0
9 8 43 2 39 100 400 0 0
9 8 43 3 39 50 200 0 0
9 8 50 0 168 50 200 0 0
9 8 50 1 168 25 100 0 0
9 8 50 2 168 100 400 0 0
9 8 50 3 168 50 200 0 0
9 8 63 0 45 50 100 0 0
9 8 63 1 45 25 50 0 0
9 8 63 2 45 100 200 0 0
9 8 63 3 45 50 100 0 0
9 8 64 0 45 50 100 0 0
9 8 64 1 45 25 50 0 0
9 8 64 2 45 100 200 0 0
9 8 64 3 45 50 100 0 0
1 19 1 0 1 100 100 0 0
1 19 1 1 1 50 50 0 0
1 19 1 2 1 200 200 0 0
1 19 1 3 1 100 100 0 0
1 19 3 0 1 50 100 0 0
1 19 3 1 1 25 50 0 0
1 19 3 2 1 100 200 0 0
1 19 3 3 1 50 100 0 0
1 19 18 0 37 100 200 0 0
1 19 18 1 37 50 100 0 0
1 19 18 2 37 200 400 0 0
1 19 18 3 37 100 200 0 0
1 19 23 0 1 100 100 0 0
1 19 23 1 1 50 50 0 0
1 19 23 2 1 200 200 0 0
1 19 23 3 1 100 100 0 0
1 19 43 0 17 50 200 0 0
1 19 43 1 17 25 100 0 0
1 19 43 2 17 100 400 0 0
1 19 43 3 17 50 200 0 0
1 19 50 0 132 50 200 0 0
1 19 50 1 132 25 100 0 0
1 19 50 2 132 100 400 0 0
1 19 50 3 132 50 200 0 0
1 19 63 0 22 50 100 0 0
1 19 63 1 22 25 50 0 0
1 19 63 2 22 100 200 0 0
1 19 63 3 22 50 100 0 0
1 19 64 0 22 50 100 0 0
1 19 64 1 22 25 50 0 0
1 19 64 2 22 100 200 0 0
1 19 64 3 22 50 100 0 0
2 19 1 0 1 100 100 0 0
2 19 1 1 1 50 50 0 0
2 19 1 2 1 200 200 0 0
2 19 1 3 1 100 100 0 0
2 19 3 0 1 50 100 0 0
2 19 3 1 1 25 50 0 0
2 19 3 2 1 100 200 0 0
2 19 3 3 1 50 100 0 0
2 19 18 0 38 100 200 0 0
2 19 18 1 38 50 100 0 0
2 19 18 2 38 200 400 0 0
2 19 18 3 38 100 200 0 0
2 19 23 0 1 100 100 0 0
2 19 23 1 1 50 50 0 0
2 19 23 2 1 200 200 0 0
2 19 23 3 1 100 100 0 0
2 19 43 0 18 50 200 0 0
2 19 43 1 18 25 100 0 0
2 19 43 2 18 100 400 0 0
2 19 43 3 18 50 200 0 0
2 19 50 0 133 50 200 0 0
2 19 50 1 133 25 100 0 0
2 19 50 2 133 100 400 0 0
2 19 50 3 133 50 200 0 0
2 19 63 0 23 50 100 0 0
2 19 63 1 23 25 50 0 0
2 19 63 2 23 100 200 0 0
2 19 63 3 23 50 100 0 0
2 19 64 0 23 50 100 0 0
2 19 64 1 23 25 50 0 0
2 19 64 2 23 100 200 0 0
2 19 64 3 23 50 100 0 0
3 19 1 0 1 100 100 0 0
3 19 1 1 1 50 50 0 0
3 19 1 2 1 200 200 0 0
3 19 1 3 1 100 100 0 0
3 19 3 0 1 50 100 0 0
3 19 3 1 1 25 50 0 0
3 19 3 2 1 100 200 0 0
3 19 3 3 1 50 100 0 0
3 19 18 0 39 100 200 0 0
3 19 18 1 39 50 100 0 0
3 19 18 2 39 200 400 0 0
3 19 18 3 39 100 200 0 0
3 19 23 0 1 100 100 0 0
3 19 23 1 1 50 50 0 0
3 19 23 2 1 200 200 0 0
3 19 23 3 1 100 100 0 0
3 19 43 0 19 50 200 0 0
3 19 43 1 19 25 100 0 0
3 19 43 2 19 100 400 0 0
3 19 43 3 19 50 200 0 0
3 19 50 0 134 50 200 0 0
3 19 50 1 134 25 100 0 0
3 19 50 2 134 100 400 0 0
3 19 50 3 134 50 200 0 0
3 19 63 0 24 50 100 0 0
3 19 63 1 24 25 50 0 0
3 19 63 2 24 100 200 0 0
3 19 63 3 24 50 100 0 0
3 19 64 0 24 50 100 0 0
3 19 64 1 24 25 50 0 0
3 19 64 2 24 100 200 0 0
3 19 64 3 24 50 100 0 0
4 19 1 0 1 100 100 0 0
4 19 1 1 1 50 50 0 0
4 19 1 2 1 200 200 0 0
4 19 1 3 1 100 100 0 0
4 19 3 0 1 50 100 0 0
4 19 3 1 1 25 50 0 0
4 19 3 2 1 100 200 0 0
4 19 3 3 1 50 100 0 0
4 19 18 0 40 100 200 0 0
4 19 18 1 40 50 100 0 0
4 19 18 2 40 200 400 0 0
4 19 18 3 40 100 200 0 0
4 19 23 0 2 100 100 0 0
4 19 23 1 2 50 50 0 0
4 19 23 2 2 200 200 0 0
4 19 23 3 2 100 100 0 0
4 19 43 0 20 50 200 0 0
4 19 43 1 20 25 100 0 0
4 19 43 2 20 100 400 0 0
4 19 43 3 20 50 200 0 0
4 19 50 0 135 50 200 0 0
4 19 50 1 135 25 100 0 0
4 19 50 2 135 100 400 0 0
4 19 50 3 135 50 200 0 0
4 19 63 0 25 50 100 0 0
4 19 63 1 25 25 50 0 0
4 19 63 2 25 100 200 0 0
4 19 63 3 25 50 100 0 0
4 19 64 0 25 50 100 0 0
4 19 64 1 25 25 50 0 0
4 19 64 2 25 100 200 0 0
4 19 64 3 25 50 100 0 0
5 19 1 0 1 100 100 0 0
5 19 1 1 1 50 50 0 0
5 19 1 2 1 200 200 0 0
5 19 1 3 1 100 100 0 0
5 19 3 0 2 50 100 0 0
5 19 3 1 2 25 50 0 0
5 19 3 2 2 100 200 0 0
5 19 3 3 2 50 100 0 0
5 19 18 0 41 100 200 0 0
5 19 18 1 41 50 100 0 0
5 19 18 2 41 200 400 0 0
5 19 18 3 41 100 200 0 0
5 19 23 0 2 100 100 0 0
5 19 23 1 2 50 50 0 0
5 19 23 2 2 200 200 0 0
5 19 23 3 2 100 100 0 0
5 19 43 0 21 50 200 0 0
5 19 43 1 21 25 100 0 0
5 19 43 2 21 100 400 0 0
5 19 43 3 21 50 200 0 0
5 19 50 0 136 50 200 0 0
5 19 50 1 136 25 100 0 0
5 19 50 2 136 100 400 0 0
5 19 50 3 136 50 200 0 0
5 19 63 0 26 50 100 0 0
5 19 63 1 26 25 50 0 0
5 19 63 2 26 100 200 0 0
5 19 63 3 26 50 100 0 0
5 19 64 0 26 50 100 0 0
5 19 64 1 26 25 50 0 0
5 19 64 2 26 100 200 0 0
5 19 64 3 26 50 100 0 0
6 19 1 0 1 100 100 0 0
6 19 1 1 1 50 50 0 0
6 19 1 2 1 200 200 0 0
6 19 1 3 1 100 100 0 0
6 19 3 0 2 50 100 0 0
6 19 3 1 2 25 50 0 0
6 19 3 2 2 100 200 0 0
6 19 3 3 2 50 100 0 0
6 19 18 0 42 100 200 0 0
6 19 18 1 42 50 100 0 0
6 19 18 2 42 200 400 0 0
6 19 18 3 42 100 200 0 0
6 19 23 0 3 100 100 0 0
6 19 23 1 3 50 50 0 0
6 19 23 2 3 200 200 0 0
6 19 23 3 3 100 100 0 0
6 19 43 0 22 50 200 0 0
6 19 43 1 22 25 100 0 0
6 19 43 2 22 100 400 0 0
6 19 43 3 22 50 200 0 0
6 19 50 0 137 50 200 0 0
6 19 50 1 137 25 100 0 0
6 19 50 2 137 100 400 0 0
6 19 50 3 137 50 200 0 0
6 19 63 0 27 50 100 0 0
6 19 63 1 27 25 50 0 0
6 19 63 2 27 100 200 0 0
6 19 63 3 27 50 100 0 0
6 19 64 0 27 50 100 0 0
6 19 64 1 27 25 50 0 0
6 19 64 2 27 100 200 0 0
6 19 64 3 27 50 100 0 0
7 19 1 0 2 100 100 0 0
7 19 1 1 2 50 50 0 0
7 19 1 2 2 200 200 0 0
7 19 1 3 2 100 100 0 0
7 19 3 0 2 50 100 0 0
7 19 3 1 2 25 50 0 0
7 19 3 2 2 100 200 0 0
7 19 3 3 2 50 100 0 0
7 19 18 0 43 100 200 0 0
7 19 18 1 43 50 100 0 0
7 19 18 2 43 200 400 0 0
7 19 18 3 43 100 200 0 0
7 19 23 0 3 100 100 0 0
7 19 23 1 3 50 50 0 0
7 19 23 2 3 200 200 0 0
7 19 23 3 3 100 100 0 0
7 19 43 0 23 50 200 0 0
7 19 43 1 23 25 100 0 0
7 19 43 2 23 100 400 0 0
7 19 43 3 23 50 200 0 0
7 19 50 0 138 50 200 0 0
7 19 50 1 138 25 100 0 0
7 19 50 2 138 100 400 0 0
7 19 50 3 138 50 200 0 0
7 19 63 0 28 50 100 0 0
7 19 63 1 28 25 50 0 0
7 19 63 2 28 100 200 0 0
7 19 63 3 28 50 100 0 0
7 19 64 0 28 50 100 0 0
7 19 64 1 28 25 50 0 0
7 19 64 2 28 100 200 0 0
7 19 64 3 28 50 100 0 0
8 19 1 0 2 100 100 0 0
8 19 1 1 2 50 50 0 0
8 19 1 2 2 200 200 0 0
8 19 1 3 2 100 100 0 0
8 19 3 0 3 50 100 0 0
8 19 3 1 3 25 50 0 0
8 19 3 2 3 100 200 0 0
8 19 3 3 3 50 100 0 0
8 19 18 0 44 100 200 0 0
8 19 18 1 44 50 100 0 0
8 19 18 2 44 200 400 0 0
8 19 18 3 44 100 200 0 0
8 19 23 0 4 100 100 0 0
8 19 23 1 4 50 50 0 0
8 19 23 2 4 200 200 0 0
8 19 23 3 4 100 100 0 0
8 19 43 0 24 50 200 0 0
8 19 43 1 24 25 100 0 0
8 19 43 2 24 100 400 0 0
8 19 43 3 24 50 200 0 0
8 19 50 0 139 50 200 0 0
8 19 50 1 139 25 100 0 0
8 19 50 2 139 100 400 0 0
8 19 50 3 139 50 200 0 0
8 19 63 0 29 50 100 0 0
8 19 63 1 29 25 50 0 0
8 19 63 2 29 100 200 0 0
8 19 63 3 29 50 100 0 0
8 19 64 0 29 50 100 0 0
8 19 64 1 29 25 50 0 0
8 19 64 2 29 100 200 0 0
8 19 64 3 29 50 100 0 0
9 19 1 0 2 100 100 0 0
9 19 1 1 2 50 50 0 0
9 19 1 2 2 200 200 0 0
9 19 1 3 2 100 100 0 0
9 19 3 0 3 50 100 0 0
9 19 3 1 3 25 50 0 0
9 19 3 2 3 100 200 0 0
9 19 3 3 3 50 100 0 0
9 19 18 0 45 100 200 0 0
9 19 18 1 45 50 100 0 0
9 19 18 2 45 200 400 0 0
9 19 18 3 45 100 200 0 0
9 19 23 0 4 100 100 0 0
9 19 23 1 4 50 50 0 0
9 19 23 2 4 200 200 0 0
9 19 23 3 4 100 100 0 0
9 19 43 0 25 50 200 0 0
9 19 43 1 25 25 100 0 0
9 19 43 2 25 100 400 0 0
9 19 43 3 25 50 200 0 0
9 19 50 0 140 50 200 0 0
9 19 50 1 140 25 100 0 0
9 19 50 2 140 100 400 0 0
9 19 50 3 140 50 200 0 0
9 19 63 0 30 50 100 0 0
9 19 63 1 30 25 50 0 0
9 19 63 2 30 100 200 0 0
9 19 63 3 30 50 100 0 0
9 19 64 0 30 50 100 0 0
9 19 64 1 30 25 50 0 0
9 19 64 2 30 100 200 0 0
9 19 64 3 30 50 100 0 0
10 19 1 0 3 100 100 0 0
10 19 1 1 3 50 50 0 0
10 19 1 2 3 200 200 0 0
10 19 1 3 3 100 100 0 0
10 19 3 0 4 50 100 0 0
10 19 3 1 4 25 50 0 0
10 19 3 2 4 100 200 0 0
10 19 3 3 4 50 100 0 0
10 19 18 0 46 100 200 0 0
10 19 18 1 46 50 100 0 0
10 19 18 2 46 200 400 0 0
10 19 18 3 46 100 200 0 0
10 19 23 0 5 100 100 0 0
10 19 23 1 5 50 50 0 0
10 19 23 2 5 200 200 0 0
10 19 23 3 5 100 100 0 0
10 19 43 0 26 50 200 0 0
10 19 43 1 26 25 100 0 0
10 19 43 2 26 100 400 0 0
10 19 43 3 26 50 200 0 0
10 19 50 0 141 50 200 0 0
10 19 50 1 141 25 100 0 0
10 19 50 2 141 100 400 0 0
10 19 50 3 141 50 200 0 0
10 19 63 0 31 50 100 0 0
10 19 63 1 31 25 50 0 0
10 19 63 2 31 100 200 0 0
10 19 63 3 31 50 100 0 0
10 19 64 0 31 50 100 0 0
10 19 64 1 31 25 50 0 0
10 19 64 2 31 100 200 0 0
10 19 64 3 31 50 100 0 0
11 19 1 0 3 100 100 0 0
11 19 1 1 3 50 50 0 0
11 19 1 2 3 200 200 0 0
11 19 1 3 3 100 100 0 0
11 19 3 0 4 50 100 0 0
11 19 3 1 4 25 50 0 0
11 19 3 2 4 100 200 0 0
11 19 3 3 4 50 100 0 0
11 19 18 0 47 100 200 0 0
11 19 18 1 47 50 100 0 0
11 19 18 2 47 200 400 0 0
11 19 18 3 47 100 200 0 0
11 19 23 0 5 100 100 0 0
11 19 23 1 5 50 50 0 0
11 19 23 2 5 200 200 0 0
11 19 23 3 5 100 100 0 0
11 19 43 0 27 50 200 0 0
11 19 43 1 27 25 100 0 0
11 19 43 2 27 100 400 0 0
11 19 43 3 27 50 200 0 0
11 19 50 0 142 50 200 0 0
11 19 50 1 142 25 100 0 0
11 19 50 2 142 100 400 0 0
11 19 50 3 142 50 200 0 0
11 19 63 0 32 50 100 0 0
11 19 63 1 32 25 50 0 0
11 19 63 2 32 100 200 0 0
11 19 63 3 32 50 100 0 0
11 19 64 0 32 50 100 0 0
11 19 64 1 32 25 50 0 0
11 19 64 2 32 100 200 0 0
11 19 64 3 32 50 100 0 0
12 19 1 0 3 100 100 0 0
12 19 1 1 3 50 50 0 0
12 19 1 2 3 200 200 0 0
12 19 1 3 3 100 100 0 0
12 19 3 0 5 50 100 0 0
12 19 3 1 5 25 50 0 0
12 19 3 2 5 100 200 0 0
12 19 3 3 5 50 100 0 0
12 19 18 0 48 100 200 0 0
12 19 18 1 48 50 100 0 0
12 19 18 2 48 200 400 0 0
12 19 18 3 48 100 200 0 0
12 19 23 0 6 100 100 0 0
12 19 23 1 6 50 50 0 0
12 19 23 2 6 200 200 0 0
12 19 23 3 6 100 100 0 0
12 19 43 0 28 50 200 0 0
12 19 43 1 28 25 100 0 0
12 19 43 2 28 100 400 0 0
12 19 43 3 28 50 200 0 0
12 19 50 0 143 50 200 0 0
12 19 50 1 143 25 100 0 0
12 19 50 2 143 100 400 0 0
12 19 50 3 143 50 200 0 0
12 19 63 0 33 50 100 0 0
12 19 63 1 33 25 50 0 0
12 19 63 2 33 100 200 0 0
12 19 63 3 33 50 100 0 0
12 19 64 0 33 50 100 0 0
12 19 64 1 33 25 50 0 0
12 19 64 2 33 100 200 0 0
12 19 64 3 33 50 100 0 0
13 19 1 0 4 100 100 0 0
13 19 1 1 4 50 50 0 0
13 19 1 2 4 200 200 0 0
13 19 1 3 4 100 100 0 0
13 19 3 0 5 50 100 0 0
13 19 3 1 5 25 50 0 0
13 19 3 2 5 100 200 0 0
13 19 3 3 5 50 100 0 0
13 19 18 0 49 100 200 0 0
13 19 18 1 49 50 100 0 0
13 19 18 2 49 200 400 0 0
13 19 18 3 49 100 200 0 0
13 19 23 0 6 100 100 0 0
13 19 23 1 6 50 50 0 0
13 19 23 2 6 200 200 0 0
13 19 23 3 6 100 100 0 0
13 19 43 0 29 50 200 0 0
13 19 43 1 29 25 100 0 0
13 19 43 2 29 100 400 0 0
13 19 43 3 29 50 200 0 0
13 19 50 0 144 50 200 0 0
13 19 50 1 144 25 100 0 0
13 19 50 2 144 100 400 0 0
13 19 50 3 144 50 200 0 0
13 19 63 0 34 50 100 0 0
13 19 63 1 34 25 50 0 0
13 19 63 2 34 100 200 0 0
13 19 63 3 34 50 100 0 0
13 19 64 0 34 50 100 0 0
13 19 64 1 34 25 50 0 0
13 19 64 2 34 100 200 0 0
13 19 64 3 34 50 100 0 0
14 19 1 0 4 100 100 0 0
14 19 1 1 4 50 50 0 0
14 19 1 2 4 200 200 0 0
14 19 1 3 4 100 100 0 0
14 19 3 0 5 50 100 0 0
14 19 3 1 5 25 50 0 0
14 19 3 2 5 100 200 0 0
14 19 3 3 5 50 100 0 0
14 19 18 0 50 100 200 0 0
14 19 18 1 50 50 100 0 0
14 19 18 2 50 200 400 0 0
14 19 18 3 50 100 200 0 0
14 19 23 0 7 100 100 0 0
14 19 23 1 7 50 50 0 0
14 19 23 2 7 200 200 0 0
14 19 23 3 7 100 100 0 0
14 19 43 0 30 50 200 0 0
14 19 43 1 30 25 100 0 0
14 19 43 2 30 100 400 0 0
14 19 43 3 30 50 200 0 0
14 19 50 0 145 50 200 0 0
14 19 50 1 145 25 100 0 0
14 19 50 2 145 100 400 0 0
14 19 50 3 145 50 200 0 0
14 19 63 0 35 50 100 0 0
14 19 63 1 35 25 50 0 0
14 19 63 2 35 100 200 0 0
14 19 63 3 35 50 100 0 0
14 19 64 0 35 50 100 0 0
14 19 64 1 35 25 50 0 0
14 19 64 2 35 100 200 0 0
14 19 64 3 35 50 100 0 0
15 19 1 0 4 100 100 0 0
15 19 1 1 4 50 50 0 0
15 19 1 2 4 200 200 0 0
15 19 1 3 4 100 100 0 0
15 19 3 0 6 50 100 0 0
15 19 3 1 6 25 50 0 0
15 19 3 2 6 100 200 0 0
15 19 3 3 6 50 100 0 0
15 19 18 0 51 100 200 0 0
15 19 18 1 51 50 100 0 0
15 19 18 2 51 200 400 0 0
15 19 18 3 51 100 200 0 0
15 19 23 0 7 100 100 0 0
15 19 23 1 7 50 50 0 0
15 19 23 2 7 200 200 0 0
15 19 23 3 7 100 100 0 0
15 19 43 0 31 50 200 0 0
15 19 43 1 31 25 100 0 0
15 19 43 2 31 100 400 0 0
15 19 43 3 31 50 200 0 0
15 19 50 0 146 50 200 0 0
15 19 50 1 146 25 100 0 0
15 19 50 2 146 100 400 0 0
15 19 50 3 146 50 200 0 0
15 19 63 0 36 50 100 0 0
15 19 63 1 36 25 50 0 0
15 19 63 2 36 100 200 0 0
15 19 63 3 36 50 100 0 0
15 19 64 0 36 50 100 0 0
15 19 64 1 36 25 50 0 0
15 19 64 2 36 100 200 0 0
15 19 64 3 36 50 100 0 0
16 19 1 0 5 100 100 0 0
16 19 1 1 5 50 50 0 0
16 19 1 2 5 200 200 0 0
16 19 1 3 5 100 100 0 0
16 19 3 0 6 50 100 0 0
16 19 3 1 6 25 50 0 0
16 19 3 2 6 100 200 0 0
16 19 3 3 6 50 100 0 0
16 19 18 0 52 100 200 0 0
16 19 18 1 52 50 100 0 0
16 19 18 2 52 200 400 0 0
16 19 18 3 52 100 200 0 0
16 19 23 0 8 100 100 0 0
16 19 23 1 8 50 50 0 0
16 19 23 2 8 200 200 0 0
16 19 23 3 8 100 100 0 0
16 19 43 0 32 50 200 0 0
16 19 43 1 32 25 100 0 0
16 19 43 2 32 100 400 0 0
16 19 43 3 32 50 200 0 0
16 19 50 0 147 50 200 0 0
16 19 50 1 147 25 100 0 0
16 19 50 2 147 100 400 0 0
16 19 50 3 147 50 200 0 0
16 19 63 0 37 50 100 0 0
16 19 63 1 37 25 50 0 0
16 19 63 2 37 100 200 0 0
16 19 63 3 37 50 100 0 0
16 19 64 0 37 50 100 0 0
16 19 64 1 37 25 50 0 0
16 19 64 2 37 100 200 0 0
16 19 64 3 37 50 100 0 0
17 19 1 0 5 100 100 0 0
17 19 1 1 5 50 50 0 0
17 19 1 2 5 200 200 0 0
17 19 1 3 5 100 100 0 0
17 19 3 0 7 50 100 0 0
17 19 3 1 7 25 50 0 0
17 19 3 2 7 100 200 0 0
17 19 3 3 7 50 100 0 0
17 19 18 0 53 100 200 0 0
17 19 18 1 53 50 100 0 0
17 19 18 2 53 200 400 0 0
17 19 18 3 53 100 200 0 0
17 19 23 0 8 100 100 0 0
17 19 23 1 8 50 50 0 0
17 19 23 2 8 200 200 0 0
17 19 23 3 8 100 100 0 0
17 19 43 0 33 50 200 0 0
17 19 43 1 33 25 100 0 0
17 19 43 2 33 100 400 0 0
17 19 43 3 33 50 200 0 0
17 19 50 0 148 50 200 0 0
17 19 50 1 148 25 100 0 0
17 19 50 2 148 100 400 0 0
17 19 50 3 148 50 200 0 0
17 19 63 0 38 50 100 0 0
17 19 63 1 38 25 50 0 0
17 19 63 2 38 100 200 0 0
17 19 63 3 38 50 100 0 0
17 19 64 0 38 50 100 0 0
17 19 64 1 38 25 50 0 0
17 19 64 2 38 100 200 0 0
17 19 64 3 38 50 100 0 0
18 19 1 0 5 100 100 0 0
18 19 1 1 5 50 50 0 0
18 19 1 2 5 200 200 0 0
18 19 1 3 5 100 100 0 0
18 19 3 0 7 50 100 0 0
18 19 3 1 7 25 50 0 0
18 19 3 2 7 100 200 0 0
18 19 3 3 7 50 100 0 0
18 19 18 0 54 100 200 0 0
18 19 18 1 54 50 100 0 0
18 19 18 2 54 200 400 0 0
18 19 18 3 54 100 200 0 0
18 19 23 0 9 100 100 0 0
18 19 23 1 9 50 50 0 0
18 19 23 2 9 200 200 0 0
18 19 23 3 9 100 100 0 0
18 19 43 0 34 50 200 0 0
18 19 43 1 34 25 100 0 0
18 19 43 2 34 100 400 0 0
18 19 43 3 34 50 200 0 0
18 19 50 0 149 50 200 0 0
18 19 50 1 149 25 100 0 0
18 19 50 2 149 100 400 0 0
18 19 50 3 149 50 200 0 0
18 19 63 0 39 50 100 0 0
18 19 63 1 39 25 50 0 0
18 19 63 2 39 100 200 0 0
18 19 63 3 39 50 100 0 0
18 19 64 0 39 50 100 0 0
18 19 64 1 39 25 50 0 0
18 19 64 2 39 100 200 0 0
18 19 64 3 39 50 100 0 0
19 19 1 0 6 100 100 0 0
19 19 1 1 6 50 50 0 0
19 19 1 2 6 200 200 0 0
19 19 1 3 6 100 100 0 0
19 19 3 0 8 50 100 0 0
19 19 3 1 8 25 50 0 0
19 19 3 2 8 100 200 0 0
19 19 3 3 8 50 100 0 0
19 19 18 0 55 100 200 0 0
19 19 18 1 55 50 100 0 0
19 19 18 2 55 200 400 0 0
19 19 18 3 55 100 200 0 0
19 19 23 0 10 100 100 0 0
19 19 23 1 10 50 50 0 0
19 19 23 2 10 200 200 0 0
19 19 23 3 10 100 100 0 0
19 19 43 0 35 50 200 0 0
19 19 43 1 35 25 100 0 0
19 19 43 2 35 100 400 0 0
19 19 43 3 35 50 200 0 0
19 19 50 0 150 50 200 0 0
19 19 50 1 150 25 100 0 0
19 19 50 2 150 100 400 0 0
19 19 50 3 150 50 200 0 0
19 19 63 0 40 50 100 0 0
19 19 63 1 40 25 50 0 0
19 19 63 2 40 100 200 0 0
19 19 63 3 40 50 100 0 0
19 19 64 0 40 50 100 0 0
19 19 64 1 40 25 50 0 0
19 19 64 2 40 100 200 0 0
19 19 64 3 40 50 100 0 0
20 19 1 0 7 100 100 0 0
20 19 1 1 7 50 50 0 0
20 19 1 2 7 200 200 0 0
20 19 1 3 7 100 100 0 0
20 19 3 0 9 50 100 0 0
20 19 3 1 9 25 50 0 0
20 19 3 2 9 100 200 0 0
20 19 3 3 9 50 100 0 0
20 19 18 0 57 100 200 0 0
20 19 18 1 57 50 100 0 0
20 19 18 2 57 200 400 0 0
20 19 18 3 57 100 200 0 0
20 19 23 0 11 100 100 0 0
20 19 23 1 11 50 50 0 0
20 19 23 2 11 200 200 0 0
20 19 23 3 11 100 100 0 0
20 19 43 0 36 50 200 0 0
20 19 43 1 36 25 100 0 0
20 19 43 2 36 100 400 0 0
20 19 43 3 36 50 200 0 0
20 19 50 0 157 50 200 0 0
20 19 50 1 157 25 100 0 0
20 19 50 2 157 100 400 0 0
20 19 50 3 157 50 200 0 0
20 19 63 0 42 50 100 0 0
20 19 63 1 42 25 50 0 0
20 19 63 2 42 100 200 0 0
20 19 63 3 42 50 100 0 0
20 19 64 0 42 50 100 0 0
20 19 64 1 42 25 50 0 0
20 19 64 2 42 100 200 0 0
20 19 64 3 42 50 100 0 0
1 25 1 0 1 100 100 0 0
1 25 1 1 1 50 50 0 0
1 25 1 2 1 200 200 0 0
1 25 1 3 1 100 100 0 0
1 25 3 0 1 50 100 0 0
1 25 3 1 1 25 50 0 0
1 25 3 2 1 100 200 0 0
1 25 3 3 1 50 100 0 0
1 25 18 0 31 100 200 0 0
1 25 18 1 31 50 100 0 0
1 25 18 2 31 200 400 0 0
1 25 18 3 31 100 200 0 0
1 25 23 0 1 100 100 0 0
1 25 23 1 1 50 50 0 0
1 25 23 2 1 200 200 0 0
1 25 23 3 1 100 100 0 0
1 25 43 0 11 50 200 0 0
1 25 43 1 11 25 100 0 0
1 25 43 2 11 100 400 0 0
1 25 43 3 11 50 200 0 0
1 25 50 0 126 50 200 0 0
1 25 50 1 126 25 100 0 0
1 25 50 2 126 100 400 0 0
1 25 50 3 126 50 200 0 0
1 25 63 0 16 50 100 0 0
1 25 63 1 16 25 50 0 0
1 25 63 2 16 100 200 0 0
1 25 63 3 16 50 100 0 0
1 25 64 0 16 50 100 0 0
1 25 64 1 16 25 50 0 0
1 25 64 2 16 100 200 0 0
1 25 64 3 16 50 100 0 0
2 25 1 0 1 100 100 0 0
2 25 1 1 1 50 50 0 0
2 25 1 2 1 200 200 0 0
2 25 1 3 1 100 100 0 0
2 25 3 0 1 50 100 0 0
2 25 3 1 1 25 50 0 0
2 25 3 2 1 100 200 0 0
2 25 3 3 1 50 100 0 0
2 25 18 0 32 100 200 0 0
2 25 18 1 32 50 100 0 0
2 25 18 2 32 200 400 0 0
2 25 18 3 32 100 200 0 0
2 25 23 0 1 100 100 0 0
2 25 23 1 1 50 50 0 0
2 25 23 2 1 200 200 0 0
2 25 23 3 1 100 100 0 0
2 25 43 0 12 50 200 0 0
2 25 43 1 12 25 100 0 0
2 25 43 2 12 100 400 0 0
2 25 43 3 12 50 200 0 0
2 25 50 0 127 50 200 0 0
2 25 50 1 127 25 100 0 0
2 25 50 2 127 100 400 0 0
2 25 50 3 127 50 200 0 0
2 25 63 0 17 50 100 0 0
2 25 63 1 17 25 50 0 0
2 25 63 2 17 100 200 0 0
2 25 63 3 17 50 100 0 0
2 25 64 0 17 50 100 0 0
2 25 64 1 17 25 50 0 0
2 25 64 2 17 100 200 0 0
2 25 64 3 17 50 100 0 0
3 25 1 0 1 100 100 0 0
3 25 1 1 1 50 50 0 0
3 25 1 2 1 200 200 0 0
3 25 1 3 1 100 100 0 0
3 25 3 0 1 50 100 0 0
3 25 3 1 1 25 50 0 0
3 25 3 2 1 100 200 0 0
3 25 3 3 1 50 100 0 0
3 25 18 0 33 100 200 0 0
3 25 18 1 33 50 100 0 0
3 25 18 2 33 200 400 0 0
3 25 18 3 33 100 200 0 0
3 25 23 0 1 100 100 0 0
3 25 23 1 1 50 50 0 0
3 25 23 2 1 200 200 0 0
3 25 23 3 1 100 100 0 0
3 25 43 0 13 50 200 0 0
3 25 43 1 13 25 100 0 0
3 25 43 2 13 100 400 0 0
3 25 43 3 13 50 200 0 0
3 25 50 0 128 50 200 0 0
3 25 50 1 128 25 100 0 0
3 25 50 2 128 100 400 0 0
3 25 50 3 128 50 200 0 0
3 25 63 0 18 50 100 0 0
3 25 63 1 18 25 50 0 0
3 25 63 2 18 100 200 0 0
3 25 63 3 18 50 100 0 0
3 25 64 0 18 50 100 0 0
3 25 64 1 18 25 50 0 0
3 25 64 2 18 100 200 0 0
3 25 64 3 18 50 100 0 0
4 25 1 0 1 100 100 0 0
4 25 1 1 1 50 50 0 0
4 25 1 2 1 200 200 0 0
4 25 1 3 1 100 100 0 0
4 25 3 0 1 50 100 0 0
4 25 3 1 1 25 50 0 0
4 25 3 2 1 100 200 0 0
4 25 3 3 1 50 100 0 0
4 25 18 0 34 100 200 0 0
4 25 18 1 34 50 100 0 0
4 25 18 2 34 200 400 0 0
4 25 18 3 34 100 200 0 0
4 25 23 0 1 100 100 0 0
4 25 23 1 1 50 50 0 0
4 25 23 2 1 200 200 0 0
4 25 23 3 1 100 100 0 0
4 25 43 0 14 50 200 0 0
4 25 43 1 14 25 100 0 0
4 25 43 2 14 100 400 0 0
4 25 43 3 14 50 200 0 0
4 25 50 0 129 50 200 0 0
4 25 50 1 129 25 100 0 0
4 25 50 2 129 100 400 0 0
4 25 50 3 129 50 200 0 0
4 25 63 0 19 50 100 0 0
4 25 63 1 19 25 50 0 0
4 25 63 2 19 100 200 0 0
4 25 63 3 19 50 100 0 0
4 25 64 0 19 50 100 0 0
4 25 64 1 19 25 50 0 0
4 25 64 2 19 100 200 0 0
4 25 64 3 19 50 100 0 0
5 25 1 0 1 100 100 0 0
5 25 1 1 1 50 50 0 0
5 25 1 2 1 200 200 0 0
5 25 1 3 1 100 100 0 0
5 25 3 0 1 50 100 0 0
5 25 3 1 1 25 50 0 0
5 25 3 2 1 100 200 0 0
5 25 3 3 1 50 100 0 0
5 25 18 0 35 100 200 0 0
5 25 18 1 35 50 100 0 0
5 25 18 2 35 200 400 0 0
5 25 18 3 35 100 200 0 0
5 25 23 0 2 100 100 0 0
5 25 23 1 2 50 50 0 0
5 25 23 2 2 200 200 0 0
5 25 23 3 2 100 100 0 0
5 25 43 0 15 50 200 0 0
5 25 43 1 15 25 100 0 0
5 25 43 2 15 100 400 0 0
5 25 43 3 15 50 200 0 0
5 25 50 0 130 50 200 0 0
5 25 50 1 130 25 100 0 0
5 25 50 2 130 100 400 0 0
5 25 50 3 130 50 200 0 0
5 25 63 0 20 50 100 0 0
5 25 63 1 20 25 50 0 0
5 25 63 2 20 100 200 0 0
5 25 63 3 20 50 100 0 0
5 25 64 0 20 50 100 0 0
5 25 64 1 20 25 50 0 0
5 25 64 2 20 100 200 0 0
5 25 64 3 20 50 100 0 0
6 25 1 0 1 100 100 0 0
6 25 1 1 1 50 50 0 0
6 25 1 2 1 200 200 0 0
6 25 1 3 1 100 100 0 0
6 25 3 0 1 50 100 0 0
6 25 3 1 1 25 50 0 0
6 25 3 2 1 100 200 0 0
6 25 3 3 1 50 100 0 0
6 25 18 0 36 100 200 0 0
6 25 18 1 36 50 100 0 0
6 25 18 2 36 200 400 0 0
6 25 18 3 36 100 200 0 0
6 25 23 0 2 100 100 0 0
6 25 23 1 2 50 50 0 0
6 25 23 2 2 200 200 0 0
6 25 23 3 2 100 100 0 0
6 25 43 0 16 50 200 0 0
6 25 43 1 16 25 100 0 0
6 25 43 2 16 100 400 0 0
6 25 43 3 16 50 200 0 0
6 25 50 0 131 50 200 0 0
6 25 50 1 131 25 100 0 0
6 25 50 2 131 100 400 0 0
6 25 50 3 131 50 200 0 0
6 25 63 0 21 50 100 0 0
6 25 63 1 21 25 50 0 0
6 25 63 2 21 100 200 0 0
6 25 63 3 21 50 100 0 0
6 25 64 0 21 50 100 0 0
6 25 64 1 21 25 50 0 0
6 25 64 2 21 100 200 0 0
6 25 64 3 21 50 100 0 0
7 25 1 0 1 100 100 0 0
7 25 1 1 1 50 50 0 0
7 25 1 2 1 200 200 0 0
7 25 1 3 1 100 100 0 0
7 25 3 0 2 50 100 0 0
7 25 3 1 2 25 50 0 0
7 25 3 2 2 100 200 0 0
7 25 3 3 2 50 100 0 0
7 25 18 0 37 100 200 0 0
7 25 18 1 37 50 100 0 0
7 25 18 2 37 200 400 0 0
7 25 18 3 37 100 200 0 0
7 25 23 0 2 100 100 0 0
7 25 23 1 2 50 50 0 0
7 25 23 2 2 200 200 0 0
7 25 23 3 2 100 100 0 0
7 25 43 0 17 50 200 0 0
7 25 43 1 17 25 100 0 0
7 25 43 2 17 100 400 0 0
7 25 43 3 17 50 200 0 0
7 25 50 0 132 50 200 0 0
7 25 50 1 132 25 100 0 0
7 25 50 2 132 100 400 0 0
7 25 50 3 132 50 200 0 0
7 25 63 0 22 50 100 0 0
7 25 63 1 22 25 50 0 0
7 25 63 2 22 100 200 0 0
7 25 63 3 22 50 100 0 0
7 25 64 0 22 50 100 0 0
7 25 64 1 22 25 50 0 0
7 25 64 2 22 100 200 0 0
7 25 64 3 22 50 100 0 0
8 25 1 0 1 100 100 0 0
8 25 1 1 1 50 50 0 0
8 25 1 2 1 200 200 0 0
8 25 1 3 1 100 100 0 0
8 25 3 0 2 50 100 0 0
8 25 3 1 2 25 50 0 0
8 25 3 2 2 100 200 0 0
8 25 3 3 2 50 100 0 0
8 25 18 0 38 100 200 0 0
8 25 18 1 38 50 100 0 0
8 25 18 2 38 200 400 0 0
8 25 18 3 38 100 200 0 0
8 25 23 0 3 100 100 0 0
8 25 23 1 3 50 50 0 0
8 25 23 2 3 200 200 0 0
8 25 23 3 3 100 100 0 0
8 25 43 0 18 50 200 0 0
8 25 43 1 18 25 100 0 0
8 25 43 2 18 100 400 0 0
8 25 43 3 18 50 200 0 0
8 25 50 0 133 50 200 0 0
8 25 50 1 133 25 100 0 0
8 25 50 2 133 100 400 0 0
8 25 50 3 133 50 200 0 0
8 25 63 0 23 50 100 0 0
8 25 63 1 23 25 50 0 0
8 25 63 2 23 100 200 0 0
8 25 63 3 23 50 100 0 0
8 25 64 0 23 50 100 0 0
8 25 64 1 23 25 50 0 0
8 25 64 2 23 100 200 0 0
8 25 64 3 23 50 100 0 0
9 25 1 0 2 100 100 0 0
9 25 1 1 2 50 50 0 0
9 25 1 2 2 200 200 0 0
9 25 1 3 2 100 100 0 0
9 25 3 0 2 50 100 0 0
9 25 3 1 2 25 50 0 0
9 25 3 2 2 100 200 0 0
9 25 3 3 2 50 100 0 0
9 25 18 0 39 100 200 0 0
9 25 18 1 39 50 100 0 0
9 25 18 2 39 200 400 0 0
9 25 18 3 39 100 200 0 0
9 25 23 0 3 100 100 0 0
9 25 23 1 3 50 50 0 0
9 25 23 2 3 200 200 0 0
9 25 23 3 3 100 100 0 0
9 25 43 0 19 50 200 0 0
9 25 43 1 19 25 100 0 0
9 25 43 2 19 100 400 0 0
9 25 43 3 19 50 200 0 0
9 25 50 0 134 50 200 0 0
9 25 50 1 134 25 100 0 0
9 25 50 2 134 100 400 0 0
9 25 50 3 134 50 200 0 0
9 25 63 0 24 50 100 0 0
9 25 63 1 24 25 50 0 0
9 25 63 2 24 100 200 0 0
9 25 63 3 24 50 100 0 0
9 25 64 0 24 50 100 0 0
9 25 64 1 24 25 50 0 0
9 25 64 2 24 100 200 0 0
9 25 64 3 24 50 100 0 0
10 25 1 0 2 100 100 0 0
10 25 1 1 2 50 50 0 0
10 25 1 2 2 200 200 0 0
10 25 1 3 2 100 100 0 0
10 25 3 0 3 50 100 0 0
10 25 3 1 3 25 50 0 0
10 25 3 2 3 100 200 0 0
10 25 3 3 3 50 100 0 0
10 25 18 0 40 100 200 0 0
10 25 18 1 40 50 100 0 0
10 25 18 2 40 200 400 0 0
10 25 18 3 40 100 200 0 0
10 25 23 0 4 100 100 0 0
10 25 23 1 4 50 50 0 0
10 25 23 2 4 200 200 0 0
10 25 23 3 4 100 100 0 0
10 25 43 0 20 50 200 0 0
10 25 43 1 20 25 100 0 0
10 25 43 2 20 100 400 0 0
10 25 43 3 20 50 200 0 0
10 25 50 0 135 50 200 0 0
10 25 50 1 135 25 100 0 0
10 25 50 2 135 100 400 0 0
10 25 50 3 135 50 200 0 0
10 25 63 0 25 50 100 0 0
10 25 63 1 25 25 50 0 0
10 25 63 2 25 100 200 0 0
10 25 63 3 25 50 100 0 0
10 25 64 0 25 50 100 0 0
10 25 64 1 25 25 50 0 0
10 25 64 2 25 100 200 0 0
10 25 64 3 25 50 100 0 0
11 25 1 0 2 100 100 0 0
11 25 1 1 2 50 50 0 0
11 25 1 2 2 200 200 0 0
11 25 1 3 2 100 100 0 0
11 25 3 0 3 50 100 0 0
11 25 3 1 3 25 50 0 0
11 25 3 2 3 100 200 0 0
11 25 3 3 3 50 100 0 0
11 25 18 0 41 100 200 0 0
11 25 18 1 41 50 100 0 0
11 25 18 2 41 200 400 0 0
11 25 18 3 41 100 200 0 0
11 25 23 0 4 100 100 0 0
11 25 23 1 4 50 50 0 0
11 25 23 2 4 200 200 0 0
11 25 23 3 4 100 100 0 0
11 25 43 0 21 50 200 0 0
11 25 43 1 21 25 100 0 0
11 25 43 2 21 100 400 0 0
11 25 43 3 21 50 200 0 0
11 25 50 0 136 50 200 0 0
11 25 50 1 136 25 100 0 0
11 25 50 2 136 100 400 0 0
11 25 50 3 136 50 200 0 0
11 25 63 0 26 50 100 0 0
11 25 63 1 26 25 50 0 0
11 25 63 2 26 100 200 0 0
11 25 63 3 26 50 100 0 0
11 25 64 0 26 50 100 0 0
11 25 64 1 26 25 50 0 0
11 25 64 2 26 100 200 0 0
11 25 64 3 26 50 100 0 0
12 25 1 0 2 100 100 0 0
12 25 1 1 2 50 50 0 0
12 25 1 2 2 200 200 0 0
12 25 1 3 2 100 100 0 0
12 25 3 0 3 50 100 0 0
12 25 3 1 3 25 50 0 0
12 25 3 2 3 100 200 0 0
12 25 3 3 3 50 100 0 0
12 25 18 0 42 100 200 0 0
12 25 18 1 42 50 100 0 0
12 25 18 2 42 200 400 0 0
12 25 18 3 42 100 200 0 0
12 25 23 0 4 100 100 0 0
12 25 23 1 4 50 50 0 0
12 25 23 2 4 200 200 0 0
12 25 23 3 4 100 100 0 0
12 25 43 0 22 50 200 0 0
12 25 43 1 22 25 100 0 0
12 25 43 2 22 100 400 0 0
12 25 43 3 22 50 200 0 0
12 25 50 0 137 50 200 0 0
12 25 50 1 137 25 100 0 0
12 25 50 2 137 100 400 0 0
12 25 50 3 137 50 200 0 0
12 25 63 0 27 50 100 0 0
12 25 63 1 27 25 50 0 0
12 25 63 2 27 100 200 0 0
12 25 63 3 27 50 100 0 0
12 25 64 0 27 50 100 0 0
12 25 64 1 27 25 50 0 0
12 25 64 2 27 100 200 0 0
12 25 64 3 27 50 100 0 0
13 25 1 0 3 100 100 0 0
13 25 1 1 3 50 50 0 0
13 25 1 2 3 200 200 0 0
13 25 1 3 3 100 100 0 0
13 25 3 0 4 50 100 0 0
13 25 3 1 4 25 50 0 0
13 25 3 2 4 100 200 0 0
13 25 3 3 4 50 100 0 0
13 25 18 0 43 100 200 0 0
13 25 18 1 43 50 100 0 0
13 25 18 2 43 200 400 0 0
13 25 18 3 43 100 200 0 0
13 25 23 0 5 100 100 0 0
13 25 23 1 5 50 50 0 0
13 25 23 2 5 200 200 0 0
13 25 23 3 5 100 100 0 0
13 25 43 0 23 50 200 0 0
13 25 43 1 23 25 100 0 0
13 25 43 2 23 100 400 0 0
13 25 43 3 23 50 200 0 0
13 25 50 0 138 50 200 0 0
13 25 50 1 138 25 100 0 0
13 25 50 2 138 100 400 0 0
13 25 50 3 138 50 200 0 0
13 25 63 0 28 50 100 0 0
13 25 63 1 28 25 50 0 0
13 25 63 2 28 100 200 0 0
13 25 63 3 28 50 100 0 0
13 25 64 0 28 50 100 0 0
13 25 64 1 28 25 50 0 0
13 25 64 2 28 100 200 0 0
13 25 64 3 28 50 100 0 0
14 25 1 0 3 100 100 0 0
14 25 1 1 3 50 50 0 0
14 25 1 2 3 200 200 0 0
14 25 1 3 3 100 100 0 0
14 25 3 0 4 50 100 0 0
14 25 3 1 4 25 50 0 0
14 25 3 2 4 100 200 0 0
14 25 3 3 4 50 100 0 0
14 25 18 0 44 100 200 0 0
14 25 18 1 44 50 100 0 0
14 25 18 2 44 200 400 0 0
14 25 18 3 44 100 200 0 0
14 25 23 0 5 100 100 0 0
14 25 23 1 5 50 50 0 0
14 25 23 2 5 200 200 0 0
14 25 23 3 5 100 100 0 0
14 25 43 0 24 50 200 0 0
14 25 43 1 24 25 100 0 0
14 25 43 2 24 100 400 0 0
14 25 43 3 24 50 200 0 0
14 25 50 0 139 50 200 0 0
14 25 50 1 139 25 100 0 0
14 25 50 2 139 100 400 0 0
14 25 50 3 139 50 200 0 0
14 25 63 0 29 50 100 0 0
14 25 63 1 29 25 50 0 0
14 25 63 2 29 100 200 0 0
14 25 63 3 29 50 100 0 0
14 25 64 0 29 50 100 0 0
14 25 64 1 29 25 50 0 0
14 25 64 2 29 100 200 0 0
14 25 64 3 29 50 100 0 0
15 25 1 0 3 100 100 0 0
15 25 1 1 3 50 50 0 0
15 25 1 2 3 200 200 0 0
15 25 1 3 3 100 100 0 0
15 25 3 0 4 50 100 0 0
15 25 3 1 4 25 50 0 0
15 25 3 2 4 100 200 0 0
15 25 3 3 4 50 100 0 0
15 25 18 0 45 100 200 0 0
15 25 18 1 45 50 100 0 0
15 25 18 2 45 200 400 0 0
15 25 18 3 45 100 200 0 0
15 25 23 0 6 100 100 0 0
15 25 23 1 6 50 50 0 0
15 25 23 2 6 200 200 0 0
15 25 23 3 6 100 100 0 0
15 25 43 0 25 50 200 0 0
15 25 43 1 25 25 100 0 0
15 25 43 2 25 100 400 0 0
15 25 43 3 25 50 200 0 0
15 25 50 0 140 50 200 0 0
15 25 50 1 140 25 100 0 0
15 25 50 2 140 100 400 0 0
15 25 50 3 140 50 200 0 0
15 25 63 0 30 50 100 0 0
15 25 63 1 30 25 50 0 0
15 25 63 2 30 100 200 0 0
15 25 63 3 30 50 100 0 0
15 25 64 0 30 50 100 0 0
15 25 64 1 30 25 50 0 0
15 25 64 2 30 100 200 0 0
15 25 64 3 30 50 100 0 0
16 25 1 0 3 100 100 0 0
16 25 1 1 3 50 50 0 0
16 25 1 2 3 200 200 0 0
16 25 1 3 3 100 100 0 0
16 25 3 0 5 50 100 0 0
16 25 3 1 5 25 50 0 0
16 25 3 2 5 100 200 0 0
16 25 3 3 5 50 100 0 0
16 25 18 0 46 100 200 0 0
16 25 18 1 46 50 100 0 0
16 25 18 2 46 200 400 0 0
16 25 18 3 46 100 200 0 0
16 25 23 0 6 100 100 0 0
16 25 23 1 6 50 50 0 0
16 25 23 2 6 200 200 0 0
16 25 23 3 6 100 100 0 0
16 25 43 0 26 50 200 0 0
16 25 43 1 26 25 100 0 0
16 25 43 2 26 100 400 0 0
16 25 43 3 26 50 200 0 0
16 25 50 0 141 50 200 0 0
16 25 50 1 141 25 100 0 0
16 25 50 2 141 100 400 0 0
16 25 50 3 141 50 200 0 0
16 25 63 0 31 50 100 0 0
16 25 63 1 31 25 50 0 0
16 25 63 2 31 100 200 0 0
16 25 63 3 31 50 100 0 0
16 25 64 0 31 50 100 0 0
16 25 64 1 31 25 50 0 0
16 25 64 2 31 100 200 0 0
16 25 64 3 31 50 100 0 0
17 25 1 0 4 100 100 0 0
17 25 1 1 4 50 50 0 0
17 25 1 2 4 200 200 0 0
17 25 1 3 4 100 100 0 0
17 25 3 0 5 50 100 0 0
17 25 3 1 5 25 50 0 0
17 25 3 2 5 100 200 0 0
17 25 3 3 5 50 100 0 0
17 25 18 0 47 100 200 0 0
17 25 18 1 47 50 100 0 0
17 25 18 2 47 200 400 0 0
17 25 18 3 47 100 200 0 0
17 25 23 0 6 100 100 0 0
17 25 23 1 6 50 50 0 0
17 25 23 2 6 200 200 0 0
17 25 23 3 6 100 100 0 0
17 25 43 0 27 50 200 0 0
17 25 43 1 27 25 100 0 0
17 25 43 2 27 100 400 0 0
17 25 43 3 27 50 200 0 0
17 25 50 0 142 50 200 0 0
17 25 50 1 142 25 100 0 0
17 25 50 2 142 100 400 0 0
17 25 50 3 142 50 200 0 0
17 25 63 0 32 50 100 0 0
17 25 63 1 32 25 50 0 0
17 25 63 2 32 100 200 0 0
17 25 63 3 32 50 100 0 0
17 25 64 0 32 50 100 0 0
17 25 64 1 32 25 50 0 0
17 25 64 2 32 100 200 0 0
17 25 64 3 32 50 100 0 0
18 25 1 0 4 100 100 0 0
18 25 1 1 4 50 50 0 0
18 25 1 2 4 200 200 0 0
18 25 1 3 4 100 100 0 0
18 25 3 0 5 50 100 0 0
18 25 3 1 5 25 50 0 0
18 25 3 2 5 100 200 0 0
18 25 3 3 5 50 100 0 0
18 25 18 0 48 100 200 0 0
18 25 18 1 48 50 100 0 0
18 25 18 2 48 200 400 0 0
18 25 18 3 48 100 200 0 0
18 25 23 0 7 100 100 0 0
18 25 23 1 7 50 50 0 0
18 25 23 2 7 200 200 0 0
18 25 23 3 7 100 100 0 0
18 25 43 0 28 50 200 0 0
18 25 43 1 28 25 100 0 0
18 25 43 2 28 100 400 0 0
18 25 43 3 28 50 200 0 0
18 25 50 0 143 50 200 0 0
18 25 50 1 143 25 100 0 0
18 25 50 2 143 100 400 0 0
18 25 50 3 143 50 200 0 0
18 25 63 0 33 50 100 0 0
18 25 63 1 33 25 50 0 0
18 25 63 2 33 100 200 0 0
18 25 63 3 33 50 100 0 0
18 25 64 0 33 50 100 0 0
18 25 64 1 33 25 50 0 0
18 25 64 2 33 100 200 0 0
18 25 64 3 33 50 100 0 0
19 25 1 0 4 100 100 0 0
19 25 1 1 4 50 50 0 0
19 25 1 2 4 200 200 0 0
19 25 1 3 4 100 100 0 0
19 25 3 0 6 50 100 0 0
19 25 3 1 6 25 50 0 0
19 25 3 2 6 100 200 0 0
19 25 3 3 6 50 100 0 0
19 25 18 0 49 100 200 0 0
19 25 18 1 49 50 100 0 0
19 25 18 2 49 200 400 0 0
19 25 18 3 49 100 200 0 0
19 25 23 0 7 100 100 0 0
19 25 23 1 7 50 50 0 0
19 25 23 2 7 200 200 0 0
19 25 23 3 7 100 100 0 0
19 25 43 0 29 50 200 0 0
19 25 43 1 29 25 100 0 0
19 25 43 2 29 100 400 0 0
19 25 43 3 29 50 200 0 0
19 25 50 0 144 50 200 0 0
19 25 50 1 144 25 100 0 0
19 25 50 2 144 100 400 0 0
19 25 50 3 144 50 200 0 0
19 25 63 0 34 50 100 0 0
19 25 63 1 34 25 50 0 0
19 25 63 2 34 100 200 0 0
19 25 63 3 34 50 100 0 0
19 25 64 0 34 50 100 0 0
19 25 64 1 34 25 50 0 0
19 25 64 2 34 100 200 0 0
19 25 64 3 34 50 100 0 0
20 25 1 0 4 100 100 0 0
20 25 1 1 4 50 50 0 0
20 25 1 2 4 200 200 0 0
20 25 1 3 4 100 100 0 0
20 25 3 0 6 50 100 0 0
20 25 3 1 6 25 50 0 0
20 25 3 2 6 100 200 0 0
20 25 3 3 6 50 100 0 0
20 25 18 0 50 100 200 0 0
20 25 18 1 50 50 100 0 0
20 25 18 2 50 200 400 0 0
20 25 18 3 50 100 200 0 0
20 25 23 0 8 100 100 0 0
20 25 23 1 8 50 50 0 0
20 25 23 2 8 200 200 0 0
20 25 23 3 8 100 100 0 0
20 25 43 0 30 50 200 0 0
20 25 43 1 30 25 100 0 0
20 25 43 2 30 100 400 0 0
20 25 43 3 30 50 200 0 0
20 25 50 0 145 50 200 0 0
20 25 50 1 145 25 100 0 0
20 25 50 2 145 100 400 0 0
20 25 50 3 145 50 200 0 0
20 25 63 0 35 50 100 0 0
20 25 63 1 35 25 50 0 0
20 25 63 2 35 100 200 0 0
20 25 63 3 35 50 100 0 0
20 25 64 0 35 50 100 0 0
20 25 64 1 35 25 50 0 0
20 25 64 2 35 100 200 0 0
20 25 64 3 35 50 100 0 0
21 25 1 0 5 100 100 0 0
21 25 1 1 5 50 50 0 0
21 25 1 2 5 200 200 0 0
21 25 1 3 5 100 100 0 0
21 25 3 0 6 50 100 0 0
21 25 3 1 6 25 50 0 0
21 25 3 2 6 100 200 0 0
21 25 3 3 6 50 100 0 0
21 25 18 0 51 100 200 0 0
21 25 18 1 51 50 100 0 0
21 25 18 2 51 200 400 0 0
21 25 18 3 51 100 200 0 0
21 25 23 0 8 100 100 0 0
21 25 23 1 8 50 50 0 0
21 25 23 2 8 200 200 0 0
21 25 23 3 8 100 100 0 0
21 25 43 0 31 50 200 0 0
21 25 43 1 31 25 100 0 0
21 25 43 2 31 100 400 0 0
21 25 43 3 31 50 200 0 0
21 25 50 0 146 50 200 0 0
21 25 50 1 146 25 100 0 0
21 25 50 2 146 100 400 0 0
21 25 50 3 146 50 200 0 0
21 25 63 0 36 50 100 0 0
21 25 63 1 36 25 50 0 0
21 25 63 2 36 100 200 0 0
21 25 63 3 36 50 100 0 0
21 25 64 0 36 50 100 0 0
21 25 64 1 36 25 50 0 0
21 25 64 2 36 100 200 0 0
21 25 64 3 36 50 100 0 0
22 25 1 0 5 100 100 0 0
22 25 1 1 5 50 50 0 0
22 25 1 2 5 200 200 0 0
22 25 1 3 5 100 100 0 0
22 25 3 0 7 50 100 0 0
22 25 3 1 7 25 50 0 0
22 25 3 2 7 100 200 0 0
22 25 3 3 7 50 100 0 0
22 25 18 0 52 100 200 0 0
22 25 18 1 52 50 100 0 0
22 25 18 2 52 200 400 0 0
22 25 18 3 52 100 200 0 0
22 25 23 0 8 100 100 0 0
22 25 23 1 8 50 50 0 0
22 25 23 2 8 200 200 0 0
22 25 23 3 8 100 100 0 0
22 25 43 0 32 50 200 0 0
22 25 43 1 32 25 100 0 0
22 25 43 2 32 100 400 0 0
22 25 43 3 32 50 200 0 0
22 25 50 0 147 50 200 0 0
22 25 50 1 147 25 100 0 0
22 25 50 2 147 100 400 0 0
22 25 50 3 147 50 200 0 0
22 25 63 0 37 50 100 0 0
22 25 63 1 37 25 50 0 0
22 25 63 2 37 100 200 0 0
22 25 63 3 37 50 100 0 0
22 25 64 0 37 50 100 0 0
22 25 64 1 37 25 50 0 0
22 25 64 2 37 100 200 0 0
22 25 64 3 37 50 100 0 0
23 25 1 0 5 100 100 0 0
23 25 1 1 5 50 50 0 0
23 25 1 2 5 200 200 0 0
23 25 1 3 5 100 100 0 0
23 25 3 0 7 50 100 0 0
23 25 3 1 7 25 50 0 0
23 25 3 2 7 100 200 0 0
23 25 3 3 7 50 100 0 0
23 25 18 0 53 100 200 0 0
23 25 18 1 53 50 100 0 0
23 25 18 2 53 200 400 0 0
23 25 18 3 53 100 200 0 0
23 25 23 0 9 100 100 0 0
23 25 23 1 9 50 50 0 0
23 25 23 2 9 200 200 0 0
23 25 23 3 9 100 100 0 0
23 25 43 0 33 50 200 0 0
23 25 43 1 33 25 100 0 0
23 25 43 2 33 100 400 0 0
23 25 43 3 33 50 200 0 0
23 25 50 0 148 50 200 0 0
23 25 50 1 148 25 100 0 0
23 25 50 2 148 100 400 0 0
23 25 50 3 148 50 200 0 0
23 25 63 0 38 50 100 0 0
23 25 63 1 38 25 50 0 0
23 25 63 2 38 100 200 0 0
23 25 63 3 38 50 100 0 0
23 25 64 0 38 50 100 0 0
23 25 64 1 38 25 50 0 0
23 25 64 2 38 100 200 0 0
23 25 64 3 38 50 100 0 0
24 25 1 0 5 100 100 0 0
24 25 1 1 5 50 50 0 0
24 25 1 2 5 200 200 0 0
24 25 1 3 5 100 100 0 0
24 25 3 0 7 50 100 0 0
24 25 3 1 7 25 50 0 0
24 25 3 2 7 100 200 0 0
24 25 3 3 7 50 100 0 0
24 25 18 0 54 100 200 0 0
24 25 18 1 54 50 100 0 0
24 25 18 2 54 200 400 0 0
24 25 18 3 54 100 200 0 0
24 25 23 0 9 100 100 0 0
24 25 23 1 9 50 50 0 0
24 25 23 2 9 200 200 0 0
24 25 23 3 9 100 100 0 0
24 25 43 0 34 50 200 0 0
24 25 43 1 34 25 100 0 0
24 25 43 2 34 100 400 0 0
24 25 43 3 34 50 200 0 0
24 25 50 0 149 50 200 0 0
24 25 50 1 149 25 100 0 0
24 25 50 2 149 100 400 0 0
24 25 50 3 149 50 200 0 0
24 25 63 0 39 50 100 0 0
24 25 63 1 39 25 50 0 0
24 25 63 2 39 100 200 0 0
24 25 63 3 39 50 100 0 0
24 25 64 0 39 50 100 0 0
24 25 64 1 39 25 50 0 0
24 25 64 2 39 100 200 0 0
24 25 64 3 39 50 100 0 0
25 25 1 0 6 100 100 0 0
25 25 1 1 6 50 50 0 0
25 25 1 2 6 200 200 0 0
25 25 1 3 6 100 100 0 0
25 25 3 0 8 50 100 0 0
25 25 3 1 8 25 50 0 0
25 25 3 2 8 100 200 0 0
25 25 3 3 8 50 100 0 0
25 25 18 0 55 100 200 0 0
25 25 18 1 55 50 100 0 0
25 25 18 2 55 200 400 0 0
25 25 18 3 55 100 200 0 0
25 25 23 0 10 100 100 0 0
25 25 23 1 10 50 50 0 0
25 25 23 2 10 200 200 0 0
25 25 23 3 10 100 100 0 0
25 25 43 0 35 50 200 0 0
25 25 43 1 35 25 100 0 0
25 25 43 2 35 100 400 0 0
25 25 43 3 35 50 200 0 0
25 25 50 0 150 50 200 0 0
25 25 50 1 150 25 100 0 0
25 25 50 2 150 100 400 0 0
25 25 50 3 150 50 200 0 0
25 25 63 0 40 50 100 0 0
25 25 63 1 40 25 50 0 0
25 25 63 2 40 100 200 0 0
25 25 63 3 40 50 100 0 0
25 25 64 0 40 50 100 0 0
25 25 64 1 40 25 50 0 0
25 25 64 2 40 100 200 0 0
25 25 64 3 40 50 100 0 0
26 25 1 0 7 100 100 0 0
26 25 1 1 7 50 50 0 0
26 25 1 2 7 200 200 0 0
26 25 1 3 7 100 100 0 0
26 25 3 0 9 50 100 0 0
26 25 3 1 9 25 50 0 0
26 25 3 2 9 100 200 0 0
26 25 3 3 9 50 100 0 0
26 25 18 0 57 100 200 0 0
26 25 18 1 57 50 100 0 0
26 25 18 2 57 200 400 0 0
26 25 18 3 57 100 200 0 0
26 25 23 0 11 100 100 0 0
26 25 23 1 11 50 50 0 0
26 25 23 2 11 200 200 0 0
26 25 23 3 11 100 100 0 0
26 25 43 0 36 50 200 0 0
26 25 43 1 36 25 100 0 0
26 25 43 2 36 100 400 0 0
26 25 43 3 36 50 200 0 0
26 25 50 0 156 50 200 0 0
26 25 50 1 156 25 100 0 0
26 25 50 2 156 100 400 0 0
26 25 50 3 156 50 200 0 0
26 25 63 0 41 50 100 0 0
26 25 63 1 41 25 50 0 0
26 25 63 2 41 100 200 0 0
26 25 63 3 41 50 100 0 0
26 25 64 0 41 50 100 0 0
26 25 64 1 41 25 50 0 0
26 25 64 2 41 100 200 0 0
26 25 64 3 41 50 100 0 0
1 99 1 0 1 100 100 0 0
1 99 1 1 1 50 50 0 0
1 99 1 2 1 200 200 0 0
1 99 1 3 1 100 100 0 0
1 99 3 0 1 50 100 0 0
1 99 3 1 1 25 50 0 0
1 99 3 2 1 100 200 0 0
1 99 3 3 1 50 100 0 0
1 99 18 0 1 100 200 0 0
1 99 18 1 1 50 100 0 0
1 99 18 2 1 200 400 0 0
1 99 18 3 1 100 200 0 0
1 99 23 0 1 100 100 0 0
1 99 23 1 1 50 50 0 0
1 99 23 2 1 200 200 0 0
1 99 23 3 1 100 100 0 0
1 99 43 0 1 50 200 0 0
1 99 43 1 1 25 100 0 0
1 99 43 2 1 100 400 0 0
1 99 43 3 1 50 200 0 0
1 99 50 0 52 50 200 0 0
1 99 50 1 52 25 100 0 0
1 99 50 2 52 100 400 0 0
1 99 50 3 52 50 200 0 0
1 99 63 0 1 50 100 0 0
1 99 63 1 1 25 50 0 0
1 99 63 2 1 100 200 0 0
1 99 63 3 1 50 100 0 0
1 99 64 0 1 50 100 0 0
1 99 64 1 1 25 50 0 0
1 99 64 2 1 100 200 0 0
1 99 64 3 1 50 100 0 0
2 99 1 0 1 100 100 0 0
2 99 1 1 1 50 50 0 0
2 99 1 2 1 200 200 0 0
2 99 1 3 1 100 100 0 0
2 99 3 0 1 50 100 0 0
2 99 3 1 1 25 50 0 0
2 99 3 2 1 100 200 0 0
2 99 3 3 1 50 100 0 0
2 99 18 0 1 100 200 0 0
2 99 18 1 1 50 100 0 0
2 99 18 2 1 200 400 0 0
2 99 18 3 1 100 200 0 0
2 99 23 0 1 100 100 0 0
2 99 23 1 1 50 50 0 0
2 99 23 2 1 200 200 0 0
2 99 23 3 1 100 100 0 0
2 99 43 0 1 50 200 0 0
2 99 43 1 1 25 100 0 0
2 99 43 2 1 100 400 0 0
2 99 43 3 1 50 200 0 0
2 99 50 0 53 50 200 0 0
2 99 50 1 53 25 100 0 0
2 99 50 2 53 100 400 0 0
2 99 50 3 53 50 200 0 0
2 99 63 0 1 50 100 0 0
2 99 63 1 1 25 50 0 0
2 99 63 2 1 100 200 0 0
2 99 63 3 1 50 100 0 0
2 99 64 0 1 50 100 0 0
2 99 64 1 1 25 50 0 0
2 99 64 2 1 100 200 0 0
2 99 64 3 1 50 100 0 0
3 99 1 0 1 100 100 0 0
3 99 1 1 1 50 50 0 0
3 99 1 2 1 200 200 0 0
3 99 1 3 1 100 100 0 0
3 99 3 0 1 50 100 0 0
3 99 3 1 1 25 50 0 0
3 99 3 2 1 100 200 0 0
3 99 3 3 1 50 100 0 0
3 99 18 0 1 100 200 0 0
3 99 18 1 1 50 100 0 0
3 99 18 2 1 200 400 0 0
3 99 18 3 1 100 200 0 0
3 99 23 0 1 100 100 0 0
3 99 23 1 1 50 50 0 0
3 99 23 2 1 200 200 0 0
3 99 23 3 1 100 100 0 0
3 99 43 0 1 50 200 0 0
3 99 43 1 1 25 100 0 0
3 99 43 2 1 100 400 0 0
3 99 43 3 1 50 200 0 0
3 99 50 0 54 50 200 0 0
3 99 50 1 54 25 100 0 0
3 99 50 2 54 100 400 0 0
3 99 50 3 54 50 200 0 0
3 99 63 0 1 50 100 0 0
3 99 63 1 1 25 50 0 0
3 99 63 2 1 100 200 0 0
3 99 63 3 1 50 100 0 0
3 99 64 0 1 50 100 0 0
3 99 64 1 1 25 50 0 0
3 99 64 2 1 100 200 0 0
3 99 64 3 1 50 100 0 0
4 99 1 0 1 100 100 0 0
4 99 1 1 1 50 50 0 0
4 99 1 2 1 200 200 0 0
4 99 1 3 1 100 100 0 0
4 99 3 0 1 50 100 0 0
4 99 3 1 1 25 50 0 0
4 99 3 2 1 100 200 0 0
4 99 3 3 1 50 100 0 0
4 99 18 0 2 100 200 0 0
4 99 18 1 2 50 100 0 0
4 99 18 2 2 200 400 0 0
4 99 18 3 2 100 200 0 0
4 99 23 0 1 100 100 0 0
4 99 23 1 1 50 50 0 0
4 99 23 2 1 200 200 0 0
4 99 23 3 1 100 100 0 0
4 99 43 0 1 50 200 0 0
4 99 43 1 1 25 100 0 0
4 99 43 2 1 100 400 0 0
4 99 43 3 1 50 200 0 0
4 99 50 0 55 50 200 0 0
4 99 50 1 55 25 100 0 0
4 99 50 2 55 100 400 0 0
4 99 50 3 55 50 200 0 0
4 99 63 0 1 50 100 0 0
4 99 63 1 1 25 50 0 0
4 99 63 2 1 100 200 0 0
4 99 63 3 1 50 100 0 0
4 99 64 0 1 50 100 0 0
4 99 64 1 1 25 50 0 0
4 99 64 2 1 100 200 0 0
4 99 64 3 1 50 100 0 0
5 99 1 0 1 100 100 0 0
5 99 1 1 1 50 50 0 0
5 99 1 2 1 200 200 0 0
5 99 1 3 1 100 100 0 0
5 99 3 0 1 50 100 0 0
5 99 3 1 1 25 50 0 0
5 99 3 2 1 100 200 0 0
5 99 3 3 1 50 100 0 0
5 99 18 0 2 100 200 0 0
5 99 18 1 2 50 100 0 0
5 99 18 2 2 200 400 0 0
5 99 18 3 2 100 200 0 0
5 99 23 0 1 100 100 0 0
5 99 23 1 1 50 50 0 0
5 99 23 2 1 200 200 0 0
5 99 23 3 1 100 100 0 0
5 99 43 0 1 50 200 0 0
5 99 43 1 1 25 100 0 0
5 99 43 2 1 100 400 0 0
5 99 43 3 1 50 200 0 0
5 99 50 0 56 50 200 0 0
5 99 50 1 56 25 100 0 0
5 99 50 2 56 100 400 0 0
5 99 50 3 56 50 200 0 0
5 99 63 0 2 50 100 0 0
5 99 63 1 2 25 50 0 0
5 99 63 2 2 100 200 0 0
5 99 63 3 2 50 100 0 0
5 99 64 0 2 50 100 0 0
5 99 64 1 2 25 50 0 0
5 99 64 2 2 100 200 0 0
5 99 64 3 2 50 100 0 0
6 99 1 0 1 100 100 0 0
6 99 1 1 1 50 50 0 0
6 99 1 2 1 200 200 0 0
6 99 1 3 1 100 100 0 0
6 99 3 0 1 50 100 0 0
6 99 3 1 1 25 50 0 0
6 99 3 2 1 100 200 0 0
6 99 3 3 1 50 100 0 0
6 99 18 0 3 100 200 0 0
6 99 18 1 3 50 100 0 0
6 99 18 2 3 200 400 0 0
6 99 18 3 3 100 200 0 0
6 99 23 0 1 100 100 0 0
6 99 23 1 1 50 50 0 0
6 99 23 2 1 200 200 0 0
6 99 23 3 1 100 100 0 0
6 99 43 0 2 50 200 0 0
6 99 43 1 2 25 100 0 0
6 99 43 2 2 100 400 0 0
6 99 43 3 2 50 200 0 0
6 99 50 0 57 50 200 0 0
6 99 50 1 57 25 100 0 0
6 99 50 2 57 100 400 0 0
6 99 50 3 57 50 200 0 0
6 99 63 0 2 50 100 0 0
6 99 63 1 2 25 50 0 0
6 99 63 2 2 100 200 0 0
6 99 63 3 2 50 100 0 0
6 99 64 0 2 50 100 0 0
6 99 64 1 2 25 50 0 0
6 99 64 2 2 100 200 0 0
6 99 64 3 2 50 100 0 0
7 99 1 0 1 100 100 0 0
7 99 1 1 1 50 50 0 0
7 99 1 2 1 200 200 0 0
7 99 1 3 1 100 100 0 0
7 99 3 0 1 50 100 0 0
7 99 3 1 1 25 50 0 0
7 99 3 2 1 100 200 0 0
7 99 3 3 1 50 100 0 0
7 99 18 0 3 100 200 0 0
7 99 18 1 3 50 100 0 0
7 99 18 2 3 200 400 0 0
7 99 18 3 3 100 200 0 0
7 99 23 0 1 100 100 0 0
7 99 23 1 1 50 50 0 0
7 99 23 2 1 200 200 0 0
7 99 23 3 1 100 100 0 0
7 99 43 0 2 50 200 0 0
7 99 43 1 2 25 100 0 0
7 99 43 2 2 100 400 0 0
7 99 43 3 2 50 200 0 0
7 99 50 0 58 50 200 0 0
7 99 50 1 58 25 100 0 0
7 99 50 2 58 100 400 0 0
7 99 50 3 58 50 200 0 0
7 99 63 0 2 50 100 0 0
7 99 63 1 2 25 50 0 0
7 99 63 2 2 100 200 0 0
7 99 63 3 2 50 100 0 0
7 99 64 0 2 50 100 0 0
7 99 64 1 2 25 50 0 0
7 99 64 2 2 100 200 0 0
7 99 64 3 2 50 100 0 0
8 99 1 0 1 100 100 0 0
8 99 1 1 1 50 50 0 0
8 99 1 2 1 200 200 0 0
8 99 1 3 1 100 100 0 0
8 99 3 0 1 50 100 0 0
8 99 3 1 1 25 50 0 0
8 99 3 2 1 100 200 0 0
8 99 3 3 1 50 100 0 0
8 99 18 0 4 100 200 0 0
8 99 18 1 4 50 100 0 0
8 99 18 2 4 200 400 0 0
8 99 18 3 4 100 200 0 0
8 99 23 0 1 100 100 0 0
8 99 23 1 1 50 50 0 0
8 99 23 2 1 200 200 0 0
8 99 23 3 1 100 100 0 0
8 99 43 0 2 50 200 0 0
8 99 43 1 2 25 100 0 0
8 99 43 2 2 100 400 0 0
8 99 43 3 2 50 200 0 0
8 99 50 0 59 50 200 0 0
8 99 50 1 59 25 100 0 0
8 99 50 2 59 100 400 0 0
8 99 50 3 59 50 200 0 0
8 99 63 0 3 50 100 0 0
8 99 63 1 3 25 50 0 0
8 99 63 2 3 100 200 0 0
8 99 63 3 3 50 100 0 0
8 99 64 0 3 50 100 0 0
8 99 64 1 3 25 50 0 0
8 99 64 2 3 100 200 0 0
8 99 64 3 3 50 100 0 0
9 99 1 0 1 100 100 0 0
9 99 1 1 1 50 50 0 0
9 99 1 2 1 200 200 0 0
9 99 1 3 1 100 100 0 0
9 99 3 0 1 50 100 0 0
9 99 3 1 1 25 50 0 0
9 99 3 2 1 100 200 0 0
9 99 3 3 1 50 100 0 0
9 99 18 0 4 100 200 0 0
9 99 18 1 4 50 100 0 0
9 99 18 2 4 200 400 0 0
9 99 18 3 4 100 200 0 0
9 99 23 0 1 100 100 0 0
9 99 23 1 1 50 50 0 0
9 99 23 2 1 200 200 0 0
9 99 23 3 1 100 100 0 0
9 99 43 0 3 50 200 0 0
9 99 43 1 3 25 100 0 0
9 99 43 2 3 100 400 0 0
9 99 43 3 3 50 200 0 0
9 99 50 0 60 50 200 0 0
9 99 50 1 60 25 100 0 0
9 99 50 2 60 100 400 0 0
9 99 50 3 60 50 200 0 0
9 99 63 0 3 50 100 0 0
9 99 63 1 3 25 50 0 0
9 99 63 2 3 100 200 0 0
9 99 63 3 3 50 100 0 0
9 99 64 0 3 50 100 0 0
9 99 64 1 3 25 50 0 0
9 99 64 2 3 100 200 0 0
9 99 64 3 3 50 100 0 0
10 99 1 0 1 100 100 0 0
10 99 1 1 1 50 50 0 0
10 99 1 2 1 200 200 0 0
10 99 1 3 1 100 100 0 0
10 99 3 0 1 50 100 0 0
10 99 3 1 1 25 50 0 0
10 99 3 2 1 100 200 0 0
10 99 3 3 1 50 100 0 0
10 99 18 0 5 100 200 0 0
10 99 18 1 5 50 100 0 0
10 99 18 2 5 200 400 0 0
10 99 18 3 5 100 200 0 0
10 99 23 0 1 100 100 0 0
10 99 23 1 1 50 50 0 0
10 99 23 2 1 200 200 0 0
10 99 23 3 1 100 100 0 0
10 99 43 0 3 50 200 0 0
10 99 43 1 3 25 100 0 0
10 99 43 2 3 100 400 0 0
10 99 43 3 3 50 200 0 0
10 99 50 0 61 50 200 0 0
10 99 50 1 61 25 100 0 0
10 99 50 2 61 100 400 0 0
10 99 50 3 61 50 200 0 0
10 99 63 0 4 50 100 0 0
10 99 63 1 4 25 50 0 0
10 99 63 2 4 100 200 0 0
10 99 63 3 4 50 100 0 0
10 99 64 0 4 50 100 0 0
10 99 64 1 4 25 50 0 0
10 99 64 2 4 100 200 0 0
10 99 64 3 4 50 100 0 0
11 99 1 0 1 100 100 0 0
11 99 1 1 1 50 50 0 0
11 99 1 2 1 200 200 0 0
11 99 1 3 1 100 100 0 0
11 99 3 0 1 50 100 0 0
11 99 3 1 1 25 50 0 0
11 99 3 2 1 100 200 0 0
11 99 3 3 1 50 100 0 0
11 99 18 0 6 100 200 0 0
11 99 18 1 6 50 100 0 0
11 99 18 2 6 200 400 0 0
11 99 18 3 6 100 200 0 0
11 99 23 0 1 100 100 0 0
11 99 23 1 1 50 50 0 0
11 99 23 2 1 200 200 0 0
11 99 23 3 1 100 100 0 0
11 99 43 0 3 50 200 0 0
11 99 43 1 3 25 100 0 0
11 99 43 2 3 100 400 0 0
11 99 43 3 3 50 200 0 0
11 99 50 0 62 50 200 0 0
11 99 50 1 62 25 100 0 0
11 99 50 2 62 100 400 0 0
11 99 50 3 62 50 200 0 0
11 99 63 0 4 50 100 0 0
11 99 63 1 4 25 50 0 0
11 99 63 2 4 100 200 0 0
11 99 63 3 4 50 100 0 0
11 99 64 0 4 50 100 0 0
11 99 64 1 4 25 50 0 0
11 99 64 2 4 100 200 0 0
11 99 64 3 4 50 100 0 0
12 99 1 0 1 100 100 0 0
12 99 1 1 1 50 50 0 0
12 99 1 2 1 200 200 0 0
12 99 1 3 1 100 100 0 0
12 99 3 0 1 50 100 0 0
12 99 3 1 1 25 50 0 0
12 99 3 2 1 100 200 0 0
12 99 3 3 1 50 100 0 0
12 99 18 0 6 100 200 0 0
12 99 18 1 6 50 100 0 0
12 99 18 2 6 200 400 0 0
12 99 18 3 6 100 200 0 0
12 99 23 0 1 100 100 0 0
12 99 23 1 1 50 50 0 0
12 99 23 2 1 200 200 0 0
12 99 23 3 1 100 100 0 0
12 99 43 0 4 50 200 0 0
12 99 43 1 4 25 100 0 0
12 99 43 2 4 100 400 0 0
12 99 43 3 4 50 200 0 0
12 99 50 0 63 50 200 0 0
12 99 50 1 63 25 100 0 0
12 99 50 2 63 100 400 0 0
12 99 50 3 63 50 200 0 0
12 99 63 0 4 50 100 0 0
12 99 63 1 4 25 50 0 0
12 99 63 2 4 100 200 0 0
12 99 63 3 4 50 100 0 0
12 99 64 0 4 50 100 0 0
12 99 64 1 4 25 50 0 0
12 99 64 2 4 100 200 0 0
12 99 64 3 4 50 100 0 0
13 99 1 0 1 100 100 0 0
13 99 1 1 1 50 50 0 0
13 99 1 2 1 200 200 0 0
13 99 1 3 1 100 100 0 0
13 99 3 0 1 50 100 0 0
13 99 3 1 1 25 50 0 0
13 99 3 2 1 100 200 0 0
13 99 3 3 1 50 100 0 0
13 99 18 0 7 100 200 0 0
13 99 18 1 7 50 100 0 0
13 99 18 2 7 200 400 0 0
13 99 18 3 7 100 200 0 0
13 99 23 0 1 100 100 0 0
13 99 23 1 1 50 50 0 0
13 99 23 2 1 200 200 0 0
13 99 23 3 1 100 100 0 0
13 99 43 0 4 50 200 0 0
13 99 43 1 4 25 100 0 0
13 99 43 2 4 100 400 0 0
13 99 43 3 4 50 200 0 0
13 99 50 0 64 50 200 0 0
13 99 50 1 64 25 100 0 0
13 99 50 2 64 100 400 0 0
13 99 50 3 64 50 200 0 0
13 99 63 0 5 50 100 0 0
13 99 63 1 5 25 50 0 0
13 99 63 2 5 100 200 0 0
13 99 63 3 5 50 100 0 0
13 99 64 0 5 50 100 0 0
13 99 64 1 5 25 50 0 0
13 99 64 2 5 100 200 0 0
13 99 64 3 5 50 100 0 0
14 99 1 0 1 100 100 0 0
14 99 1 1 1 50 50 0 0
14 99 1 2 1 200 200 0 0
14 99 1 3 1 100 100 0 0
14 99 3 0 1 50 100 0 0
14 99 3 1 1 25 50 0 0
14 99 3 2 1 100 200 0 0
14 99 3 3 1 50 100 0 0
14 99 18 0 7 100 200 0 0
14 99 18 1 7 50 100 0 0
14 99 18 2 7 200 400 0 0
14 99 18 3 7 100 200 0 0
14 99 23 0 1 100 100 0 0
14 99 23 1 1 50 50 0 0
14 99 23 2 1 200 200 0 0
14 99 23 3 1 100 100 0 0
14 99 43 0 4 50 200 0 0
14 99 43 1 4 25 100 0 0
14 99 43 2 4 100 400 0 0
14 99 43 3 4 50 200 0 0
14 99 50 0 65 50 200 0 0
14 99 50 1 65 25 100 0 0
14 99 50 2 65 100 400 0 0
14 99 50 3 65 50 200 0 0
14 99 63 0 5 50 100 0 0
14 99 63 1 5 25 50 0 0
14 99 63 2 5 100 200 0 0
14 99 63 3 5 50 100 0 0
14 99 64 0 5 50 100 0 0
14 99 64 1 5 25 50 0 0
14 99 64 2 5 100 200 0 0
14 99 64 3 5 50 100 0 0
15 99 1 0 1 100 100 0 0
15 99 1 1 1 50 50 0 0
15 99 1 2 1 200 200 0 0
15 99 1 3 1 100 100 0 0
15 99 3 0 1 50 100 0 0
15 99 3 1 1 25 50 0 0
15 99 3 2 1 100 200 0 0
15 99 3 3 1 50 100 0 0
15 99 18 0 8 100 200 0 0
15 99 18 1 8 50 100 0 0
15 99 18 2 8 200 400 0 0
15 99 18 3 8 100 200 0 0
15 99 23 0 1 100 100 0 0
15 99 23 1 1 50 50 0 0
15 99 23 2 1 200 200 0 0
15 99 23 3 1 100 100 0 0
15 99 43 0 5 50 200 0 0
15 99 43 1 5 25 100 0 0
15 99 43 2 5 100 400 0 0
15 99 43 3 5 50 200 0 0
15 99 50 0 66 50 200 0 0
15 99 50 1 66 25 100 0 0
15 99 50 2 66 100 400 0 0
15 99 50 3 66 50 200 0 0
15 99 63 0 6 50 100 0 0
15 99 63 1 6 25 50 0 0
15 99 63 2 6 100 200 0 0
15 99 63 3 6 50 100 0 0
15 99 64 0 6 50 100 0 0
15 99 64 1 6 25 50 0 0
15 99 64 2 6 100 200 0 0
15 99 64 3 6 50 100 0 0
16 99 1 0 1 100 100 0 0
16 99 1 1 1 50 50 0 0
16 99 1 2 1 200 200 0 0
16 99 1 3 1 100 100 0 0
16 99 3 0 1 50 100 0 0
16 99 3 1 1 25 50 0 0
16 99 3 2 1 100 200 0 0
16 99 3 3 1 50 100 0 0
16 99 18 0 8 100 200 0 0
16 99 18 1 8 50 100 0 0
16 99 18 2 8 200 400 0 0
16 99 18 3 8 100 200 0 0
16 99 23 0 1 100 100 0 0
16 99 23 1 1 50 50 0 0
16 99 23 2 1 200 200 0 0
16 99 23 3 1 100 100 0 0
16 99 43 0 5 50 200 0 0
16 99 43 1 5 25 100 0 0
16 99 43 2 5 100 400 0 0
16 99 43 3 5 50 200 0 0
16 99 50 0 67 50 200 0 0
16 99 50 1 67 25 100 0 0
16 99 50 2 67 100 400 0 0
16 99 50 3 67 50 200 0 0
16 99 63 0 6 50 100 0 0
16 99 63 1 6 25 50 0 0
16 99 63 2 6 100 200 0 0
16 99 63 3 6 50 100 0 0
16 99 64 0 6 50 100 0 0
16 99 64 1 6 25 50 0 0
16 99 64 2 6 100 200 0 0
16 99 64 3 6 50 100 0 0
17 99 1 0 1 100 100 0 0
17 99 1 1 1 50 50 0 0
17 99 1 2 1 200 200 0 0
17 99 1 3 1 100 100 0 0
17 99 3 0 1 50 100 0 0
17 99 3 1 1 25 50 0 0
17 99 3 2 1 100 200 0 0
17 99 3 3 1 50 100 0 0
17 99 18 0 9 100 200 0 0
17 99 18 1 9 50 100 0 0
17 99 18 2 9 200 400 0 0
17 99 18 3 9 100 200 0 0
17 99 23 0 1 100 100 0 0
17 99 23 1 1 50 50 0 0
17 99 23 2 1 200 200 0 0
17 99 23 3 1 100 100 0 0
17 99 43 0 5 50 200 0 0
17 99 43 1 5 25 100 0 0
17 99 43 2 5 100 400 0 0
17 99 43 3 5 50 200 0 0
17 99 50 0 68 50 200 0 0
17 99 50 1 68 25 100 0 0
17 99 50 2 68 100 400 0 0
17 99 50 3 68 50 200 0 0
17 99 63 0 6 50 100 0 0
17 99 63 1 6 25 50 0 0
17 99 63 2 6 100 200 0 0
17 99 63 3 6 50 100 0 0
17 99 64 0 6 50 100 0 0
17 99 64 1 6 25 50 0 0
17 99 64 2 6 100 200 0 0
17 99 64 3 6 50 100 0 0
18 99 1 0 1 100 100 0 0
18 99 1 1 1 50 50 0 0
18 99 1 2 1 200 200 0 0
18 99 1 3 1 100 100 0 0
18 99 3 0 1 50 100 0 0
18 99 3 1 1 25 50 0 0
18 99 3 2 1 100 200 0 0
18 99 3 3 1 50 100 0 0
18 99 18 0 9 100 200 0 0
18 99 18 1 9 50 100 0 0
18 99 18 2 9 200 400 0 0
18 99 18 3 9 100 200 0 0
18 99 23 0 1 100 100 0 0
18 99 23 1 1 50 50 0 0
18 99 23 2 1 200 200 0 0
18 99 23 3 1 100 100 0 0
18 99 43 0 6 50 200 0 0
18 99 43 1 6 25 100 0 0
18 99 43 2 6 100 400 0 0
18 99 43 3 6 50 200 0 0
18 99 50 0 69 50 200 0 0
18 99 50 1 69 25 100 0 0
18 99 50 2 69 100 400 0 0
18 99 50 3 69 50 200 0 0
18 99 63 0 7 50 100 0 0
18 99 63 1 7 25 50 0 0
18 99 63 2 7 100 200 0 0
18 99 63 3 7 50 100 0 0
18 99 64 0 7 50 100 0 0
18 99 64 1 7 25 50 0 0
18 99 64 2 7 100 200 0 0
18 99 64 3 7 50 100 0 0
19 99 1 0 1 100 100 0 0
19 99 1 1 1 50 50 0 0
19 99 1 2 1 200 200 0 0
19 99 1 3 1 100 100 0 0
19 99 3 0 1 50 100 0 0
19 99 3 1 1 25 50 0 0
19 99 3 2 1 100 200 0 0
19 99 3 3 1 50 100 0 0
19 99 18 0 10 100 200 0 0
19 99 18 1 10 50 100 0 0
19 99 18 2 10 200 400 0 0
19 99 18 3 10 100 200 0 0
19 99 23 0 1 100 100 0 0
19 99 23 1 1 50 50 0 0
19 99 23 2 1 200 200 0 0
19 99 23 3 1 100 100 0 0
19 99 43 0 6 50 200 0 0
19 99 43 1 6 25 100 0 0
19 99 43 2 6 100 400 0 0
19 99 43 3 6 50 200 0 0
19 99 50 0 70 50 200 0 0
19 99 50 1 70 25 100 0 0
19 99 50 2 70 100 400 0 0
19 99 50 3 70 50 200 0 0
19 99 63 0 7 50 100 0 0
19 99 63 1 7 25 50 0 0
19 99 63 2 7 100 200 0 0
19 99 63 3 7 50 100 0 0
19 99 64 0 7 50 100 0 0
19 99 64 1 7 25 50 0 0
19 99 64 2 7 100 200 0 0
19 99 64 3 7 50 100 0 0
20 99 1 0 1 100 100 0 0
20 99 1 1 1 50 50 0 0
20 99 1 2 1 200 200 0 0
20 99 1 3 1 100 100 0 0
20 99 3 0 1 50 100 0 0
20 99 3 1 1 25 50 0 0
20 99 3 2 1 100 200 0 0
20 99 3 3 1 50 100 0 0
20 99 18 0 11 100 200 0 0
20 99 18 1 11 50 100 0 0
20 99 18 2 11 200 400 0 0
20 99 18 3 11 100 200 0 0
20 99 23 0 2 100 100 0 0
20 99 23 1 2 50 50 0 0
20 99 23 2 2 200 200 0 0
20 99 23 3 2 100 100 0 0
20 99 43 0 7 50 200 0 0
20 99 43 1 7 25 100 0 0
20 99 43 2 7 100 400 0 0
20 99 43 3 7 50 200 0 0
20 99 50 0 71 50 200 0 0
20 99 50 1 71 25 100 0 0
20 99 50 2 71 100 400 0 0
20 99 50 3 71 50 200 0 0
20 99 63 0 8 50 100 0 0
20 99 63 1 8 25 50 0 0
20 99 63 2 8 100 200 0 0
20 99 63 3 8 50 100 0 0
20 99 64 0 8 50 100 0 0
20 99 64 1 8 25 50 0 0
20 99 64 2 8 100 200 0 0
20 99 64 3 8 50 100 0 0
21 99 1 0 1 100 100 0 0
21 99 1 1 1 50 50 0 0
21 99 1 2 1 200 200 0 0
21 99 1 3 1 100 100 0 0
21 99 3 0 1 50 100 0 0
21 99 3 1 1 25 50 0 0
21 99 3 2 1 100 200 0 0
21 99 3 3 1 50 100 0 0
21 99 18 0 11 100 200 0 0
21 99 18 1 11 50 100 0 0
21 99 18 2 11 200 400 0 0
21 99 18 3 11 100 200 0 0
21 99 23 0 2 100 100 0 0
21 99 23 1 2 50 50 0 0
21 99 23 2 2 200 200 0 0
21 99 23 3 2 100 100 0 0
21 99 43 0 7 50 200 0 0
21 99 43 1 7 25 100 0 0
21 99 43 2 7 100 400 0 0
21 99 43 3 7 50 200 0 0
21 99 50 0 72 50 200 0 0
21 99 50 1 72 25 100 0 0
21 99 50 2 72 100 400 0 0
21 99 50 3 72 50 200 0 0
21 99 63 0 8 50 100 0 0
21 99 63 1 8 25 50 0 0
21 99 63 2 8 100 200 0 0
21 99 63 3 8 50 100 0 0
21 99 64 0 8 50 100 0 0
21 99 64 1 8 25 50 0 0
21 99 64 2 8 100 200 0 0
21 99 64 3 8 50 100 0 0
22 99 1 0 1 100 100 0 0
22 99 1 1 1 50 50 0 0
22 99 1 2 1 200 200 0 0
22 99 1 3 1 100 100 0 0
22 99 3 0 1 50 100 0 0
22 99 3 1 1 25 50 0 0
22 99 3 2 1 100 200 0 0
22 99 3 3 1 50 100 0 0
22 99 18 0 12 100 200 0 0
22 99 18 1 12 50 100 0 0
22 99 18 2 12 200 400 0 0
22 99 18 3 12 100 200 0 0
22 99 23 0 2 100 100 0 0
22 99 23 1 2 50 50 0 0
22 99 23 2 2 200 200 0 0
22 99 23 3 2 100 100 0 0
22 99 43 0 7 50 200 0 0
22 99 43 1 7 25 100 0 0
22 99 43 2 7 100 400 0 0
22 99 43 3 7 50 200 0 0
22 99 50 0 73 50 200 0 0
22 99 50 1 73 25 100 0 0
22 99 50 2 73 100 400 0 0
22 99 50 3 73 50 200 0 0
22 99 63 0 8 50 100 0 0
22 99 63 1 8 25 50 0 0
22 99 63 2 8 100 200 0 0
22 99 63 3 8 50 100 0 0
22 99 64 0 8 50 100 0 0
22 99 64 1 8 25 50 0 0
22 99 64 2 8 100 200 0 0
22 99 64 3 8 50 100 0 0
23 99 1 0 1 100 100 0 0
23 99 1 1 1 50 50 0 0
23 99 1 2 1 200 200 0 0
23 99 1 3 1 100 100 0 0
23 99 3 0 1 50 100 0 0
23 99 3 1 1 25 50 0 0
23 99 3 2 1 100 200 0 0
23 99 3 3 1 50 100 0 0
23 99 18 0 12 100 200 0 0
23 99 18 1 12 50 100 0 0
23 99 18 2 12 200 400 0 0
23 99 18 3 12 100 200 0 0
23 99 23 0 2 100 100 0 0
23 99 23 1 2 50 50 0 0
23 99 23 2 2 200 200 0 0
23 99 23 3 2 100 100 0 0
23 99 43 0 8 50 200 0 0
23 99 43 1 8 25 100 0 0
23 99 43 2 8 100 400 0 0
23 99 43 3 8 50 200 0 0
23 99 50 0 74 50 200 0 0
23 99 50 1 74 25 100 0 0
23 99 50 2 74 100 400 0 0
23 99 50 3 74 50 200 0 0
23 99 63 0 9 50 100 0 0
23 99 63 1 9 25 50 0 0
23 99 63 2 9 100 200 0 0
23 99 63 3 9 50 100 0 0
23 99 64 0 9 50 100 0 0
23 99 64 1 9 25 50 0 0
23 99 64 2 9 100 200 0 0
23 99 64 3 9 50 100 0 0
24 99 1 0 1 100 100 0 0
24 99 1 1 1 50 50 0 0
24 99 1 2 1 200 200 0 0
24 99 1 3 1 100 100 0 0
24 99 3 0 1 50 100 0 0
24 99 3 1 1 25 50 0 0
24 99 3 2 1 100 200 0 0
24 99 3 3 1 50 100 0 0
24 99 18 0 13 100 200 0 0
24 99 18 1 13 50 100 0 0
24 99 18 2 13 200 400 0 0
24 99 18 3 13 100 200 0 0
24 99 23 0 2 100 100 0 0
24 99 23 1 2 50 50 0 0
24 99 23 2 2 200 200 0 0
24 99 23 3 2 100 100 0 0
24 99 43 0 8 50 200 0 0
24 99 43 1 8 25 100 0 0
24 99 43 2 8 100 400 0 0
24 99 43 3 8 50 200 0 0
24 99 50 0 75 50 200 0 0
24 99 50 1 75 25 100 0 0
24 99 50 2 75 100 400 0 0
24 99 50 3 75 50 200 0 0
24 99 63 0 9 50 100 0 0
24 99 63 1 9 25 50 0 0
24 99 63 2 9 100 200 0 0
24 99 63 3 9 50 100 0 0
24 99 64 0 9 50 100 0 0
24 99 64 1 9 25 50 0 0
24 99 64 2 9 100 200 0 0
24 99 64 3 9 50 100 0 0
25 99 1 0 1 100 100 0 0
25 99 1 1 1 50 50 0 0
25 99 1 2 1 200 200 0 0
25 99 1 3 1 100 100 0 0
25 99 3 0 2 50 100 0 0
25 99 3 1 2 25 50 0 0
25 99 3 2 2 100 200 0 0
25 99 3 3 2 50 100 0 0
25 99 18 0 13 100 200 0 0
25 99 18 1 13 50 100 0 0
25 99 18 2 13 200 400 0 0
25 99 18 3 13 100 200 0 0
25 99 23 0 2 100 100 0 0
25 99 23 1 2 50 50 0 0
25 99 23 2 2 200 200 0 0
25 99 23 3 2 100 100 0 0
25 99 43 0 8 50 200 0 0
25 99 43 1 8 25 100 0 0
25 99 43 2 8 100 400 0 0
25 99 43 3 8 50 200 0 0
25 99 50 0 76 50 200 0 0
25 99 50 1 76 25 100 0 0
25 99 50 2 76 100 400 0 0
25 99 50 3 76 50 200 0 0
25 99 63 0 10 50 100 0 0
25 99 63 1 10 25 50 0 0
25 99 63 2 10 100 200 0 0
25 99 63 3 10 50 100 0 0
25 99 64 0 10 50 100 0 0
25 99 64 1 10 25 50 0 0
25 99 64 2 10 100 200 0 0
25 99 64 3 10 50 100 0 0
26 99 1 0 1 100 100 0 0
26 99 1 1 1 50 50 0 0
26 99 1 2 1 200 200 0 0
26 99 1 3 1 100 100 0 0
26 99 3 0 2 50 100 0 0
26 99 3 1 2 25 50 0 0
26 99 3 2 2 100 200 0 0
26 99 3 3 2 50 100 0 0
26 99 18 0 14 100 200 0 0
26 99 18 1 14 50 100 0 0
26 99 18 2 14 200 400 0 0
26 99 18 3 14 100 200 0 0
26 99 23 0 2 100 100 0 0
26 99 23 1 2 50 50 0 0
26 99 23 2 2 200 200 0 0
26 99 23 3 2 100 100 0 0
26 99 43 0 9 50 200 0 0
26 99 43 1 9 25 100 0 0
26 99 43 2 9 100 400 0 0
26 99 43 3 9 50 200 0 0
26 99 50 0 77 50 200 0 0
26 99 50 1 77 25 100 0 0
26 99 50 2 77 100 400 0 0
26 99 50 3 77 50 200 0 0
26 99 63 0 10 50 100 0 0
26 99 63 1 10 25 50 0 0
26 99 63 2 10 100 200 0 0
26 99 63 3 10 50 100 0 0
26 99 64 0 10 50 100 0 0
26 99 64 1 10 25 50 0 0
26 99 64 2 10 100 200 0 0
26 99 64 3 10 50 100 0 0
27 99 1 0 1 100 100 0 0
27 99 1 1 1 50 50 0 0
27 99 1 2 1 200 200 0 0
27 99 1 3 1 100 100 0 0
27 99 3 0 2 50 100 0 0
27 99 3 1 2 25 50 0 0
27 99 3 2 2 100 200 0 0
27 99 3 3 2 50 100 0 0
27 99 18 0 14 100 200 0 0
27 99 18 1 14 50 100 0 0
27 99 18 2 14 200 400 0 0
27 99 18 3 14 100 200 0 0
27 99 23 0 2 100 100 0 0
27 99 23 1 2 50 50 0 0
27 99 23 2 2 200 200 0 0
27 99 23 3 2 100 100 0 0
27 99 43 0 9 50 200 0 0
27 99 43 1 9 25 100 0 0
27 99 43 2 9 100 400 0 0
27 99 43 3 9 50 200 0 0
27 99 50 0 78 50 200 0 0
27 99 50 1 78 25 100 0 0
27 99 50 2 78 100 400 0 0
27 99 50 3 78 50 200 0 0
27 99 63 0 10 50 100 0 0
27 99 63 1 10 25 50 0 0
27 99 63 2 10 100 200 0 0
27 99 63 3 10 50 100 0 0
27 99 64 0 10 50 100 0 0
27 99 64 1 10 25 50 0 0
27 99 64 2 10 100 200 0 0
27 99 64 3 10 50 100 0 0
28 99 1 0 1 100 100 0 0
28 99 1 1 1 50 50 0 0
28 99 1 2 1 200 200 0 0
28 99 1 3 1 100 100 0 0
28 99 3 0 2 50 100 0 0
28 99 3 1 2 25 50 0 0
28 99 3 2 2 100 200 0 0
28 99 3 3 2 50 100 0 0
28 99 18 0 15 100 200 0 0
28 99 18 1 15 50 100 0 0
28 99 18 2 15 200 400 0 0
28 99 18 3 15 100 200 0 0
28 99 23 0 2 100 100 0 0
28 99 23 1 2 50 50 0 0
28 99 23 2 2 200 200 0 0
28 99 23 3 2 100 100 0 0
28 99 43 0 9 50 200 0 0
28 99 43 1 9 25 100 0 0
28 99 43 2 9 100 400 0 0
28 99 43 3 9 50 200 0 0
28 99 50 0 79 50 200 0 0
28 99 50 1 79 25 100 0 0
28 99 50 2 79 100 400 0 0
28 99 50 3 79 50 200 0 0
28 99 63 0 11 50 100 0 0
28 99 63 1 11 25 50 0 0
28 99 63 2 11 100 200 0 0
28 99 63 3 11 50 100 0 0
28 99 64 0 11 50 100 0 0
28 99 64 1 11 25 50 0 0
28 99 64 2 11 100 200 0 0
28 99 64 3 11 50 100 0 0
29 99 1 0 1 100 100 0 0
29 99 1 1 1 50 50 0 0
29 99 1 2 1 200 200 0 0
29 99 1 3 1 100 100 0 0
29 99 3 0 2 50 100 0 0
29 99 3 1 2 25 50 0 0
29 99 3 2 2 100 200 0 0
29 99 3 3 2 50 100 0 0
29 99 18 0 16 100 200 0 0
29 99 18 1 16 50 100 0 0
29 99 18 2 16 200 400 0 0
29 99 18 3 16 100 200 0 0
29 99 23 0 2 100 100 0 0
29 99 23 1 2 50 50 0 0
29 99 23 2 2 200 200 0 0
29 99 23 3 2 100 100 0 0
29 99 43 0 10 50 200 0 0
29 99 43 1 10 25 100 0 0
29 99 43 2 10 100 400 0 0
29 99 43 3 10 50 200 0 0
29 99 50 0 80 50 200 0 0
29 99 50 1 80 25 100 0 0
29 99 50 2 80 100 400 0 0
29 99 50 3 80 50 200 0 0
29 99 63 0 11 50 100 0 0
29 99 63 1 11 25 50 0 0
29 99 63 2 11 100 200 0 0
29 99 63 3 11 50 100 0 0
29 99 64 0 11 50 100 0 0
29 99 64 1 11 25 50 0 0
29 99 64 2 11 100 200 0 0
29 99 64 3 11 50 100 0 0
30 99 1 0 1 100 100 0 0
30 99 1 1 1 50 50 0 0
30 99 1 2 1 200 200 0 0
30 99 1 3 1 100 100 0 0
30 99 3 0 2 50 100 0 0
30 99 3 1 2 25 50 0 0
30 99 3 2 2 100 200 0 0
30 99 3 3 2 50 100 0 0
30 99 18 0 16 100 200 0 0
30 99 18 1 16 50 100 0 0
30 99 18 2 16 200 400 0 0
30 99 18 3 16 100 200 0 0
30 99 23 0 3 100 100 0 0
30 99 23 1 3 50 50 0 0
30 99 23 2 3 200 200 0 0
30 99 23 3 3 100 100 0 0
30 99 43 0 10 50 200 0 0
30 99 43 1 10 25 100 0 0
30 99 43 2 10 100 400 0 0
30 99 43 3 10 50 200 0 0
30 99 50 0 81 50 200 0 0
30 99 50 1 81 25 100 0 0
30 99 50 2 81 100 400 0 0
30 99 50 3 81 50 200 0 0
30 99 63 0 12 50 100 0 0
30 99 63 1 12 25 50 0 0
30 99 63 2 12 100 200 0 0
30 99 63 3 12 50 100 0 0
30 99 64 0 12 50 100 0 0
30 99 64 1 12 25 50 0 0
30 99 64 2 12 100 200 0 0
30 99 64 3 12 50 100 0 0
31 99 1 0 1 100 100 0 0
31 99 1 1 1 50 50 0 0
31 99 1 2 1 200 200 0 0
31 99 1 3 1 100 100 0 0
31 99 3 0 2 50 100 0 0
31 99 3 1 2 25 50 0 0
31 99 3 2 2 100 200 0 0
31 99 3 3 2 50 100 0 0
31 99 18 0 17 100 200 0 0
31 99 18 1 17 50 100 0 0
31 99 18 2 17 200 400 0 0
31 99 18 3 17 100 200 0 0
31 99 23 0 3 100 100 0 0
31 99 23 1 3 50 50 0 0
31 99 23 2 3 200 200 0 0
31 99 23 3 3 100 100 0 0
31 99 43 0 10 50 200 0 0
31 99 43 1 10 25 100 0 0
31 99 43 2 10 100 400 0 0
31 99 43 3 10 50 200 0 0
31 99 50 0 82 50 200 0 0
31 99 50 1 82 25 100 0 0
31 99 50 2 82 100 400 0 0
31 99 50 3 82 50 200 0 0
31 99 63 0 12 50 100 0 0
31 99 63 1 12 25 50 0 0
31 99 63 2 12 100 200 0 0
31 99 63 3 12 50 100 0 0
31 99 64 0 12 50 100 0 0
31 99 64 1 12 25 50 0 0
31 99 64 2 12 100 200 0 0
31 99 64 3 12 50 100 0 0
32 99 1 0 1 100 100 0 0
32 99 1 1 1 50 50 0 0
32 99 1 2 1 200 200 0 0
32 99 1 3 1 100 100 0 0
32 99 3 0 2 50 100 0 0
32 99 3 1 2 25 50 0 0
32 99 3 2 2 100 200 0 0
32 99 3 3 2 50 100 0 0
32 99 18 0 17 100 200 0 0
32 99 18 1 17 50 100 0 0
32 99 18 2 17 200 400 0 0
32 99 18 3 17 100 200 0 0
32 99 23 0 3 100 100 0 0
32 99 23 1 3 50 50 0 0
32 99 23 2 3 200 200 0 0
32 99 23 3 3 100 100 0 0
32 99 43 0 11 50 200 0 0
32 99 43 1 11 25 100 0 0
32 99 43 2 11 100 400 0 0
32 99 43 3 11 50 200 0 0
32 99 50 0 83 50 200 0 0
32 99 50 1 83 25 100 0 0
32 99 50 2 83 100 400 0 0
32 99 50 3 83 50 200 0 0
32 99 63 0 12 50 100 0 0
32 99 63 1 12 25 50 0 0
32 99 63 2 12 100 200 0 0
32 99 63 3 12 50 100 0 0
32 99 64 0 12 50 100 0 0
32 99 64 1 12 25 50 0 0
32 99 64 2 12 100 200 0 0
32 99 64 3 12 50 100 0 0
33 99 1 0 1 100 100 0 0
33 99 1 1 1 50 50 0 0
33 99 1 2 1 200 200 0 0
33 99 1 3 1 100 100 0 0
33 99 3 0 2 50 100 0 0
33 99 3 1 2 25 50 0 0
33 99 3 2 2 100 200 0 0
33 99 3 3 2 50 100 0 0
33 99 18 0 18 100 200 0 0
33 99 18 1 18 50 100 0 0
33 99 18 2 18 200 400 0 0
33 99 18 3 18 100 200 0 0
33 99 23 0 3 100 100 0 0
33 99 23 1 3 50 50 0 0
33 99 23 2 3 200 200 0 0
33 99 23 3 3 100 100 0 0
33 99 43 0 11 50 200 0 0
33 99 43 1 11 25 100 0 0
33 99 43 2 11 100 400 0 0
33 99 43 3 11 50 200 0 0
33 99 50 0 84 50 200 0 0
33 99 50 1 84 25 100 0 0
33 99 50 2 84 100 400 0 0
33 99 50 3 84 50 200 0 0
33 99 63 0 13 50 100 0 0
33 99 63 1 13 25 50 0 0
33 99 63 2 13 100 200 0 0
33 99 63 3 13 50 100 0 0
33 99 64 0 13 50 100 0 0
33 99 64 1 13 25 50 0 0
33 99 64 2 13 100 200 0 0
33 99 64 3 13 50 100 0 0
34 99 1 0 2 100 100 0 0
34 99 1 1 2 50 50 0 0
34 99 1 2 2 200 200 0 0
34 99 1 3 2 100 100 0 0
34 99 3 0 2 50 100 0 0
34 99 3 1 2 25 50 0 0
34 99 3 2 2 100 200 0 0
34 99 3 3 2 50 100 0 0
34 99 18 0 18 100 200 0 0
34 99 18 1 18 50 100 0 0
34 99 18 2 18 200 400 0 0
34 99 18 3 18 100 200 0 0
34 99 23 0 3 100 100 0 0
34 99 23 1 3 50 50 0 0
34 99 23 2 3 200 200 0 0
34 99 23 3 3 100 100 0 0
34 99 43 0 12 50 200 0 0
34 99 43 1 12 25 100 0 0
34 99 43 2 12 100 400 0 0
34 99 43 3 12 50 200 0 0
34 99 50 0 85 50 200 0 0
34 99 50 1 85 25 100 0 0
34 99 50 2 85 100 400 0 0
34 99 50 3 85 50 200 0 0
34 99 63 0 13 50 100 0 0
34 99 63 1 13 25 50 0 0
34 99 63 2 13 100 200 0 0
34 99 63 3 13 50 100 0 0
34 99 64 0 13 50 100 0 0
34 99 64 1 13 25 50 0 0
34 99 64 2 13 100 200 0 0
34 99 64 3 13 50 100 0 0
35 99 1 0 2 100 100 0 0
35 99 1 1 2 50 50 0 0
35 99 1 2 2 200 200 0 0
35 99 1 3 2 100 100 0 0
35 99 3 0 2 50 100 0 0
35 99 3 1 2 25 50 0 0
35 99 3 2 2 100 200 0 0
35 99 3 3 2 50 100 0 0
35 99 18 0 19 100 200 0 0
35 99 18 1 19 50 100 0 0
35 99 18 2 19 200 400 0 0
35 99 18 3 19 100 200 0 0
35 99 23 0 3 100 100 0 0
35 99 23 1 3 50 50 0 0
35 99 23 2 3 200 200 0 0
35 99 23 3 3 100 100 0 0
35 99 43 0 12 50 200 0 0
35 99 43 1 12 25 100 0 0
35 99 43 2 12 100 400 0 0
35 99 43 3 12 50 200 0 0
35 99 50 0 86 50 200 0 0
35 99 50 1 86 25 100 0 0
35 99 50 2 86 100 400 0 0
35 99 50 3 86 50 200 0 0
35 99 63 0 14 50 100 0 0
35 99 63 1 14 25 50 0 0
35 99 63 2 14 100 200 0 0
35 99 63 3 14 50 100 0 0
35 99 64 0 14 50 100 0 0
35 99 64 1 14 25 50 0 0
35 99 64 2 14 100 200 0 0
35 99 64 3 14 50 100 0 0
36 99 1 0 2 100 100 0 0
36 99 1 1 2 50 50 0 0
36 99 1 2 2 200 200 0 0
36 99 1 3 2 100 100 0 0
36 99 3 0 2 50 100 0 0
36 99 3 1 2 25 50 0 0
36 99 3 2 2 100 200 0 0
36 99 3 3 2 50 100 0 0
36 99 18 0 19 100 200 0 0
36 99 18 1 19 50 100 0 0
36 99 18 2 19 200 400 0 0
36 99 18 3 19 100 200 0 0
36 99 23 0 3 100 100 0 0
36 99 23 1 3 50 50 0 0
36 99 23 2 3 200 200 0 0
36 99 23 3 3 100 100 0 0
36 99 43 0 12 50 200 0 0
36 99 43 1 12 25 100 0 0
36 99 43 2 12 100 400 0 0
36 99 43 3 12 50 200 0 0
36 99 50 0 87 50 200 0 0
36 99 50 1 87 25 100 0 0
36 99 50 2 87 100 400 0 0
36 99 50 3 87 50 200 0 0
36 99 63 0 14 50 100 0 0
36 99 63 1 14 25 50 0 0
36 99 63 2 14 100 200 0 0
36 99 63 3 14 50 100 0 0
36 99 64 0 14 50 100 0 0
36 99 64 1 14 25 50 0 0
36 99 64 2 14 100 200 0 0
36 99 64 3 14 50 100 0 0
37 99 1 0 2 100 100 0 0
37 99 1 1 2 50 50 0 0
37 99 1 2 2 200 200 0 0
37 99 1 3 2 100 100 0 0
37 99 3 0 2 50 100 0 0
37 99 3 1 2 25 50 0 0
37 99 3 2 2 100 200 0 0
37 99 3 3 2 50 100 0 0
37 99 18 0 20 100 200 0 0
37 99 18 1 20 50 100 0 0
37 99 18 2 20 200 400 0 0
37 99 18 3 20 100 200 0 0
37 99 23 0 3 100 100 0 0
37 99 23 1 3 50 50 0 0
37 99 23 2 3 200 200 0 0
37 99 23 3 3 100 100 0 0
37 99 43 0 13 50 200 0 0
37 99 43 1 13 25 100 0 0
37 99 43 2 13 100 400 0 0
37 99 43 3 13 50 200 0 0
37 99 50 0 88 50 200 0 0
37 99 50 1 88 25 100 0 0
37 99 50 2 88 100 400 0 0
37 99 50 3 88 50 200 0 0
37 99 63 0 14 50 100 0 0
37 99 63 1 14 25 50 0 0
37 99 63 2 14 100 200 0 0
37 99 63 3 14 50 100 0 0
37 99 64 0 14 50 100 0 0
37 99 64 1 14 25 50 0 0
37 99 64 2 14 100 200 0 0
37 99 64 3 14 50 100 0 0
38 99 1 0 2 100 100 0 0
38 99 1 1 2 50 50 0 0
38 99 1 2 2 200 200 0 0
38 99 1 3 2 100 100 0 0
38 99 3 0 3 50 100 0 0
38 99 3 1 3 25 50 0 0
38 99 3 2 3 100 200 0 0
38 99 3 3 3 50 100 0 0
38 99 18 0 21 100 200 0 0
38 99 18 1 21 50 100 0 0
38 99 18 2 21 200 400 0 0
38 99 18 3 21 100 200 0 0
38 99 23 0 3 100 100 0 0
38 99 23 1 3 50 50 0 0
38 99 23 2 3 200 200 0 0
38 99 23 3 3 100 100 0 0
38 99 43 0 13 50 200 0 0
38 99 43 1 13 25 100 0 0
38 99 43 2 13 100 400 0 0
38 99 43 3 13 50 200 0 0
38 99 50 0 89 50 200 0 0
38 99 50 1 89 25 100 0 0
38 99 50 2 89 100 400 0 0
38 99 50 3 89 50 200 0 0
38 99 63 0 15 50 100 0 0
38 99 63 1 15 25 50 0 0
38 99 63 2 15 100 200 0 0
38 99 63 3 15 50 100 0 0
38 99 64 0 15 50 100 0 0
38 99 64 1 15 25 50 0 0
38 99 64 2 15 100 200 0 0
38 99 64 3 15 50 100 0 0
39 99 1 0 2 100 100 0 0
39 99 1 1 2 50 50 0 0
39 99 1 2 2 200 200 0 0
39 99 1 3 2 100 100 0 0
39 99 3 0 3 50 100 0 0
39 99 3 1 3 25 50 0 0
39 99 3 2 3 100 200 0 0
39 99 3 3 3 50 100 0 0
39 99 18 0 21 100 200 0 0
39 99 18 1 21 50 100 0 0
39 99 18 2 21 200 400 0 0
39 99 18 3 21 100 200 0 0
39 99 23 0 3 100 100 0 0
39 99 23 1 3 50 50 0 0
39 99 23 2 3 200 200 0 0
39 99 23 3 3 100 100 0 0
39 99 43 0 13 50 200 0 0
39 99 43 1 13 25 100 0 0
39 99 43 2 13 100 400 0 0
39 99 43 3 13 50 200 0 0
39 99 50 0 90 50 200 0 0
39 99 50 1 90 25 100 0 0
39 99 50 2 90 100 400 0 0
39 99 50 3 90 50 200 0 0
39 99 63 0 15 50 100 0 0
39 99 63 1 15 25 50 0 0
39 99 63 2 15 100 200 0 0
39 99 63 3 15 50 100 0 0
39 99 64 0 15 50 100 0 0
39 99 64 1 15 25 50 0 0
39 99 64 2 15 100 200 0 0
39 99 64 3 15 50 100 0 0
40 99 1 0 2 100 100 0 0
40 99 1 1 2 50 50 0 0
40 99 1 2 2 200 200 0 0
40 99 1 3 2 100 100 0 0
40 99 3 0 3 50 100 0 0
40 99 3 1 3 25 50 0 0
40 99 3 2 3 100 200 0 0
40 99 3 3 3 50 100 0 0
40 99 18 0 22 100 200 0 0
40 99 18 1 22 50 100 0 0
40 99 18 2 22 200 400 0 0
40 99 18 3 22 100 200 0 0
40 99 23 0 4 100 100 0 0
40 99 23 1 4 50 50 0 0
40 99 23 2 4 200 200 0 0
40 99 23 3 4 100 100 0 0
40 99 43 0 14 50 200 0 0
40 99 43 1 14 25 100 0 0
40 99 43 2 14 100 400 0 0
40 99 43 3 14 50 200 0 0
40 99 50 0 91 50 200 0 0
40 99 50 1 91 25 100 0 0
40 99 50 2 91 100 400 0 0
40 99 50 3 91 50 200 0 0
40 99 63 0 16 50 100 0 0
40 99 63 1 16 25 50 0 0
40 99 63 2 16 100 200 0 0
40 99 63 3 16 50 100 0 0
40 99 64 0 16 50 100 0 0
40 99 64 1 16 25 50 0 0
40 99 64 2 16 100 200 0 0
40 99 64 3 16 50 100 0 0
41 99 1 0 2 100 100 0 0
41 99 1 1 2 50 50 0 0
41 99 1 2 2 200 200 0 0
41 99 1 3 2 100 100 0 0
41 99 3 0 3 50 100 0 0
41 99 3 1 3 25 50 0 0
41 99 3 2 3 100 200 0 0
41 99 3 3 3 50 100 0 0
41 99 18 0 22 100 200 0 0
41 99 18 1 22 50 100 0 0
41 99 18 2 22 200 400 0 0
41 99 18 3 22 100 200 0 0
41 99 23 0 4 100 100 0 0
41 99 23 1 4 50 50 0 0
41 99 23 2 4 200 200 0 0
41 99 23 3 4 100 100 0 0
41 99 43 0 14 50 200 0 0
41 99 43 1 14 25 100 0 0
41 99 43 2 14 100 400 0 0
41 99 43 3 14 50 200 0 0
41 99 50 0 92 50 200 0 0
41 99 50 1 92 25 100 0 0
41 99 50 2 92 100 400 0 0
41 99 50 3 92 50 200 0 0
41 99 63 0 16 50 100 0 0
41 99 63 1 16 25 50 0 0
41 99 63 2 16 100 200 0 0
41 99 63 3 16 50 100 0 0
41 99 64 0 16 50 100 0 0
41 99 64 1 16 25 50 0 0
41 99 64 2 16 100 200 0 0
41 99 64 3 16 50 100 0 0
42 99 1 0 2 100 100 0 0
42 99 1 1 2 50 50 0 0
42 99 1 2 2 200 200 0 0
42 99 1 3 2 100 100 0 0
42 99 3 0 3 50 100 0 0
42 99 3 1 3 25 50 0 0
42 99 3 2 3 100 200 0 0
42 99 3 3 3 50 100 0 0
42 99 18 0 23 100 200 0 0
42 99 18 1 23 50 100 0 0
42 99 18 2 23 200 400 0 0
42 99 18 3 23 100 200 0 0
42 99 23 0 4 100 100 0 0
42 99 23 1 4 50 50 0 0
42 99 23 2 4 200 200 0 0
42 99 23 3 4 100 100 0 0
42 99 43 0 14 50 200 0 0
42 99 43 1 14 25 100 0 0
42 99 43 2 14 100 400 0 0
42 99 43 3 14 50 200 0 0
42 99 50 0 93 50 200 0 0
42 99 50 1 93 25 100 0 0
42 99 50 2 93 100 400 0 0
42 99 50 3 93 50 200 0 0
42 99 63 0 16 50 100 0 0
42 99 63 1 16 25 50 0 0
42 99 63 2 16 100 200 0 0
42 99 63 3 16 50 100 0 0
42 99 64 0 16 50 100 0 0
42 99 64 1 16 25 50 0 0
42 99 64 2 16 100 200 0 0
42 99 64 3 16 50 100 0 0
43 99 1 0 2 100 100 0 0
43 99 1 1 2 50 50 0 0
43 99 1 2 2 200 200 0 0
43 99 1 3 2 100 100 0 0
43 99 3 0 3 50 100 0 0
43 99 3 1 3 25 50 0 0
43 99 3 2 3 100 200 0 0
43 99 3 3 3 50 100 0 0
43 99 18 0 23 100 200 0 0
43 99 18 1 23 50 100 0 0
43 99 18 2 23 200 400 0 0
43 99 18 3 23 100 200 0 0
43 99 23 0 4 100 100 0 0
43 99 23 1 4 50 50 0 0
43 99 23 2 4 200 200 0 0
43 99 23 3 4 100 100 0 0
43 99 43 0 15 50 200 0 0
43 99 43 1 15 25 100 0 0
43 99 43 2 15 100 400 0 0
43 99 43 3 15 50 200 0 0
43 99 50 0 94 50 200 0 0
43 99 50 1 94 25 100 0 0
43 99 50 2 94 100 400 0 0
43 99 50 3 94 50 200 0 0
43 99 63 0 17 50 100 0 0
43 99 63 1 17 25 50 0 0
43 99 63 2 17 100 200 0 0
43 99 63 3 17 50 100 0 0
43 99 64 0 17 50 100 0 0
43 99 64 1 17 25 50 0 0
43 99 64 2 17 100 200 0 0
43 99 64 3 17 50 100 0 0
44 99 1 0 2 100 100 0 0
44 99 1 1 2 50 50 0 0
44 99 1 2 2 200 200 0 0
44 99 1 3 2 100 100 0 0
44 99 3 0 3 50 100 0 0
44 99 3 1 3 25 50 0 0
44 99 3 2 3 100 200 0 0
44 99 3 3 3 50 100 0 0
44 99 18 0 24 100 200 0 0
44 99 18 1 24 50 100 0 0
44 99 18 2 24 200 400 0 0
44 99 18 3 24 100 200 0 0
44 99 23 0 4 100 100 0 0
44 99 23 1 4 50 50 0 0
44 99 23 2 4 200 200 0 0
44 99 23 3 4 100 100 0 0
44 99 43 0 15 50 200 0 0
44 99 43 1 15 25 100 0 0
44 99 43 2 15 100 400 0 0
44 99 43 3 15 50 200 0 0
44 99 50 0 95 50 200 0 0
44 99 50 1 95 25 100 0 0
44 99 50 2 95 100 400 0 0
44 99 50 3 95 50 200 0 0
44 99 63 0 17 50 100 0 0
44 99 63 1 17 25 50 0 0
44 99 63 2 17 100 200 0 0
44 99 63 3 17 50 100 0 0
44 99 64 0 17 50 100 0 0
44 99 64 1 17 25 50 0 0
44 99 64 2 17 100 200 0 0
44 99 64 3 17 50 100 0 0
45 99 1 0 2 100 100 0 0
45 99 1 1 2 50 50 0 0
45 99 1 2 2 200 200 0 0
45 99 1 3 2 100 100 0 0
45 99 3 0 3 50 100 0 0
45 99 3 1 3 25 50 0 0
45 99 3 2 3 100 200 0 0
45 99 3 3 3 50 100 0 0
45 99 18 0 24 100 200 0 0
45 99 18 1 24 50 100 0 0
45 99 18 2 24 200 400 0 0
45 99 18 3 24 100 200 0 0
45 99 23 0 4 100 100 0 0
45 99 23 1 4 50 50 0 0
45 99 23 2 4 200 200 0 0
45 99 23 3 4 100 100 0 0
45 99 43 0 15 50 200 0 0
45 99 43 1 15 25 100 0 0
45 99 43 2 15 100 400 0 0
45 99 43 3 15 50 200 0 0
45 99 50 0 96 50 200 0 0
45 99 50 1 96 25 100 0 0
45 99 50 2 96 100 400 0 0
45 99 50 3 96 50 200 0 0
45 99 63 0 18 50 100 0 0
45 99 63 1 18 25 50 0 0
45 99 63 2 18 100 200 0 0
45 99 63 3 18 50 100 0 0
45 99 64 0 18 50 100 0 0
45 99 64 1 18 25 50 0 0
45 99 64 2 18 100 200 0 0
45 99 64 3 18 50 100 0 0
46 99 1 0 2 100 100 0 0
46 99 1 1 2 50 50 0 0
46 99 1 2 2 200 200 0 0
46 99 1 3 2 100 100 0 0
46 99 3 0 3 50 100 0 0
46 99 3 1 3 25 50 0 0
46 99 3 2 3 100 200 0 0
46 99 3 3 3 50 100 0 0
46 99 18 0 25 100 200 0 0
46 99 18 1 25 50 100 0 0
46 99 18 2 25 200 400 0 0
46 99 18 3 25 100 200 0 0
46 99 23 0 4 100 100 0 0
46 99 23 1 4 50 50 0 0
46 99 23 2 4 200 200 0 0
46 99 23 3 4 100 100 0 0
46 99 43 0 16 50 200 0 0
46 99 43 1 16 25 100 0 0
46 99 43 2 16 100 400 0 0
46 99 43 3 16 50 200 0 0
46 99 50 0 97 50 200 0 0
46 99 50 1 97 25 100 0 0
46 99 50 2 97 100 400 0 0
46 99 50 3 97 50 200 0 0
46 99 63 0 18 50 100 0 0
46 99 63 1 18 25 50 0 0
46 99 63 2 18 100 200 0 0
46 99 63 3 18 50 100 0 0
46 99 64 0 18 50 100 0 0
46 99 64 1 18 25 50 0 0
46 99 64 2 18 100 200 0 0
46 99 64 3 18 50 100 0 0
47 99 1 0 2 100 100 0 0
47 99 1 1 2 50 50 0 0
47 99 1 2 2 200 200 0 0
47 99 1 3 2 100 100 0 0
47 99 3 0 3 50 100 0 0
47 99 3 1 3 25 50 0 0
47 99 3 2 3 100 200 0 0
47 99 3 3 3 50 100 0 0
47 99 18 0 26 100 200 0 0
47 99 18 1 26 50 100 0 0
47 99 18 2 26 200 400 0 0
47 99 18 3 26 100 200 0 0
47 99 23 0 4 100 100 0 0
47 99 23 1 4 50 50 0 0
47 99 23 2 4 200 200 0 0
47 99 23 3 4 100 100 0 0
47 99 43 0 16 50 200 0 0
47 99 43 1 16 25 100 0 0
47 99 43 2 16 100 400 0 0
47 99 43 3 16 50 200 0 0
47 99 50 0 98 50 200 0 0
47 99 50 1 98 25 100 0 0
47 99 50 2 98 100 400 0 0
47 99 50 3 98 50 200 0 0
47 99 63 0 18 50 100 0 0
47 99 63 1 18 25 50 0 0
47 99 63 2 18 100 200 0 0
47 99 63 3 18 50 100 0 0
47 99 64 0 18 50 100 0 0
47 99 64 1 18 25 50 0 0
47 99 64 2 18 100 200 0 0
47 99 64 3 18 50 100 0 0
48 99 1 0 2 100 100 0 0
48 99 1 1 2 50 50 0 0
48 99 1 2 2 200 200 0 0
48 99 1 3 2 100 100 0 0
48 99 3 0 3 50 100 0 0
48 99 3 1 3 25 50 0 0
48 99 3 2 3 100 200 0 0
48 99 3 3 3 50 100 0 0
48 99 18 0 26 100 200 0 0
48 99 18 1 26 50 100 0 0
48 99 18 2 26 200 400 0 0
48 99 18 3 26 100 200 0 0
48 99 23 0 4 100 100 0 0
48 99 23 1 4 50 50 0 0
48 99 23 2 4 200 200 0 0
48 99 23 3 4 100 100 0 0
48 99 43 0 16 50 200 0 0
48 99 43 1 16 25 100 0 0
48 99 43 2 16 100 400 0 0
48 99 43 3 16 50 200 0 0
48 99 50 0 99 50 200 0 0
48 99 50 1 99 25 100 0 0
48 99 50 2 99 100 400 0 0
48 99 50 3 99 50 200 0 0
48 99 63 0 19 50 100 0 0
48 99 63 1 19 25 50 0 0
48 99 63 2 19 100 200 0 0
48 99 63 3 19 50 100 0 0
48 99 64 0 19 50 100 0 0
48 99 64 1 19 25 50 0 0
48 99 64 2 19 100 200 0 0
48 99 64 3 19 50 100 0 0
49 99 1 0 2 100 100 0 0
49 99 1 1 2 50 50 0 0
49 99 1 2 2 200 200 0 0
49 99 1 3 2 100 100 0 0
49 99 3 0 3 50 100 0 0
49 99 3 1 3 25 50 0 0
49 99 3 2 3 100 200 0 0
49 99 3 3 3 50 100 0 0
49 99 18 0 27 100 200 0 0
49 99 18 1 27 50 100 0 0
49 99 18 2 27 200 400 0 0
49 99 18 3 27 100 200 0 0
49 99 23 0 4 100 100 0 0
49 99 23 1 4 50 50 0 0
49 99 23 2 4 200 200 0 0
49 99 23 3 4 100 100 0 0
49 99 43 0 17 50 200 0 0
49 99 43 1 17 25 100 0 0
49 99 43 2 17 100 400 0 0
49 99 43 3 17 50 200 0 0
49 99 50 0 100 50 200 0 0
49 99 50 1 100 25 100 0 0
49 99 50 2 100 100 400 0 0
49 99 50 3 100 50 200 0 0
49 99 63 0 19 50 100 0 0
49 99 63 1 19 25 50 0 0
49 99 63 2 19 100 200 0 0
49 99 63 3 19 50 100 0 0
49 99 64 0 19 50 100 0 0
49 99 64 1 19 25 50 0 0
49 99 64 2 19 100 200 0 0
49 99 64 3 19 50 100 0 0
50 99 1 0 3 100 100 0 0
50 99 1 1 3 50 50 0 0
50 99 1 2 3 200 200 0 0
50 99 1 3 3 100 100 0 0
50 99 3 0 4 50 100 0 0
50 99 3 1 4 25 50 0 0
50 99 3 2 4 100 200 0 0
50 99 3 3 4 50 100 0 0
50 99 18 0 27 100 200 0 0
50 99 18 1 27 50 100 0 0
50 99 18 2 27 200 400 0 0
50 99 18 3 27 100 200 0 0
50 99 23 0 5 100 100 0 0
50 99 23 1 5 50 50 0 0
50 99 23 2 5 200 200 0 0
50 99 23 3 5 100 100 0 0
50 99 43 0 17 50 200 0 0
50 99 43 1 17 25 100 0 0
50 99 43 2 17 100 400 0 0
50 99 43 3 17 50 200 0 0
50 99 50 0 101 50 200 0 0
50 99 50 1 101 25 100 0 0
50 99 50 2 101 100 400 0 0
50 99 50 3 101 50 200 0 0
50 99 63 0 20 50 100 0 0
50 99 63 1 20 25 50 0 0
50 99 63 2 20 100 200 0 0
50 99 63 3 20 50 100 0 0
50 99 64 0 20 50 100 0 0
50 99 64 1 20 25 50 0 0
50 99 64 2 20 100 200 0 0
50 99 64 3 20 50 100 0 0
51 99 1 0 3 100 100 0 0
51 99 1 1 3 50 50 0 0
51 99 1 2 3 200 200 0 0
51 99 1 3 3 100 100 0 0
51 99 3 0 4 50 100 0 0
51 99 3 1 4 25 50 0 0
51 99 3 2 4 100 200 0 0
51 99 3 3 4 50 100 0 0
51 99 18 0 28 100 200 0 0
51 99 18 1 28 50 100 0 0
51 99 18 2 28 200 400 0 0
51 99 18 3 28 100 200 0 0
51 99 23 0 5 100 100 0 0
51 99 23 1 5 50 50 0 0
51 99 23 2 5 200 200 0 0
51 99 23 3 5 100 100 0 0
51 99 43 0 18 50 200 0 0
51 99 43 1 18 25 100 0 0
51 99 43 2 18 100 400 0 0
51 99 43 3 18 50 200 0 0
51 99 50 0 102 50 200 0 0
51 99 50 1 102 25 100 0 0
51 99 50 2 102 100 400 0 0
51 99 50 3 102 50 200 0 0
51 99 63 0 20 50 100 0 0
51 99 63 1 20 25 50 0 0
51 99 63 2 20 100 200 0 0
51 99 63 3 20 50 100 0 0
51 99 64 0 20 50 100 0 0
51 99 64 1 20 25 50 0 0
51 99 64 2 20 100 200 0 0
51 99 64 3 20 50 100 0 0
52 99 1 0 3 100 100 0 0
52 99 1 1 3 50 50 0 0
52 99 1 2 3 200 200 0 0
52 99 1 3 3 100 100 0 0
52 99 3 0 4 50 100 0 0
52 99 3 1 4 25 50 0 0
52 99 3 2 4 100 200 0 0
52 99 3 3 4 50 100 0 0
52 99 18 0 28 100 200 0 0
52 99 18 1 28 50 100 0 0
52 99 18 2 28 200 400 0 0
52 99 18 3 28 100 200 0 0
52 99 23 0 5 100 100 0 0
52 99 23 1 5 50 50 0 0
52 99 23 2 5 200 200 0 0
52 99 23 3 5 100 100 0 0
52 99 43 0 18 50 200 0 0
52 99 43 1 18 25 100 0 0
52 99 43 2 18 100 400 0 0
52 99 43 3 18 50 200 0 0
52 99 50 0 103 50 200 0 0
52 99 50 1 103 25 100 0 0
52 99 50 2 103 100 400 0 0
52 99 50 3 103 50 200 0 0
52 99 63 0 21 50 100 0 0
52 99 63 1 21 25 50 0 0
52 99 63 2 21 100 200 0 0
52 99 63 3 21 50 100 0 0
52 99 64 0 21 50 100 0 0
52 99 64 1 21 25 50 0 0
52 99 64 2 21 100 200 0 0
52 99 64 3 21 50 100 0 0
53 99 1 0 3 100 100 0 0
53 99 1 1 3 50 50 0 0
53 99 1 2 3 200 200 0 0
53 99 1 3 3 100 100 0 0
53 99 3 0 4 50 100 0 0
53 99 3 1 4 25 50 0 0
53 99 3 2 4 100 200 0 0
53 99 3 3 4 50 100 0 0
53 99 18 0 29 100 200 0 0
53 99 18 1 29 50 100 0 0
53 99 18 2 29 200 400 0 0
53 99 18 3 29 100 200 0 0
53 99 23 0 5 100 100 0 0
53 99 23 1 5 50 50 0 0
53 99 23 2 5 200 200 0 0
53 99 23 3 5 100 100 0 0
53 99 43 0 18 50 200 0 0
53 99 43 1 18 25 100 0 0
53 99 43 2 18 100 400 0 0
53 99 43 3 18 50 200 0 0
53 99 50 0 104 50 200 0 0
53 99 50 1 104 25 100 0 0
53 99 50 2 104 100 400 0 0
53 99 50 3 104 50 200 0 0
53 99 63 0 21 50 100 0 0
53 99 63 1 21 25 50 0 0
53 99 63 2 21 100 200 0 0
53 99 63 3 21 50 100 0 0
53 99 64 0 21 50 100 0 0
53 99 64 1 21 25 50 0 0
53 99 64 2 21 100 200 0 0
53 99 64 3 21 50 100 0 0
54 99 1 0 3 100 100 0 0
54 99 1 1 3 50 50 0 0
54 99 1 2 3 200 200 0 0
54 99 1 3 3 100 100 0 0
54 99 3 0 4 50 100 0 0
54 99 3 1 4 25 50 0 0
54 99 3 2 4 100 200 0 0
54 99 3 3 4 50 100 0 0
54 99 18 0 29 100 200 0 0
54 99 18 1 29 50 100 0 0
54 99 18 2 29 200 400 0 0
54 99 18 3 29 100 200 0 0
54 99 23 0 5 100 100 0 0
54 99 23 1 5 50 50 0 0
54 99 23 2 5 200 200 0 0
54 99 23 3 5 100 100 0 0
54 99 43 0 19 50 200 0 0
54 99 43 1 19 25 100 0 0
54 99 43 2 19 100 400 0 0
54 99 43 3 19 50 200 0 0
54 99 50 0 105 50 200 0 0
54 99 50 1 105 25 100 0 0
54 99 50 2 105 100 400 0 0
54 99 50 3 105 50 200 0 0
54 99 63 0 21 50 100 0 0
54 99 63 1 21 25 50 0 0
54 99 63 2 21 100 200 0 0
54 99 63 3 21 50 100 0 0
54 99 64 0 21 50 100 0 0
54 99 64 1 21 25 50 0 0
54 99 64 2 21 100 200 0 0
54 99 64 3 21 50 100 0 0
55 99 1 0 3 100 100 0 0
55 99 1 1 3 50 50 0 0
55 99 1 2 3 200 200 0 0
55 99 1 3 3 100 100 0 0
55 99 3 0 4 50 100 0 0
55 99 3 1 4 25 50 0 0
55 99 3 2 4 100 200 0 0
55 99 3 3 4 50 100 0 0
55 99 18 0 30 100 200 0 0
55 99 18 1 30 50 100 0 0
55 99 18 2 30 200 400 0 0
55 99 18 3 30 100 200 0 0
55 99 23 0 5 100 100 0 0
55 99 23 1 5 50 50 0 0
55 99 23 2 5 200 200 0 0
55 99 23 3 5 100 100 0 0
55 99 43 0 19 50 200 0 0
55 99 43 1 19 25 100 0 0
55 99 43 2 19 100 400 0 0
55 99 43 3 19 50 200 0 0
55 99 50 0 106 50 200 0 0
55 99 50 1 106 25 100 0 0
55 99 50 2 106 100 400 0 0
55 99 50 3 106 50 200 0 0
55 99 63 0 22 50 100 0 0
55 99 63 1 22 25 50 0 0
55 99 63 2 22 100 200 0 0
55 99 63 3 22 50 100 0 0
55 99 64 0 22 50 100 0 0
55 99 64 1 22 25 50 0 0
55 99 64 2 22 100 200 0 0
55 99 64 3 22 50 100 0 0
56 99 1 0 3 100 100 0 0
56 99 1 1 3 50 50 0 0
56 99 1 2 3 200 200 0 0
56 99 1 3 3 100 100 0 0
56 99 3 0 4 50 100 0 0
56 99 3 1 4 25 50 0 0
56 99 3 2 4 100 200 0 0
56 99 3 3 4 50 100 0 0
56 99 18 0 31 100 200 0 0
56 99 18 1 31 50 100 0 0
56 99 18 2 31 200 400 0 0
56 99 18 3 31 100 200 0 0
56 99 23 0 5 100 100 0 0
56 99 23 1 5 50 50 0 0
56 99 23 2 5 200 200 0 0
56 99 23 3 5 100 100 0 0
56 99 43 0 19 50 200 0 0
56 99 43 1 19 25 100 0 0
56 99 43 2 19 100 400 0 0
56 99 43 3 19 50 200 0 0
56 99 50 0 107 50 200 0 0
56 99 50 1 107 25 100 0 0
56 99 50 2 107 100 400 0 0
56 99 50 3 107 50 200 0 0
56 99 63 0 22 50 100 0 0
56 99 63 1 22 25 50 0 0
56 99 63 2 22 100 200 0 0
56 99 63 3 22 50 100 0 0
56 99 64 0 22 50 100 0 0
56 99 64 1 22 25 50 0 0
56 99 64 2 22 100 200 0 0
56 99 64 3 22 50 100 0 0
57 99 1 0 3 100 100 0 0
57 99 1 1 3 50 50 0 0
57 99 1 2 3 200 200 0 0
57 99 1 3 3 100 100 0 0
57 99 3 0 4 50 100 0 0
57 99 3 1 4 25 50 0 0
57 99 3 2 4 100 200 0 0
57 99 3 3 4 50 100 0 0
57 99 18 0 31 100 200 0 0
57 99 18 1 31 50 100 0 0
57 99 18 2 31 200 400 0 0
57 99 18 3 31 100 200 0 0
57 99 23 0 5 100 100 0 0
57 99 23 1 5 50 50 0 0
57 99 23 2 5 200 200 0 0
57 99 23 3 5 100 100 0 0
57 99 43 0 20 50 200 0 0
57 99 43 1 20 25 100 0 0
57 99 43 2 20 100 400 0 0
57 99 43 3 20 50 200 0 0
57 99 50 0 108 50 200 0 0
57 99 50 1 108 25 100 0 0
57 99 50 2 108 100 400 0 0
57 99 50 3 108 50 200 0 0
57 99 63 0 23 50 100 0 0
57 99 63 1 23 25 50 0 0
57 99 63 2 23 100 200 0 0
57 99 63 3 23 50 100 0 0
57 99 64 0 23 50 100 0 0
57 99 64 1 23 25 50 0 0
57 99 64 2 23 100 200 0 0
57 99 64 3 23 50 100 0 0
58 99 1 0 3 100 100 0 0
58 99 1 1 3 50 50 0 0
58 99 1 2 3 200 200 0 0
58 99 1 3 3 100 100 0 0
58 99 3 0 4 50 100 0 0
58 99 3 1 4 25 50 0 0
58 99 3 2 4 100 200 0 0
58 99 3 3 4 50 100 0 0
58 99 18 0 32 100 200 0 0
58 99 18 1 32 50 100 0 0
58 99 18 2 32 200 400 0 0
58 99 18 3 32 100 200 0 0
58 99 23 0 5 100 100 0 0
58 99 23 1 5 50 50 0 0
58 99 23 2 5 200 200 0 0
58 99 23 3 5 100 100 0 0
58 99 43 0 20 50 200 0 0
58 99 43 1 20 25 100 0 0
58 99 43 2 20 100 400 0 0
58 99 43 3 20 50 200 0 0
58 99 50 0 109 50 200 0 0
58 99 50 1 109 25 100 0 0
58 99 50 2 109 100 400 0 0
58 99 50 3 109 50 200 0 0
58 99 63 0 23 50 100 0 0
58 99 63 1 23 25 50 0 0
58 99 63 2 23 100 200 0 0
58 99 63 3 23 50 100 0 0
58 99 64 0 23 50 100 0 0
58 99 64 1 23 25 50 0 0
58 99 64 2 23 100 200 0 0
58 99 64 3 23 50 100 0 0
59 99 1 0 3 100 100 0 0
59 99 1 1 3 50 50 0 0
59 99 1 2 3 200 200 0 0
59 99 1 3 3 100 100 0 0
59 99 3 0 4 50 100 0 0
59 99 3 1 4 25 50 0 0
59 99 3 2 4 100 200 0 0
59 99 3 3 4 50 100 0 0
59 99 18 0 32 100 200 0 0
59 99 18 1 32 50 100 0 0
59 99 18 2 32 200 400 0 0
59 99 18 3 32 100 200 0 0
59 99 23 0 5 100 100 0 0
59 99 23 1 5 50 50 0 0
59 99 23 2 5 200 200 0 0
59 99 23 3 5 100 100 0 0
59 99 43 0 20 50 200 0 0
59 99 43 1 20 25 100 0 0
59 99 43 2 20 100 400 0 0
59 99 43 3 20 50 200 0 0
59 99 50 0 110 50 200 0 0
59 99 50 1 110 25 100 0 0
59 99 50 2 110 100 400 0 0
59 99 50 3 110 50 200 0 0
59 99 63 0 23 50 100 0 0
59 99 63 1 23 25 50 0 0
59 99 63 2 23 100 200 0 0
59 99 63 3 23 50 100 0 0
59 99 64 0 23 50 100 0 0
59 99 64 1 23 25 50 0 0
59 99 64 2 23 100 200 0 0
59 99 64 3 23 50 100 0 0
60 99 1 0 3 100 100 0 0
60 99 1 1 3 50 50 0 0
60 99 1 2 3 200 200 0 0
60 99 1 3 3 100 100 0 0
60 99 3 0 4 50 100 0 0
60 99 3 1 4 25 50 0 0
60 99 3 2 4 100 200 0 0
60 99 3 3 4 50 100 0 0
60 99 18 0 33 100 200 0 0
60 99 18 1 33 50 100 0 0
60 99 18 2 33 200 400 0 0
60 99 18 3 33 100 200 0 0
60 99 23 0 6 100 100 0 0
60 99 23 1 6 50 50 0 0
60 99 23 2 6 200 200 0 0
60 99 23 3 6 100 100 0 0
60 99 43 0 21 50 200 0 0
60 99 43 1 21 25 100 0 0
60 99 43 2 21 100 400 0 0
60 99 43 3 21 50 200 0 0
60 99 50 0 111 50 200 0 0
60 99 50 1 111 25 100 0 0
60 99 50 2 111 100 400 0 0
60 99 50 3 111 50 200 0 0
60 99 63 0 24 50 100 0 0
60 99 63 1 24 25 50 0 0
60 99 63 2 24 100 200 0 0
60 99 63 3 24 50 100 0 0
60 99 64 0 24 50 100 0 0
60 99 64 1 24 25 50 0 0
60 99 64 2 24 100 200 0 0
60 99 64 3 24 50 100 0 0
61 99 1 0 3 100 100 0 0
61 99 1 1 3 50 50 0 0
61 99 1 2 3 200 200 0 0
61 99 1 3 3 100 100 0 0
61 99 3 0 4 50 100 0 0
61 99 3 1 4 25 50 0 0
61 99 3 2 4 100 200 0 0
61 99 3 3 4 50 100 0 0
61 99 18 0 33 100 200 0 0
61 99 18 1 33 50 100 0 0
61 99 18 2 33 200 400 0 0
61 99 18 3 33 100 200 0 0
61 99 23 0 6 100 100 0 0
61 99 23 1 6 50 50 0 0
61 99 23 2 6 200 200 0 0
61 99 23 3 6 100 100 0 0
61 99 43 0 21 50 200 0 0
61 99 43 1 21 25 100 0 0
61 99 43 2 21 100 400 0 0
61 99 43 3 21 50 200 0 0
61 99 50 0 112 50 200 0 0
61 99 50 1 112 25 100 0 0
61 99 50 2 112 100 400 0 0
61 99 50 3 112 50 200 0 0
61 99 63 0 24 50 100 0 0
61 99 63 1 24 25 50 0 0
61 99 63 2 24 100 200 0 0
61 99 63 3 24 50 100 0 0
61 99 64 0 24 50 100 0 0
61 99 64 1 24 25 50 0 0
61 99 64 2 24 100 200 0 0
61 99 64 3 24 50 100 0 0
62 99 1 0 3 100 100 0 0
62 99 1 1 3 50 50 0 0
62 99 1 2 3 200 200 0 0
62 99 1 3 3 100 100 0 0
62 99 3 0 5 50 100 0 0
62 99 3 1 5 25 50 0 0
62 99 3 2 5 100 200 0 0
62 99 3 3 5 50 100 0 0
62 99 18 0 34 100 200 0 0
62 99 18 1 34 50 100 0 0
62 99 18 2 34 200 400 0 0
62 99 18 3 34 100 200 0 0
62 99 23 0 6 100 100 0 0
62 99 23 1 6 50 50 0 0
62 99 23 2 6 200 200 0 0
62 99 23 3 6 100 100 0 0
62 99 43 0 21 50 200 0 0
62 99 43 1 21 25 100 0 0
62 99 43 2 21 100 400 0 0
62 99 43 3 21 50 200 0 0
62 99 50 0 113 50 200 0 0
62 99 50 1 113 25 100 0 0
62 99 50 2 113 100 400 0 0
62 99 50 3 113 50 200 0 0
62 99 63 0 25 50 100 0 0
62 99 63 1 25 25 50 0 0
62 99 63 2 25 100 200 0 0
62 99 63 3 25 50 100 0 0
62 99 64 0 25 50 100 0 0
62 99 64 1 25 25 50 0 0
62 99 64 2 25 100 200 0 0
62 99 64 3 25 50 100 0 0
63 99 1 0 3 100 100 0 0
63 99 1 1 3 50 50 0 0
63 99 1 2 3 200 200 0 0
63 99 1 3 3 100 100 0 0
63 99 3 0 5 50 100 0 0
63 99 3 1 5 25 50 0 0
63 99 3 2 5 100 200 0 0
63 99 3 3 5 50 100 0 0
63 99 18 0 34 100 200 0 0
63 99 18 1 34 50 100 0 0
63 99 18 2 34 200 400 0 0
63 99 18 3 34 100 200 0 0
63 99 23 0 6 100 100 0 0
63 99 23 1 6 50 50 0 0
63 99 23 2 6 200 200 0 0
63 99 23 3 6 100 100 0 0
63 99 43 0 22 50 200 0 0
63 99 43 1 22 25 100 0 0
63 99 43 2 22 100 400 0 0
63 99 43 3 22 50 200 0 0
63 99 50 0 114 50 200 0 0
63 99 50 1 114 25 100 0 0
63 99 50 2 114 100 400 0 0
63 99 50 3 114 50 200 0 0
63 99 63 0 25 50 100 0 0
63 99 63 1 25 25 50 0 0
63 99 63 2 25 100 200 0 0
63 99 63 3 25 50 100 0 0
63 99 64 0 25 50 100 0 0
63 99 64 1 25 25 50 0 0
63 99 64 2 25 100 200 0 0
63 99 64 3 25 50 100 0 0
64 99 1 0 3 100 100 0 0
64 99 1 1 3 50 50 0 0
64 99 1 2 3 200 200 0 0
64 99 1 3 3 100 100 0 0
64 99 3 0 5 50 100 0 0
64 99 3 1 5 25 50 0 0
64 99 3 2 5 100 200 0 0
64 99 3 3 5 50 100 0 0
64 99 18 0 35 100 200 0 0
64 99 18 1 35 50 100 0 0
64 99 18 2 35 200 400 0 0
64 99 18 3 35 100 200 0 0
64 99 23 0 6 100 100 0 0
64 99 23 1 6 50 50 0 0
64 99 23 2 6 200 200 0 0
64 99 23 3 6 100 100 0 0
64 99 43 0 22 50 200 0 0
64 99 43 1 22 25 100 0 0
64 99 43 2 22 100 400 0 0
64 99 43 3 22 50 200 0 0
64 99 50 0 115 50 200 0 0
64 99 50 1 115 25 100 0 0
64 99 50 2 115 100 400 0 0
64 99 50 3 115 50 200 0 0
64 99 63 0 25 50 100 0 0
64 99 63 1 25 25 50 0 0
64 99 63 2 25 100 200 0 0
64 99 63 3 25 50 100 0 0
64 99 64 0 25 50 100 0 0
64 99 64 1 25 25 50 0 0
64 99 64 2 25 100 200 0 0
64 99 64 3 25 50 100 0 0
65 99 1 0 3 100 100 0 0
65 99 1 1 3 50 50 0 0
65 99 1 2 3 200 200 0 0
65 99 1 3 3 100 100 0 0
65 99 3 0 5 50 100 0 0
65 99 3 1 5 25 50 0 0
65 99 3 2 5 100 200 0 0
65 99 3 3 5 50 100 0 0
65 99 18 0 36 100 200 0 0
65 99 18 1 36 50 100 0 0
65 99 18 2 36 200 400 0 0
65 99 18 3 36 100 200 0 0
65 99 23 0 6 100 100 0 0
65 99 23 1 6 50 50 0 0
65 99 23 2 6 200 200 0 0
65 99 23 3 6 100 100 0 0
65 99 43 0 22 50 200 0 0
65 99 43 1 22 25 100 0 0
65 99 43 2 22 100 400 0 0
65 99 43 3 22 50 200 0 0
65 99 50 0 116 50 200 0 0
65 99 50 1 116 25 100 0 0
65 99 50 2 116 100 400 0 0
65 99 50 3 116 50 200 0 0
65 99 63 0 26 50 100 0 0
65 99 63 1 26 25 50 0 0
65 99 63 2 26 100 200 0 0
65 99 63 3 26 50 100 0 0
65 99 64 0 26 50 100 0 0
65 99 64 1 26 25 50 0 0
65 99 64 2 26 100 200 0 0
65 99 64 3 26 50 100 0 0
66 99 1 0 3 100 100 0 0
66 99 1 1 3 50 50 0 0
66 99 1 2 3 200 200 0 0
66 99 1 3 3 100 100 0 0
66 99 3 0 5 50 100 0 0
66 99 3 1 5 25 50 0 0
66 99 3 2 5 100 200 0 0
66 99 3 3 5 50 100 0 0
66 99 18 0 36 100 200 0 0
66 99 18 1 36 50 100 0 0
66 99 18 2 36 200 400 0 0
66 99 18 3 36 100 200 0 0
66 99 23 0 6 100 100 0 0
66 99 23 1 6 50 50 0 0
66 99 23 2 6 200 200 0 0
66 99 23 3 6 100 100 0 0
66 99 43 0 23 50 200 0 0
66 99 43 1 23 25 100 0 0
66 99 43 2 23 100 400 0 0
66 99 43 3 23 50 200 0 0
66 99 50 0 117 50 200 0 0
66 99 50 1 117 25 100 0 0
66 99 50 2 117 100 400 0 0
66 99 50 3 117 50 200 0 0
66 99 63 0 26 50 100 0 0
66 99 63 1 26 25 50 0 0
66 99 63 2 26 100 200 0 0
66 99 63 3 26 50 100 0 0
66 99 64 0 26 50 100 0 0
66 99 64 1 26 25 50 0 0
66 99 64 2 26 100 200 0 0
66 99 64 3 26 50 100 0 0
67 99 1 0 4 100 100 0 0
67 99 1 1 4 50 50 0 0
67 99 1 2 4 200 200 0 0
67 99 1 3 4 100 100 0 0
67 99 3 0 5 50 100 0 0
67 99 3 1 5 25 50 0 0
67 99 3 2 5 100 200 0 0
67 99 3 3 5 50 100 0 0
67 99 18 0 37 100 200 0 0
67 99 18 1 37 50 100 0 0
67 99 18 2 37 200 400 0 0
67 99 18 3 37 100 200 0 0
67 99 23 0 6 100 100 0 0
67 99 23 1 6 50 50 0 0
67 99 23 2 6 200 200 0 0
67 99 23 3 6 100 100 0 0
67 99 43 0 23 50 200 0 0
67 99 43 1 23 25 100 0 0
67 99 43 2 23 100 400 0 0
67 99 43 3 23 50 200 0 0
67 99 50 0 118 50 200 0 0
67 99 50 1 118 25 100 0 0
67 99 50 2 118 100 400 0 0
67 99 50 3 118 50 200 0 0
67 99 63 0 27 50 100 0 0
67 99 63 1 27 25 50 0 0
67 99 63 2 27 100 200 0 0
67 99 63 3 27 50 100 0 0
67 99 64 0 27 50 100 0 0
67 99 64 1 27 25 50 0 0
67 99 64 2 27 100 200 0 0
67 99 64 3 27 50 100 0 0
68 99 1 0 4 100 100 0 0
68 99 1 1 4 50 50 0 0
68 99 1 2 4 200 200 0 0
68 99 1 3 4 100 100 0 0
68 99 3 0 5 50 100 0 0
68 99 3 1 5 25 50 0 0
68 99 3 2 5 100 200 0 0
68 99 3 3 5 50 100 0 0
68 99 18 0 37 100 200 0 0
68 99 18 1 37 50 100 0 0
68 99 18 2 37 200 400 0 0
68 99 18 3 37 100 200 0 0
68 99 23 0 6 100 100 0 0
68 99 23 1 6 50 50 0 0
68 99 23 2 6 200 200 0 0
68 99 23 3 6 100 100 0 0
68 99 43 0 24 50 200 0 0
68 99 43 1 24 25 100 0 0
68 99 43 2 24 100 400 0 0
68 99 43 3 24 50 200 0 0
68 99 50 0 119 50 200 0 0
68 99 50 1 119 25 100 0 0
68 99 50 2 119 100 400 0 0
68 99 50 3 119 50 200 0 0
68 99 63 0 27 50 100 0 0
68 99 63 1 27 25 50 0 0
68 99 63 2 27 100 200 0 0
68 99 63 3 27 50 100 0 0
68 99 64 0 27 50 100 0 0
68 99 64 1 27 25 50 0 0
68 99 64 2 27 100 200 0 0
68 99 64 3 27 50 100 0 0
69 99 1 0 4 100 100 0 0
69 99 1 1 4 50 50 0 0
69 99 1 2 4 200 200 0 0
69 99 1 3 4 100 100 0 0
69 99 3 0 5 50 100 0 0
69 99 3 1 5 25 50 0 0
69 99 3 2 5 100 200 0 0
69 99 3 3 5 50 100 0 0
69 99 18 0 38 100 200 0 0
69 99 18 1 38 50 100 0 0
69 99 18 2 38 200 400 0 0
69 99 18 3 38 100 200 0 0
69 99 23 0 6 100 100 0 0
69 99 23 1 6 50 50 0 0
69 99 23 2 6 200 200 0 0
69 99 23 3 6 100 100 0 0
69 99 43 0 24 50 200 0 0
69 99 43 1 24 25 100 0 0
69 99 43 2 24 100 400 0 0
69 99 43 3 24 50 200 0 0
69 99 50 0 120 50 200 0 0
69 99 50 1 120 25 100 0 0
69 99 50 2 120 100 400 0 0
69 99 50 3 120 50 200 0 0
69 99 63 0 27 50 100 0 0
69 99 63 1 27 25 50 0 0
69 99 63 2 27 100 200 0 0
69 99 63 3 27 50 100 0 0
69 99 64 0 27 50 100 0 0
69 99 64 1 27 25 50 0 0
69 99 64 2 27 100 200 0 0
69 99 64 3 27 50 100 0 0
70 99 1 0 4 100 100 0 0
70 99 1 1 4 50 50 0 0
70 99 1 2 4 200 200 0 0
70 99 1 3 4 100 100 0 0
70 99 3 0 5 50 100 0 0
70 99 3 1 5 25 50 0 0
70 99 3 2 5 100 200 0 0
70 99 3 3 5 50 100 0 0
70 99 18 0 38 100 200 0 0
70 99 18 1 38 50 100 0 0
70 99 18 2 38 200 400 0 0
70 99 18 3 38 100 200 0 0
70 99 23 0 7 100 100 0 0
70 99 23 1 7 50 50 0 0
70 99 23 2 7 200 200 0 0
70 99 23 3 7 100 100 0 0
70 99 43 0 24 50 200 0 0
70 99 43 1 24 25 100 0 0
70 99 43 2 24 100 400 0 0
70 99 43 3 24 50 200 0 0
70 99 50 0 121 50 200 0 0
70 99 50 1 121 25 100 0 0
70 99 50 2 121 100 400 0 0
70 99 50 3 121 50 200 0 0
70 99 63 0 28 50 100 0 0
70 99 63 1 28 25 50 0 0
70 99 63 2 28 100 200 0 0
70 99 63 3 28 50 100 0 0
70 99 64 0 28 50 100 0 0
70 99 64 1 28 25 50 0 0
70 99 64 2 28 100 200 0 0
70 99 64 3 28 50 100 0 0
71 99 1 0 4 100 100 0 0
71 99 1 1 4 50 50 0 0
71 99 1 2 4 200 200 0 0
71 99 1 3 4 100 100 0 0
71 99 3 0 5 50 100 0 0
71 99 3 1 5 25 50 0 0
71 99 3 2 5 100 200 0 0
71 99 3 3 5 50 100 0 0
71 99 18 0 39 100 200 0 0
71 99 18 1 39 50 100 0 0
71 99 18 2 39 200 400 0 0
71 99 18 3 39 100 200 0 0
71 99 23 0 7 100 100 0 0
71 99 23 1 7 50 50 0 0
71 99 23 2 7 200 200 0 0
71 99 23 3 7 100 100 0 0
71 99 43 0 25 50 200 0 0
71 99 43 1 25 25 100 0 0
71 99 43 2 25 100 400 0 0
71 99 43 3 25 50 200 0 0
71 99 50 0 122 50 200 0 0
71 99 50 1 122 25 100 0 0
71 99 50 2 122 100 400 0 0
71 99 50 3 122 50 200 0 0
71 99 63 0 28 50 100 0 0
71 99 63 1 28 25 50 0 0
71 99 63 2 28 100 200 0 0
71 99 63 3 28 50 100 0 0
71 99 64 0 28 50 100 0 0
71 99 64 1 28 25 50 0 0
71 99 64 2 28 100 200 0 0
71 99 64 3 28 50 100 0 0
72 99 1 0 4 100 100 0 0
72 99 1 1 4 50 50 0 0
72 99 1 2 4 200 200 0 0
72 99 1 3 4 100 100 0 0
72 99 3 0 5 50 100 0 0
72 99 3 1 5 25 50 0 0
72 99 3 2 5 100 200 0 0
72 99 3 3 5 50 100 0 0
72 99 18 0 39 100 200 0 0
72 99 18 1 39 50 100 0 0
72 99 18 2 39 200 400 0 0
72 99 18 3 39 100 200 0 0
72 99 23 0 7 100 100 0 0
72 99 23 1 7 50 50 0 0
72 99 23 2 7 200 200 0 0
72 99 23 3 7 100 100 0 0
72 99 43 0 25 50 200 0 0
72 99 43 1 25 25 100 0 0
72 99 43 2 25 100 400 0 0
72 99 43 3 25 50 200 0 0
72 99 50 0 123 50 200 0 0
72 99 50 1 123 25 100 0 0
72 99 50 2 123 100 400 0 0
72 99 50 3 123 50 200 0 0
72 99 63 0 29 50 100 0 0
72 99 63 1 29 25 50 0 0
72 99 63 2 29 100 200 0 0
72 99 63 3 29 50 100 0 0
72 99 64 0 29 50 100 0 0
72 99 64 1 29 25 50 0 0
72 99 64 2 29 100 200 0 0
72 99 64 3 29 50 100 0 0
73 99 1 0 4 100 100 0 0
73 99 1 1 4 50 50 0 0
73 99 1 2 4 200 200 0 0
73 99 1 3 4 100 100 0 0
73 99 3 0 5 50 100 0 0
73 99 3 1 5 25 50 0 0
73 99 3 2 5 100 200 0 0
73 99 3 3 5 50 100 0 0
73 99 18 0 40 100 200 0 0
73 99 18 1 40 50 100 0 0
73 99 18 2 40 200 400 0 0
73 99 18 3 40 100 200 0 0
73 99 23 0 7 100 100 0 0
73 99 23 1 7 50 50 0 0
73 99 23 2 7 200 200 0 0
73 99 23 3 7 100 100 0 0
73 99 43 0 25 50 200 0 0
73 99 43 1 25 25 100 0 0
73 99 43 2 25 100 400 0 0
73 99 43 3 25 50 200 0 0
73 99 50 0 124 50 200 0 0
73 99 50 1 124 25 100 0 0
73 99 50 2 124 100 400 0 0
73 99 50 3 124 50 200 0 0
73 99 63 0 29 50 100 0 0
73 99 63 1 29 25 50 0 0
73 99 63 2 29 100 200 0 0
73 99 63 3 29 50 100 0 0
73 99 64 0 29 50 100 0 0
73 99 64 1 29 25 50 0 0
73 99 64 2 29 100 200 0 0
73 99 64 3 29 50 100 0 0
74 99 1 0 4 100 100 0 0
74 99 1 1 4 50 50 0 0
74 99 1 2 4 200 200 0 0
74 99 1 3 4 100 100 0 0
74 99 3 0 5 50 100 0 0
74 99 3 1 5 25 50 0 0
74 99 3 2 5 100 200 0 0
74 99 3 3 5 50 100 0 0
74 99 18 0 41 100 200 0 0
74 99 18 1 41 50 100 0 0
74 99 18 2 41 200 400 0 0
74 99 18 3 41 100 200 0 0
74 99 23 0 7 100 100 0 0
74 99 23 1 7 50 50 0 0
74 99 23 2 7 200 200 0 0
74 99 23 3 7 100 100 0 0
74 99 43 0 26 50 200 0 0
74 99 43 1 26 25 100 0 0
74 99 43 2 26 100 400 0 0
74 99 43 3 26 50 200 0 0
74 99 50 0 125 50 200 0 0
74 99 50 1 125 25 100 0 0
74 99 50 2 125 100 400 0 0
74 99 50 3 125 50 200 0 0
74 99 63 0 29 50 100 0 0
74 99 63 1 29 25 50 0 0
74 99 63 2 29 100 200 0 0
74 99 63 3 29 50 100 0 0
74 99 64 0 29 50 100 0 0
74 99 64 1 29 25 50 0 0
74 99 64 2 29 100 200 0 0
74 99 64 3 29 50 100 0 0
75 99 1 0 4 100 100 0 0
75 99 1 1 4 50 50 0 0
75 99 1 2 4 200 200 0 0
75 99 1 3 4 100 100 0 0
75 99 3 0 6 50 100 0 0
75 99 3 1 6 25 50 0 0
75 99 3 2 6 100 200 0 0
75 99 3 3 6 50 100 0 0
75 99 18 0 41 100 200 0 0
75 99 18 1 41 50 100 0 0
75 99 18 2 41 200 400 0 0
75 99 18 3 41 100 200 0 0
75 99 23 0 7 100 100 0 0
75 99 23 1 7 50 50 0 0
75 99 23 2 7 200 200 0 0
75 99 23 3 7 100 100 0 0
75 99 43 0 26 50 200 0 0
75 99 43 1 26 25 100 0 0
75 99 43 2 26 100 400 0 0
75 99 43 3 26 50 200 0 0
75 99 50 0 126 50 200 0 0
75 99 50 1 126 25 100 0 0
75 99 50 2 126 100 400 0 0
75 99 50 3 126 50 200 0 0
75 99 63 0 30 50 100 0 0
75 99 63 1 30 25 50 0 0
75 99 63 2 30 100 200 0 0
75 99 63 3 30 50 100 0 0
75 99 64 0 30 50 100 0 0
75 99 64 1 30 25 50 0 0
75 99 64 2 30 100 200 0 0
75 99 64 3 30 50 100 0 0
76 99 1 0 4 100 100 0 0
76 99 1 1 4 50 50 0 0
76 99 1 2 4 200 200 0 0
76 99 1 3 4 100 100 0 0
76 99 3 0 6 50 100 0 0
76 99 3 1 6 25 50 0 0
76 99 3 2 6 100 200 0 0
76 99 3 3 6 50 100 0 0
76 99 18 0 42 100 200 0 0
76 99 18 1 42 50 100 0 0
76 99 18 2 42 200 400 0 0
76 99 18 3 42 100 200 0 0
76 99 23 0 7 100 100 0 0
76 99 23 1 7 50 50 0 0
76 99 23 2 7 200 200 0 0
76 99 23 3 7 100 100 0 0
76 99 43 0 26 50 200 0 0
76 99 43 1 26 25 100 0 0
76 99 43 2 26 100 400 0 0
76 99 43 3 26 50 200 0 0
76 99 50 0 127 50 200 0 0
76 99 50 1 127 25 100 0 0
76 99 50 2 127 100 400 0 0
76 99 50 3 127 50 200 0 0
76 99 63 0 30 50 100 0 0
76 99 63 1 30 25 50 0 0
76 99 63 2 30 100 200 0 0
76 99 63 3 30 50 100 0 0
76 99 64 0 30 50 100 0 0
76 99 64 1 30 25 50 0 0
76 99 64 2 30 100 200 0 0
76 99 64 3 30 50 100 0 0
77 99 1 0 4 100 100 0 0
77 99 1 1 4 50 50 0 0
77 99 1 2 4 200 200 0 0
77 99 1 3 4 100 100 0 0
77 99 3 0 6 50 100 0 0
77 99 3 1 6 25 50 0 0
77 99 3 2 6 100 200 0 0
77 99 3 3 6 50 100 0 0
77 99 18 0 42 100 200 0 0
77 99 18 1 42 50 100 0 0
77 99 18 2 42 200 400 0 0
77 99 18 3 42 100 200 0 0
77 99 23 0 7 100 100 0 0
77 99 23 1 7 50 50 0 0
77 99 23 2 7 200 200 0 0
77 99 23 3 7 100 100 0 0
77 99 43 0 27 50 200 0 0
77 99 43 1 27 25 100 0 0
77 99 43 2 27 100 400 0 0
77 99 43 3 27 50 200 0 0
77 99 50 0 128 50 200 0 0
77 99 50 1 128 25 100 0 0
77 99 50 2 128 100 400 0 0
77 99 50 3 128 50 200 0 0
77 99 63 0 31 50 100 0 0
77 99 63 1 31 25 50 0 0
77 99 63 2 31 100 200 0 0
77 99 63 3 31 50 100 0 0
77 99 64 0 31 50 100 0 0
77 99 64 1 31 25 50 0 0
77 99 64 2 31 100 200 0 0
77 99 64 3 31 50 100 0 0
78 99 1 0 4 100 100 0 0
78 99 1 1 4 50 50 0 0
78 99 1 2 4 200 200 0 0
78 99 1 3 4 100 100 0 0
78 99 3 0 6 50 100 0 0
78 99 3 1 6 25 50 0 0
78 99 3 2 6 100 200 0 0
78 99 3 3 6 50 100 0 0
78 99 18 0 43 100 200 0 0
78 99 18 1 43 50 100 0 0
78 99 18 2 43 200 400 0 0
78 99 18 3 43 100 200 0 0
78 99 23 0 7 100 100 0 0
78 99 23 1 7 50 50 0 0
78 99 23 2 7 200 200 0 0
78 99 23 3 7 100 100 0 0
78 99 43 0 27 50 200 0 0
78 99 43 1 27 25 100 0 0
78 99 43 2 27 100 400 0 0
78 99 43 3 27 50 200 0 0
78 99 50 0 129 50 200 0 0
78 99 50 1 129 25 100 0 0
78 99 50 2 129 100 400 0 0
78 99 50 3 129 50 200 0 0
78 99 63 0 31 50 100 0 0
78 99 63 1 31 25 50 0 0
78 99 63 2 31 100 200 0 0
78 99 63 3 31 50 100 0 0
78 99 64 0 31 50 100 0 0
78 99 64 1 31 25 50 0 0
78 99 64 2 31 100 200 0 0
78 99 64 3 31 50 100 0 0
79 99 1 0 4 100 100 0 0
79 99 1 1 4 50 50 0 0
79 99 1 2 4 200 200 0 0
79 99 1 3 4 100 100 0 0
79 99 3 0 6 50 100 0 0
79 99 3 1 6 25 50 0 0
79 99 3 2 6 100 200 0 0
79 99 3 3 6 50 100 0 0
79 99 18 0 43 100 200 0 0
79 99 18 1 43 50 100 0 0
79 99 18 2 43 200 400 0 0
79 99 18 3 43 100 200 0 0
79 99 23 0 7 100 100 0 0
79 99 23 1 7 50 50 0 0
79 99 23 2 7 200 200 0 0
79 99 23 3 7 100 100 0 0
79 99 43 0 27 50 200 0 0
79 99 43 1 27 25 100 0 0
79 99 43 2 27 100 400 0 0
79 99 43 3 27 50 200 0 0
79 99 50 0 130 50 200 0 0
79 99 50 1 130 25 100 0 0
79 99 50 2 130 100 400 0 0
79 99 50 3 130 50 200 0 0
79 99 63 0 31 50 100 0 0
79 99 63 1 31 25 50 0 0
79 99 63 2 31 100 200 0 0
79 99 63 3 31 50 100 0 0
79 99 64 0 31 50 100 0 0
79 99 64 1 31 25 50 0 0
79 99 64 2 31 100 200 0 0
79 99 64 3 31 50 100 0 0
80 99 1 0 4 100 100 0 0
80 99 1 1 4 50 50 0 0
80 99 1 2 4 200 200 0 0
80 99 1 3 4 100 100 0 0
80 99 3 0 6 50 100 0 0
80 99 3 1 6 25 50 0 0
80 99 3 2 6 100 200 0 0
80 99 3 3 6 50 100 0 0
80 99 18 0 44 100 200 0 0
80 99 18 1 44 50 100 0 0
80 99 18 2 44 200 400 0 0
80 99 18 3 44 100 200 0 0
80 99 23 0 8 100 100 0 0
80 99 23 1 8 50 50 0 0
80 99 23 2 8 200 200 0 0
80 99 23 3 8 100 100 0 0
80 99 43 0 28 50 200 0 0
80 99 43 1 28 25 100 0 0
80 99 43 2 28 100 400 0 0
80 99 43 3 28 50 200 0 0
80 99 50 0 131 50 200 0 0
80 99 50 1 131 25 100 0 0
80 99 50 2 131 100 400 0 0
80 99 50 3 131 50 200 0 0
80 99 63 0 32 50 100 0 0
80 99 63 1 32 25 50 0 0
80 99 63 2 32 100 200 0 0
80 99 63 3 32 50 100 0 0
80 99 64 0 32 50 100 0 0
80 99 64 1 32 25 50 0 0
80 99 64 2 32 100 200 0 0
80 99 64 3 32 50 100 0 0
81 99 1 0 4 100 100 0 0
81 99 1 1 4 50 50 0 0
81 99 1 2 4 200 200 0 0
81 99 1 3 4 100 100 0 0
81 99 3 0 6 50 100 0 0
81 99 3 1 6 25 50 0 0
81 99 3 2 6 100 200 0 0
81 99 3 3 6 50 100 0 0
81 99 18 0 44 100 200 0 0
81 99 18 1 44 50 100 0 0
81 99 18 2 44 200 400 0 0
81 99 18 3 44 100 200 0 0
81 99 23 0 8 100 100 0 0
81 99 23 1 8 50 50 0 0
81 99 23 2 8 200 200 0 0
81 99 23 3 8 100 100 0 0
81 99 43 0 28 50 200 0 0
81 99 43 1 28 25 100 0 0
81 99 43 2 28 100 400 0 0
81 99 43 3 28 50 200 0 0
81 99 50 0 132 50 200 0 0
81 99 50 1 132 25 100 0 0
81 99 50 2 132 100 400 0 0
81 99 50 3 132 50 200 0 0
81 99 63 0 32 50 100 0 0
81 99 63 1 32 25 50 0 0
81 99 63 2 32 100 200 0 0
81 99 63 3 32 50 100 0 0
81 99 64 0 32 50 100 0 0
81 99 64 1 32 25 50 0 0
81 99 64 2 32 100 200 0 0
81 99 64 3 32 50 100 0 0
82 99 1 0 4 100 100 0 0
82 99 1 1 4 50 50 0 0
82 99 1 2 4 200 200 0 0
82 99 1 3 4 100 100 0 0
82 99 3 0 6 50 100 0 0
82 99 3 1 6 25 50 0 0
82 99 3 2 6 100 200 0 0
82 99 3 3 6 50 100 0 0
82 99 18 0 45 100 200 0 0
82 99 18 1 45 50 100 0 0
82 99 18 2 45 200 400 0 0
82 99 18 3 45 100 200 0 0
82 99 23 0 8 100 100 0 0
82 99 23 1 8 50 50 0 0
82 99 23 2 8 200 200 0 0
82 99 23 3 8 100 100 0 0
82 99 43 0 28 50 200 0 0
82 99 43 1 28 25 100 0 0
82 99 43 2 28 100 400 0 0
82 99 43 3 28 50 200 0 0
82 99 50 0 133 50 200 0 0
82 99 50 1 133 25 100 0 0
82 99 50 2 133 100 400 0 0
82 99 50 3 133 50 200 0 0
82 99 63 0 33 50 100 0 0
82 99 63 1 33 25 50 0 0
82 99 63 2 33 100 200 0 0
82 99 63 3 33 50 100 0 0
82 99 64 0 33 50 100 0 0
82 99 64 1 33 25 50 0 0
82 99 64 2 33 100 200 0 0
82 99 64 3 33 50 100 0 0
83 99 1 0 5 100 100 0 0
83 99 1 1 5 50 50 0 0
83 99 1 2 5 200 200 0 0
83 99 1 3 5 100 100 0 0
83 99 3 0 6 50 100 0 0
83 99 3 1 6 25 50 0 0
83 99 3 2 6 100 200 0 0
83 99 3 3 6 50 100 0 0
83 99 18 0 46 100 200 0 0
83 99 18 1 46 50 100 0 0
83 99 18 2 46 200 400 0 0
83 99 18 3 46 100 200 0 0
83 99 23 0 8 100 100 0 0
83 99 23 1 8 50 50 0 0
83 99 23 2 8 200 200 0 0
83 99 23 3 8 100 100 0 0
83 99 43 0 29 50 200 0 0
83 99 43 1 29 25 100 0 0
83 99 43 2 29 100 400 0 0
83 99 43 3 29 50 200 0 0
83 99 50 0 134 50 200 0 0
83 99 50 1 134 25 100 0 0
83 99 50 2 134 100 400 0 0
83 99 50 3 134 50 200 0 0
83 99 63 0 33 50 100 0 0
83 99 63 1 33 25 50 0 0
83 99 63 2 33 100 200 0 0
83 99 63 3 33 50 100 0 0
83 99 64 0 33 50 100 0 0
83 99 64 1 33 25 50 0 0
83 99 64 2 33 100 200 0 0
83 99 64 3 33 50 100 0 0
84 99 1 0 5 100 100 0 0
84 99 1 1 5 50 50 0 0
84 99 1 2 5 200 200 0 0
84 99 1 3 5 100 100 0 0
84 99 3 0 6 50 100 0 0
84 99 3 1 6 25 50 0 0
84 99 3 2 6 100 200 0 0
84 99 3 3 6 50 100 0 0
84 99 18 0 46 100 200 0 0
84 99 18 1 46 50 100 0 0
84 99 18 2 46 200 400 0 0
84 99 18 3 46 100 200 0 0
84 99 23 0 8 100 100 0 0
84 99 23 1 8 50 50 0 0
84 99 23 2 8 200 200 0 0
84 99 23 3 8 100 100 0 0
84 99 43 0 29 50 200 0 0
84 99 43 1 29 25 100 0 0
84 99 43 2 29 100 400 0 0
84 99 43 3 29 50 200 0 0
84 99 50 0 135 50 200 0 0
84 99 50 1 135 25 100 0 0
84 99 50 2 135 100 400 0 0
84 99 50 3 135 50 200 0 0
84 99 63 0 33 50 100 0 0
84 99 63 1 33 25 50 0 0
84 99 63 2 33 100 200 0 0
84 99 63 3 33 50 100 0 0
84 99 64 0 33 50 100 0 0
84 99 64 1 33 25 50 0 0
84 99 64 2 33 100 200 0 0
84 99 64 3 33 50 100 0 0
85 99 1 0 5 100 100 0 0
85 99 1 1 5 50 50 0 0
85 99 1 2 5 200 200 0 0
85 99 1 3 5 100 100 0 0
85 99 3 0 6 50 100 0 0
85 99 3 1 6 25 50 0 0
85 99 3 2 6 100 200 0 0
85 99 3 3 6 50 100 0 0
85 99 18 0 47 100 200 0 0
85 99 18 1 47 50 100 0 0
85 99 18 2 47 200 400 0 0
85 99 18 3 47 100 200 0 0
85 99 23 0 8 100 100 0 0
85 99 23 1 8 50 50 0 0
85 99 23 2 8 200 200 0 0
85 99 23 3 8 100 100 0 0
85 99 43 0 30 50 200 0 0
85 99 43 1 30 25 100 0 0
85 99 43 2 30 100 400 0 0
85 99 43 3 30 50 200 0 0
85 99 50 0 136 50 200 0 0
85 99 50 1 136 25 100 0 0
85 99 50 2 136 100 400 0 0
85 99 50 3 136 50 200 0 0
85 99 63 0 34 50 100 0 0
85 99 63 1 34 25 50 0 0
85 99 63 2 34 100 200 0 0
85 99 63 3 34 50 100 0 0
85 99 64 0 34 50 100 0 0
85 99 64 1 34 25 50 0 0
85 99 64 2 34 100 200 0 0
85 99 64 3 34 50 100 0 0
86 99 1 0 5 100 100 0 0
86 99 1 1 5 50 50 0 0
86 99 1 2 5 200 200 0 0
86 99 1 3 5 100 100 0 0
86 99 3 0 6 50 100 0 0
86 99 3 1 6 25 50 0 0
86 99 3 2 6 100 200 0 0
86 99 3 3 6 50 100 0 0
86 99 18 0 47 100 200 0 0
86 99 18 1 47 50 100 0 0
86 99 18 2 47 200 400 0 0
86 99 18 3 47 100 200 0 0
86 99 23 0 8 100 100 0 0
86 99 23 1 8 50 50 0 0
86 99 23 2 8 200 200 0 0
86 99 23 3 8 100 100 0 0
86 99 43 0 30 50 200 0 0
86 99 43 1 30 25 100 0 0
86 99 43 2 30 100 400 0 0
86 99 43 3 30 50 200 0 0
86 99 50 0 137 50 200 0 0
86 99 50 1 137 25 100 0 0
86 99 50 2 137 100 400 0 0
86 99 50 3 137 50 200 0 0
86 99 63 0 34 50 100 0 0
86 99 63 1 34 25 50 0 0
86 99 63 2 34 100 200 0 0
86 99 63 3 34 50 100 0 0
86 99 64 0 34 50 100 0 0
86 99 64 1 34 25 50 0 0
86 99 64 2 34 100 200 0 0
86 99 64 3 34 50 100 0 0
87 99 1 0 5 100 100 0 0
87 99 1 1 5 50 50 0 0
87 99 1 2 5 200 200 0 0
87 99 1 3 5 100 100 0 0
87 99 3 0 7 50 100 0 0
87 99 3 1 7 25 50 0 0
87 99 3 2 7 100 200 0 0
87 99 3 3 7 50 100 0 0
87 99 18 0 48 100 200 0 0
87 99 18 1 48 50 100 0 0
87 99 18 2 48 200 400 0 0
87 99 18 3 48 100 200 0 0
87 99 23 0 8 100 100 0 0
87 99 23 1 8 50 50 0 0
87 99 23 2 8 200 200 0 0
87 99 23 3 8 100 100 0 0
87 99 43 0 30 50 200 0 0
87 99 43 1 30 25 100 0 0
87 99 43 2 30 100 400 0 0
87 99 43 3 30 50 200 0 0
87 99 50 0 138 50 200 0 0
87 99 50 1 138 25 100 0 0
87 99 50 2 138 100 400 0 0
87 99 50 3 138 50 200 0 0
87 99 63 0 35 50 100 0 0
87 99 63 1 35 25 50 0 0
87 99 63 2 35 100 200 0 0
87 99 63 3 35 50 100 0 0
87 99 64 0 35 50 100 0 0
87 99 64 1 35 25 50 0 0
87 99 64 2 35 100 200 0 0
87 99 64 3 35 50 100 0 0
88 99 1 0 5 100 100 0 0
88 99 1 1 5 50 50 0 0
88 99 1 2 5 200 200 0 0
88 99 1 3 5 100 100 0 0
88 99 3 0 7 50 100 0 0
88 99 3 1 7 25 50 0 0
88 99 3 2 7 100 200 0 0
88 99 3 3 7 50 100 0 0
88 99 18 0 48 100 200 0 0
88 99 18 1 48 50 100 0 0
88 99 18 2 48 200 400 0 0
88 99 18 3 48 100 200 0 0
88 99 23 0 8 100 100 0 0
88 99 23 1 8 50 50 0 0
88 99 23 2 8 200 200 0 0
88 99 23 3 8 100 100 0 0
88 99 43 0 31 50 200 0 0
88 99 43 1 31 25 100 0 0
88 99 43 2 31 100 400 0 0
88 99 43 3 31 50 200 0 0
88 99 50 0 139 50 200 0 0
88 99 50 1 139 25 100 0 0
88 99 50 2 139 100 400 0 0
88 99 50 3 139 50 200 0 0
88 99 63 0 35 50 100 0 0
88 99 63 1 35 25 50 0 0
88 99 63 2 35 100 200 0 0
88 99 63 3 35 50 100 0 0
88 99 64 0 35 50 100 0 0
88 99 64 1 35 25 50 0 0
88 99 64 2 35 100 200 0 0
88 99 64 3 35 50 100 0 0
89 99 1 0 5 100 100 0 0
89 99 1 1 5 50 50 0 0
89 99 1 2 5 200 200 0 0
89 99 1 3 5 100 100 0 0
89 99 3 0 7 50 100 0 0
89 99 3 1 7 25 50 0 0
89 99 3 2 7 100 200 0 0
89 99 3 3 7 50 100 0 0
89 99 18 0 49 100 200 0 0
89 99 18 1 49 50 100 0 0
89 99 18 2 49 200 400 0 0
89 99 18 3 49 100 200 0 0
89 99 23 0 8 100 100 0 0
89 99 23 1 8 50 50 0 0
89 99 23 2 8 200 200 0 0
89 99 23 3 8 100 100 0 0
89 99 43 0 31 50 200 0 0
89 99 43 1 31 25 100 0 0
89 99 43 2 31 100 400 0 0
89 99 43 3 31 50 200 0 0
89 99 50 0 140 50 200 0 0
89 99 50 1 140 25 100 0 0
89 99 50 2 140 100 400 0 0
89 99 50 3 140 50 200 0 0
89 99 63 0 35 50 100 0 0
89 99 63 1 35 25 50 0 0
89 99 63 2 35 100 200 0 0
89 99 63 3 35 50 100 0 0
89 99 64 0 35 50 100 0 0
89 99 64 1 35 25 50 0 0
89 99 64 2 35 100 200 0 0
89 99 64 3 35 50 100 0 0
90 99 1 0 5 100 100 0 0
90 99 1 1 5 50 50 0 0
90 99 1 2 5 200 200 0 0
90 99 1 3 5 100 100 0 0
90 99 3 0 7 50 100 0 0
90 99 3 1 7 25 50 0 0
90 99 3 2 7 100 200 0 0
90 99 3 3 7 50 100 0 0
90 99 18 0 49 100 200 0 0
90 99 18 1 49 50 100 0 0
90 99 18 2 49 200 400 0 0
90 99 18 3 49 100 200 0 0
90 99 23 0 9 100 100 0 0
90 99 23 1 9 50 50 0 0
90 99 23 2 9 200 200 0 0
90 99 23 3 9 100 100 0 0
90 99 43 0 31 50 200 0 0
90 99 43 1 31 25 100 0 0
90 99 43 2 31 100 400 0 0
90 99 43 3 31 50 200 0 0
90 99 50 0 141 50 200 0 0
90 99 50 1 141 25 100 0 0
90 99 50 2 141 100 400 0 0
90 99 50 3 141 50 200 0 0
90 99 63 0 36 50 100 0 0
90 99 63 1 36 25 50 0 0
90 99 63 2 36 100 200 0 0
90 99 63 3 36 50 100 0 0
90 99 64 0 36 50 100 0 0
90 99 64 1 36 25 50 0 0
90 99 64 2 36 100 200 0 0
90 99 64 3 36 50 100 0 0
91 99 1 0 5 100 100 0 0
91 99 1 1 5 50 50 0 0
91 99 1 2 5 200 200 0 0
91 99 1 3 5 100 100 0 0
91 99 3 0 7 50 100 0 0
91 99 3 1 7 25 50 0 0
91 99 3 2 7 100 200 0 0
91 99 3 3 7 50 100 0 0
91 99 18 0 50 100 200 0 0
91 99 18 1 50 50 100 0 0
91 99 18 2 50 200 400 0 0
91 99 18 3 50 100 200 0 0
91 99 23 0 9 100 100 0 0
91 99 23 1 9 50 50 0 0
91 99 23 2 9 200 200 0 0
91 99 23 3 9 100 100 0 0
91 99 43 0 32 50 200 0 0
91 99 43 1 32 25 100 0 0
91 99 43 2 32 100 400 0 0
91 99 43 3 32 50 200 0 0
91 99 50 0 142 50 200 0 0
91 99 50 1 142 25 100 0 0
91 99 50 2 142 100 400 0 0
91 99 50 3 142 50 200 0 0
91 99 63 0 36 50 100 0 0
91 99 63 1 36 25 50 0 0
91 99 63 2 36 100 200 0 0
91 99 63 3 36 50 100 0 0
91 99 64 0 36 50 100 0 0
91 99 64 1 36 25 50 0 0
91 99 64 2 36 100 200 0 0
91 99 64 3 36 50 100 0 0
92 99 1 0 5 100 100 0 0
92 99 1 1 5 50 50 0 0
92 99 1 2 5 200 200 0 0
92 99 1 3 5 100 100 0 0
92 99 3 0 7 50 100 0 0
92 99 3 1 7 25 50 0 0
92 99 3 2 7 100 200 0 0
92 99 3 3 7 50 100 0 0
92 99 18 0 51 100 200 0 0
92 99 18 1 51 50 100 0 0
92 99 18 2 51 200 400 0 0
92 99 18 3 51 100 200 0 0
92 99 23 0 9 100 100 0 0
92 99 23 1 9 50 50 0 0
92 99 23 2 9 200 200 0 0
92 99 23 3 9 100 100 0 0
92 99 43 0 32 50 200 0 0
92 99 43 1 32 25 100 0 0
92 99 43 2 32 100 400 0 0
92 99 43 3 32 50 200 0 0
92 99 50 0 143 50 200 0 0
92 99 50 1 143 25 100 0 0
92 99 50 2 143 100 400 0 0
92 99 50 3 143 50 200 0 0
92 99 63 0 37 50 100 0 0
92 99 63 1 37 25 50 0 0
92 99 63 2 37 100 200 0 0
92 99 63 3 37 50 100 0 0
92 99 64 0 37 50 100 0 0
92 99 64 1 37 25 50 0 0
92 99 64 2 37 100 200 0 0
92 99 64 3 37 50 100 0 0
93 99 1 0 5 100 100 0 0
93 99 1 1 5 50 50 0 0
93 99 1 2 5 200 200 0 0
93 99 1 3 5 100 100 0 0
93 99 3 0 7 50 100 0 0
93 99 3 1 7 25 50 0 0
93 99 3 2 7 100 200 0 0
93 99 3 3 7 50 100 0 0
93 99 18 0 51 100 200 0 0
93 99 18 1 51 50 100 0 0
93 99 18 2 51 200 400 0 0
93 99 18 3 51 100 200 0 0
93 99 23 0 9 100 100 0 0
93 99 23 1 9 50 50 0 0
93 99 23 2 9 200 200 0 0
93 99 23 3 9 100 100 0 0
93 99 43 0 32 50 200 0 0
93 99 43 1 32 25 100 0 0
93 99 43 2 32 100 400 0 0
93 99 43 3 32 50 200 0 0
93 99 50 0 144 50 200 0 0
93 99 50 1 144 25 100 0 0
93 99 50 2 144 100 400 0 0
93 99 50 3 144 50 200 0 0
93 99 63 0 37 50 100 0 0
93 99 63 1 37 25 50 0 0
93 99 63 2 37 100 200 0 0
93 99 63 3 37 50 100 0 0
93 99 64 0 37 50 100 0 0
93 99 64 1 37 25 50 0 0
93 99 64 2 37 100 200 0 0
93 99 64 3 37 50 100 0 0
94 99 1 0 5 100 100 0 0
94 99 1 1 5 50 50 0 0
94 99 1 2 5 200 200 0 0
94 99 1 3 5 100 100 0 0
94 99 3 0 7 50 100 0 0
94 99 3 1 7 25 50 0 0
94 99 3 2 7 100 200 0 0
94 99 3 3 7 50 100 0 0
94 99 18 0 52 100 200 0 0
94 99 18 1 52 50 100 0 0
94 99 18 2 52 200 400 0 0
94 99 18 3 52 100 200 0 0
94 99 23 0 9 100 100 0 0
94 99 23 1 9 50 50 0 0
94 99 23 2 9 200 200 0 0
94 99 23 3 9 100 100 0 0
94 99 43 0 33 50 200 0 0
94 99 43 1 33 25 100 0 0
94 99 43 2 33 100 400 0 0
94 99 43 3 33 50 200 0 0
94 99 50 0 145 50 200 0 0
94 99 50 1 145 25 100 0 0
94 99 50 2 145 100 400 0 0
94 99 50 3 145 50 200 0 0
94 99 63 0 37 50 100 0 0
94 99 63 1 37 25 50 0 0
94 99 63 2 37 100 200 0 0
94 99 63 3 37 50 100 0 0
94 99 64 0 37 50 100 0 0
94 99 64 1 37 25 50 0 0
94 99 64 2 37 100 200 0 0
94 99 64 3 37 50 100 0 0
95 99 1 0 5 100 100 0 0
95 99 1 1 5 50 50 0 0
95 99 1 2 5 200 200 0 0
95 99 1 3 5 100 100 0 0
95 99 3 0 7 50 100 0 0
95 99 3 1 7 25 50 0 0
95 99 3 2 7 100 200 0 0
95 99 3 3 7 50 100 0 0
95 99 18 0 52 100 200 0 0
95 99 18 1 52 50 100 0 0
95 99 18 2 52 200 400 0 0
95 99 18 3 52 100 200 0 0
95 99 23 0 9 100 100 0 0
95 99 23 1 9 50 50 0 0
95 99 23 2 9 200 200 0 0
95 99 23 3 9 100 100 0 0
95 99 43 0 33 50 200 0 0
95 99 43 1 33 25 100 0 0
95 99 43 2 33 100 400 0 0
95 99 43 3 33 50 200 0 0
95 99 50 0 146 50 200 0 0
95 99 50 1 146 25 100 0 0
95 99 50 2 146 100 400 0 0
95 99 50 3 146 50 200 0 0
95 99 63 0 38 50 100 0 0
95 99 63 1 38 25 50 0 0
95 99 63 2 38 100 200 0 0
95 99 63 3 38 50 100 0 0
95 99 64 0 38 50 100 0 0
95 99 64 1 38 25 50 0 0
95 99 64 2 38 100 200 0 0
95 99 64 3 38 50 100 0 0
96 99 1 0 5 100 100 0 0
96 99 1 1 5 50 50 0 0
96 99 1 2 5 200 200 0 0
96 99 1 3 5 100 100 0 0
96 99 3 0 7 50 100 0 0
96 99 3 1 7 25 50 0 0
96 99 3 2 7 100 200 0 0
96 99 3 3 7 50 100 0 0
96 99 18 0 53 100 200 0 0
96 99 18 1 53 50 100 0 0
96 99 18 2 53 200 400 0 0
96 99 18 3 53 100 200 0 0
96 99 23 0 9 100 100 0 0
96 99 23 1 9 50 50 0 0
96 99 23 2 9 200 200 0 0
96 99 23 3 9 100 100 0 0
96 99 43 0 33 50 200 0 0
96 99 43 1 33 25 100 0 0
96 99 43 2 33 100 400 0 0
96 99 43 3 33 50 200 0 0
96 99 50 0 147 50 200 0 0
96 99 50 1 147 25 100 0 0
96 99 50 2 147 100 400 0 0
96 99 50 3 147 50 200 0 0
96 99 63 0 38 50 100 0 0
96 99 63 1 38 25 50 0 0
96 99 63 2 38 100 200 0 0
96 99 63 3 38 50 100 0 0
96 99 64 0 38 50 100 0 0
96 99 64 1 38 25 50 0 0
96 99 64 2 38 100 200 0 0
96 99 64 3 38 50 100 0 0
97 99 1 0 5 100 100 0 0
97 99 1 1 5 50 50 0 0
97 99 1 2 5 200 200 0 0
97 99 1 3 5 100 100 0 0
97 99 3 0 7 50 100 0 0
97 99 3 1 7 25 50 0 0
97 99 3 2 7 100 200 0 0
97 99 3 3 7 50 100 0 0
97 99 18 0 53 100 200 0 0
97 99 18 1 53 50 100 0 0
97 99 18 2 53 200 400 0 0
97 99 18 3 53 100 200 0 0
97 99 23 0 9 100 100 0 0
97 99 23 1 9 50 50 0 0
97 99 23 2 9 200 200 0 0
97 99 23 3 9 100 100 0 0
97 99 43 0 34 50 200 0 0
97 99 43 1 34 25 100 0 0
97 99 43 2 34 100 400 0 0
97 99 43 3 34 50 200 0 0
97 99 50 0 148 50 200 0 0
97 99 50 1 148 25 100 0 0
97 99 50 2 148 100 400 0 0
97 99 50 3 148 50 200 0 0
97 99 63 0 39 50 100 0 0
97 99 63 1 39 25 50 0 0
97 99 63 2 39 100 200 0 0
97 99 63 3 39 50 100 0 0
97 99 64 0 39 50 100 0 0
97 99 64 1 39 25 50 0 0
97 99 64 2 39 100 200 0 0
97 99 64 3 39 50 100 0 0
98 99 1 0 5 100 100 0 0
98 99 1 1 5 50 50 0 0
98 99 1 2 5 200 200 0 0
98 99 1 3 5 100 100 0 0
98 99 3 0 7 50 100 0 0
98 99 3 1 7 25 50 0 0
98 99 3 2 7 100 200 0 0
98 99 3 3 7 50 100 0 0
98 99 18 0 54 100 200 0 0
98 99 18 1 54 50 100 0 0
98 99 18 2 54 200 400 0 0
98 99 18 3 54 100 200 0 0
98 99 23 0 9 100 100 0 0
98 99 23 1 9 50 50 0 0
98 99 23 2 9 200 200 0 0
98 99 23 3 9 100 100 0 0
98 99 43 0 34 50 200 0 0
98 99 43 1 34 25 100 0 0
98 99 43 2 34 100 400 0 0
98 99 43 3 34 50 200 0 0
98 99 50 0 149 50 200 0 0
98 99 50 1 149 25 100 0 0
98 99 50 2 149 100 400 0 0
98 99 50 3 149 50 200 0 0
98 99 63 0 39 50 100 0 0
98 99 63 1 39 25 50 0 0
98 99 63 2 39 100 200 0 0
98 99 63 3 39 50 100 0 0
98 99 64 0 39 50 100 0 0
98 99 64 1 39 25 50 0 0
98 99 64 2 39 100 200 0 0
98 99 64 3 39 50 100 0 0
99 99 1 0 6 100 100 0 0
99 99 1 1 6 50 50 0 0
99 99 1 2 6 200 200 0 0
99 99 1 3 6 100 100 0 0
99 99 3 0 8 50 100 0 0
99 99 3 1 8 25 50 0 0
99 99 3 2 8 100 200 0 0
99 99 3 3 8 50 100 0 0
99 99 18 0 55 100 200 0 0
99 99 18 1 55 50 100 0 0
99 99 18 2 55 200 400 0 0
99 99 18 3 55 100 200 0 0
99 99 23 0 10 100 100 0 0
99 99 23 1 10 50 50 0 0
99 99 23 2 10 200 200 0 0
99 99 23 3 10 100 100 0 0
99 99 43 0 35 50 200 0 0
99 99 43 1 35 25 100 0 0
99 99 43 2 35 100 400 0 0
99 99 43 3 35 50 200 0 0
99 99 50 0 150 50 200 0 0
99 99 50 1 150 25 100 0 0
99 99 50 2 150 100 400 0 0
99 99 50 3 150 50 200 0 0
99 99 63 0 40 50 100 0 0
99 99 63 1 40 25 50 0 0
99 99 63 2 40 100 200 0 0
99 99 63 3 40 50 100 0 0
99 99 64 0 40 50 100 0 0
99 99 64 1 40 25 50 0 0
99 99 64 2 40 100 200 0 0
99 99 64 3 40 50 100 0 0
100 99 1 0 7 100 100 0 0
100 99 1 1 7 50 50 0 0
100 99 1 2 7 200 200 0 0
100 99 1 3 7 100 100 0 0
100 99 3 0 9 50 100 0 0
100 99 3 1 9 25 50 0 0
100 99 3 2 9 100 200 0 0
100 99 3 3 9 50 100 0 0
100 99 18 0 56 100 200 0 0
100 99 18 1 56 50 100 0 0
100 99 18 2 56 200 400 0 0
100 99 18 3 56 100 200 0 0
100 99 23 0 11 100 100 0 0
100 99 23 1 11 50 50 0 0
100 99 23 2 11 200 200 0 0
100 99 23 3 11 100 100 0 0
100 99 43 0 36 50 200 0 0
100 99 43 1 36 25 100 0 0
100 99 43 2 36 100 400 0 0
100 99 43 3 36 50 200 0 0
100 99 50 0 151 50 200 0 0
100 99 50 1 151 25 100 0 0
100 99 50 2 151 100 400 0 0
100 99 50 3 151 50 200 0 0
100 99 63 0 41 50 100 0 0
100 99 63 1 41 25 50 0 0
100 99 63 2 41 100 200 0 0
100 99 63 3 41 50 100 0 0
100 99 64 0 41 50 100 0 0
100 99 64 1 41 25 50 0 0
100 99 64 2 41 100 200 0 0
100 99 64 3 41 50 100 0 0
1 100 1 0 1 100 100 0 0
1 100 1 1 1 50 50 0 0
1 100 1 2 1 200 200 0 0
1 100 1 3 1 100 100 0 0
1 100 3 0 1 50 100 0 0
1 100 3 1 1 25 50 0 0
1 100 3 2 1 100 200 0 0
1 100 3 3 1 50 100 0 0
1 100 18 0 1 100 200 0 0
1 100 18 1 1 50 100 0 0
1 100 18 2 1 200 400 0 0
1 100 18 3 1 100 200 0 0
1 100 23 0 1 100 100 0 0
1 100 23 1 1 50 50 0 0
1 100 23 2 1 200 200 0 0
1 100 23 3 1 100 100 0 0
1 100 43 0 1 50 200 0 0
1 100 43 1 1 25 100 0 0
1 100 43 2 1 100 400 0 0
1 100 43 3 1 50 200 0 0
1 100 50 0 51 50 200 0 0
1 100 50 1 51 25 100 0 0
1 100 50 2 51 100 400 0 0
1 100 50 3 51 50 200 0 0
1 100 63 0 1 50 100 0 0
1 100 63 1 1 25 50 0 0
1 100 63 2 1 100 200 0 0
1 100 63 3 1 50 100 0 0
1 100 64 0 1 50 100 0 0
1 100 64 1 1 25 50 0 0
1 100 64 2 1 100 200 0 0
1 100 64 3 1 50 100 0 0
2 100 1 0 1 100 100 0 0
2 100 1 1 1 50 50 0 0
2 100 1 2 1 200 200 0 0
2 100 1 3 1 100 100 0 0
2 100 3 0 1 50 100 0 0
2 100 3 1 1 25 50 0 0
2 100 3 2 1 100 200 0 0
2 100 3 3 1 50 100 0 0
2 100 18 0 1 100 200 0 0
2 100 18 1 1 50 100 0 0
2 100 18 2 1 200 400 0 0
2 100 18 3 1 100 200 0 0
2 100 23 0 1 100 100 0 0
2 100 23 1 1 50 50 0 0
2 100 23 2 1 200 200 0 0
2 100 23 3 1 100 100 0 0
2 100 43 0 1 50 200 0 0
2 100 43 1 1 25 100 0 0
2 100 43 2 1 100 400 0 0
2 100 43 3 1 50 200 0 0
2 100 50 0 52 50 200 0 0
2 100 50 1 52 25 100 0 0
2 100 50 2 52 100 400 0 0
2 100 50 3 52 50 200 0 0
2 100 63 0 1 50 100 0 0
2 100 63 1 1 25 50 0 0
2 100 63 2 1 100 200 0 0
2 100 63 3 1 50 100 0 0
2 100 64 0 1 50 100 0 0
2 100 64 1 1 25 50 0 0
2 100 64 2 1 100 200 0 0
2 100 64 3 1 50 100 0 0
3 100 1 0 1 100 100 0 0
3 100 1 1 1 50 50 0 0
3 100 1 2 1 200 200 0 0
3 100 1 3 1 100 100 0 0
3 100 3 0 1 50 100 0 0
3 100 3 1 1 25 50 0 0
3 100 3 2 1 100 200 0 0
3 100 3 3 1 50 100 0 0
3 100 18 0 1 100 200 0 0
3 100 18 1 1 50 100 0 0
3 100 18 2 1 200 400 0 0
3 100 18 3 1 100 200 0 0
3 100 23 0 1 100 100 0 0
3 100 23 1 1 50 50 0 0
3 100 23 2 1 200 200 0 0
3 100 23 3 1 100 100 0 0
3 100 43 0 1 50 200 0 0
3 100 43 1 1 25 100 0 0
3 100 43 2 1 100 400 0 0
3 100 43 3 1 50 200 0 0
3 100 50 0 53 50 200 0 0
3 100 50 1 53 25 100 0 0
3 100 50 2 53 100 400 0 0
3 100 50 3 53 50 200 0 0
3 100 63 0 1 50 100 0 0
3 100 63 1 1 25 50 0 0
3 100 63 2 1 100 200 0 0
3 100 63 3 1 50 100 0 0
3 100 64 0 1 50 100 0 0
3 100 64 1 1 25 50 0 0
3 100 64 2 1 100 200 0 0
3 100 64 3 1 50 100 0 0
4 100 1 0 1 100 100 0 0
4 100 1 1 1 50 50 0 0
4 100 1 2 1 200 200 0 0
4 100 1 3 1 100 100 0 0
4 100 3 0 1 50 100 0 0
4 100 3 1 1 25 50 0 0
4 100 3 2 1 100 200 0 0
4 100 3 3 1 50 100 0 0
4 100 18 0 2 100 200 0 0
4 100 18 1 2 50 100 0 0
4 100 18 2 2 200 400 0 0
4 100 18 3 2 100 200 0 0
4 100 23 0 1 100 100 0 0
4 100 23 1 1 50 50 0 0
4 100 23 2 1 200 200 0 0
4 100 23 3 1 100 100 0 0
4 100 43 0 1 50 200 0 0
4 100 43 1 1 25 100 0 0
4 100 43 2 1 100 400 0 0
4 100 43 3 1 50 200 0 0
4 100 50 0 54 50 200 0 0
4 100 50 1 54 25 100 0 0
4 100 50 2 54 100 400 0 0
4 100 50 3 54 50 200 0 0
4 100 63 0 1 50 100 0 0
4 100 63 1 1 25 50 0 0
4 100 63 2 1 100 200 0 0
4 100 63 3 1 50 100 0 0
4 100 64 0 1 50 100 0 0
4 100 64 1 1 25 50 0 0
4 100 64 2 1 100 200 0 0
4 100 64 3 1 50 100 0 0
5 100 1 0 1 100 100 0 0
5 100 1 1 1 50 50 0 0
5 100 1 2 1 200 200 0 0
5 100 1 3 1 100 100 0 0
5 100 3 0 1 50 100 0 0
5 100 3 1 1 25 50 0 0
5 100 3 2 1 100 200 0 0
5 100 3 3 1 50 100 0 0
5 100 18 0 2 100 200 0 0
5 100 18 1 2 50 100 0 0
5 100 18 2 2 200 400 0 0
5 100 18 3 2 100 200 0 0
5 100 23 0 1 100 100 0 0
5 100 23 1 1 50 50 0 0
5 100 23 2 1 200 200 0 0
5 100 23 3 1 100 100 0 0
5 100 43 0 1 50 200 0 0
5 100 43 1 1 25 100 0 0
5 100 43 2 1 100 400 0 0
5 100 43 3 1 50 200 0 0
5 100 50 0 55 50 200 0 0
5 100 50 1 55 25 100 0 0
5 100 50 2 55 100 400 0 0
5 100 50 3 55 50 200 0 0
5 100 63 0 2 50 100 0 0
5 100 63 1 2 25 50 0 0
5 100 63 2 2 100 200 0 0
5 100 63 3 2 50 100 0 0
5 100 64 0 2 50 100 0 0
5 100 64 1 2 25 50 0 0
5 100 64 2 2 100 200 0 0
5 100 64 3 2 50 100 0 0
6 100 1 0 1 100 100 0 0
6 100 1 1 1 50 50 0 0
6 100 1 2 1 200 200 0 0
6 100 1 3 1 100 100 0 0
6 100 3 0 1 50 100 0 0
6 100 3 1 1 25 50 0 0
6 100 3 2 1 100 200 0 0
6 100 3 3 1 50 100 0 0
6 100 18 0 3 100 200 0 0
6 100 18 1 3 50 100 0 0
6 100 18 2 3 200 400 0 0
6 100 18 3 3 100 200 0 0
6 100 23 0 1 100 100 0 0
6 100 23 1 1 50 50 0 0
6 100 23 2 1 200 200 0 0
6 100 23 3 1 100 100 0 0
6 100 43 0 2 50 200 0 0
6 100 43 1 2 25 100 0 0
6 100 43 2 2 100 400 0 0
6 100 43 3 2 50 200 0 0
6 100 50 0 56 50 200 0 0
6 100 50 1 56 25 100 0 0
6 100 50 2 56 100 400 0 0
6 100 50 3 56 50 200 0 0
6 100 63 0 2 50 100 0 0
6 100 63 1 2 25 50 0 0
6 100 63 2 2 100 200 0 0
6 100 63 3 2 50 100 0 0
6 100 64 0 2 50 100 0 0
6 100 64 1 2 25 50 0 0
6 100 64 2 2 100 200 0 0
6 100 64 3 2 50 100 0 0
7 100 1 0 1 100 100 0 0
7 100 1 1 1 50 50 0 0
7 100 1 2 1 200 200 0 0
7 100 1 3 1 100 100 0 0
7 100 3 0 1 50 100 0 0
7 100 3 1 1 25 50 0 0
7 100 3 2 1 100 200 0 0
7 100 3 3 1 50 100 0 0
7 100 18 0 3 100 200 0 0
7 100 18 1 3 50 100 0 0
7 100 18 2 3 200 400 0 0
7 100 18 3 3 100 200 0 0
7 100 23 0 1 100 100 0 0
7 100 23 1 1 50 50 0 0
7 100 23 2 1 200 200 0 0
7 100 23 3 1 100 100 0 0
7 100 43 0 2 50 200 0 0
7 100 43 1 2 25 100 0 0
7 100 43 2 2 100 400 0 0
7 100 43 3 2 50 200 0 0
7 100 50 0 57 50 200 0 0
7 100 50 1 57 25 100 0 0
7 100 50 2 57 100 400 0 0
7 100 50 3 57 50 200 0 0
7 100 63 0 2 50 100 0 0
7 100 63 1 2 25 50 0 0
7 100 63 2 2 100 200 0 0
7 100 63 3 2 50 100 0 0
7 100 64 0 2 50 100 0 0
7 100 64 1 2 25 50 0 0
7 100 64 2 2 100 200 0 0
7 100 64 3 2 50 100 0 0
8 100 1 0 1 100 100 0 0
8 100 1 1 1 50 50 0 0
8 100 1 2 1 200 200 0 0
8 100 1 3 1 100 100 0 0
8 100 3 0 1 50 100 0 0
8 100 3 1 1 25 50 0 0
8 100 3 2 1 100 200 0 0
8 100 3 3 1 50 100 0 0
8 100 18 0 4 100 200 0 0
8 100 18 1 4 50 100 0 0
8 100 18 2 4 200 400 0 0
8 100 18 3 4 100 200 0 0
8 100 23 0 1 100 100 0 0
8 100 23 1 1 50 50 0 0
8 100 23 2 1 200 200 0 0
8 100 23 3 1 100 100 0 0
8 100 43 0 2 50 200 0 0
8 100 43 1 2 25 100 0 0
8 100 43 2 2 100 400 0 0
8 100 43 3 2 50 200 0 0
8 100 50 0 58 50 200 0 0
8 100 50 1 58 25 100 0 0
8 100 50 2 58 100 400 0 0
8 100 50 3 58 50 200 0 0
8 100 63 0 3 50 100 0 0
8 100 63 1 3 25 50 0 0
8 100 63 2 3 100 200 0 0
8 100 63 3 3 50 100 0 0
8 100 64 0 3 50 100 0 0
8 100 64 1 3 25 50 0 0
8 100 64 2 3 100 200 0 0
8 100 64 3 3 50 100 0 0
9 100 1 0 1 100 100 0 0
9 100 1 1 1 50 50 0 0
9 100 1 2 1 200 200 0 0
9 100 1 3 1 100 100 0 0
9 100 3 0 1 50 100 0 0
9 100 3 1 1 25 50 0 0
9 100 3 2 1 100 200 0 0
9 100 3 3 1 50 100 0 0
9 100 18 0 4 100 200 0 0
9 100 18 1 4 50 100 0 0
9 100 18 2 4 200 400 0 0
9 100 18 3 4 100 200 0 0
9 100 23 0 1 100 100 0 0
9 100 23 1 1 50 50 0 0
9 100 23 2 1 200 200 0 0
9 100 23 3 1 100 100 0 0
9 100 43 0 3 50 200 0 0
9 100 43 1 3 25 100 0 0
9 100 43 2 3 100 400 0 0
9 100 43 3 3 50 200 0 0
9 100 50 0 59 50 200 0 0
9 100 50 1 59 25 100 0 0
9 100 50 2 59 100 400 0 0
9 100 50 3 59 50 200 0 0
9 100 63 0 3 50 100 0 0
9 100 63 1 3 25 50 0 0
9 100 63 2 3 100 200 0 0
9 100 63 3 3 50 100 0 0
9 100 64 0 3 50 100 0 0
9 100 64 1 3 25 50 0 0
9 100 64 2 3 100 200 0 0
9 100 64 3 3 50 100 0 0
10 100 1 0 1 100 100 0 0
10 100 1 1 1 50 50 0 0
10 100 1 2 1 200 200 0 0
10 100 1 3 1 100 100 0 0
10 100 3 0 1 50 100 0 0
10 100 3 1 1 25 50 0 0
10 100 3 2 1 100 200 0 0
10 100 3 3 1 50 100 0 0
10 100 18 0 5 100 200 0 0
10 100 18 1 5 50 100 0 0
10 100 18 2 5 200 400 0 0
10 100 18 3 5 100 200 0 0
10 100 23 0 1 100 100 0 0
10 100 23 1 1 50 50 0 0
10 100 23 2 1 200 200 0 0
10 100 23 3 1 100 100 0 0
10 100 43 0 3 50 200 0 0
10 100 43 1 3 25 100 0 0
10 100 43 2 3 100 400 0 0
10 100 43 3 3 50 200 0 0
10 100 50 0 60 50 200 0 0
10 100 50 1 60 25 100 0 0
10 100 50 2 60 100 400 0 0
10 100 50 3 60 50 200 0 0
10 100 63 0 4 50 100 0 0
10 100 63 1 4 25 50 0 0
10 100 63 2 4 100 200 0 0
10 100 63 3 4 50 100 0 0
10 100 64 0 4 50 100 0 0
10 100 64 1 4 25 50 0 0
10 100 64 2 4 100 200 0 0
10 100 64 3 4 50 100 0 0
11 100 1 0 1 100 100 0 0
11 100 1 1 1 50 50 0 0
11 100 1 2 1 200 200 0 0
11 100 1 3 1 100 100 0 0
11 100 3 0 1 50 100 0 0
11 100 3 1 1 25 50 0 0
11 100 3 2 1 100 200 0 0
11 100 3 3 1 50 100 0 0
11 100 18 0 6 100 200 0 0
11 100 18 1 6 50 100 0 0
11 100 18 2 6 200 400 0 0
11 100 18 3 6 100 200 0 0
11 100 23 0 1 100 100 0 0
11 100 23 1 1 50 50 0 0
11 100 23 2 1 200 200 0 0
11 100 23 3 1 100 100 0 0
11 100 43 0 3 50 200 0 0
11 100 43 1 3 25 100 0 0
11 100 43 2 3 100 400 0 0
11 100 43 3 3 50 200 0 0
11 100 50 0 61 50 200 0 0
11 100 50 1 61 25 100 0 0
11 100 50 2 61 100 400 0 0
11 100 50 3 61 50 200 0 0
11 100 63 0 4 50 100 0 0
11 100 63 1 4 25 50 0 0
11 100 63 2 4 100 200 0 0
11 100 63 3 4 50 100 0 0
11 100 64 0 4 50 100 0 0
11 100 64 1 4 25 50 0 0
11 100 64 2 4 100 200 0 0
11 100 64 3 4 50 100 0 0
12 100 1 0 1 100 100 0 0
12 100 1 1 1 50 50 0 0
12 100 1 2 1 200 200 0 0
12 100 1 3 1 100 100 0 0
12 100 3 0 1 50 100 0 0
12 100 3 1 1 25 50 0 0
12 100 3 2 1 100 200 0 0
12 100 3 3 1 50 100 0 0
12 100 18 0 6 100 200 0 0
12 100 18 1 6 50 100 0 0
12 100 18 2 6 200 400 0 0
12 100 18 3 6 100 200 0 0
12 100 23 0 1 100 100 0 0
12 100 23 1 1 50 50 0 0
12 100 23 2 1 200 200 0 0
12 100 23 3 1 100 100 0 0
12 100 43 0 4 50 200 0 0
12 100 43 1 4 25 100 0 0
12 100 43 2 4 100 400 0 0
12 100 43 3 4 50 200 0 0
12 100 50 0 62 50 200 0 0
12 100 50 1 62 25 100 0 0
12 100 50 2 62 100 400 0 0
12 100 50 3 62 50 200 0 0
12 100 63 0 4 50 100 0 0
12 100 63 1 4 25 50 0 0
12 100 63 2 4 100 200 0 0
12 100 63 3 4 50 100 0 0
12 100 64 0 4 50 100 0 0
12 100 64 1 4 25 50 0 0
12 100 64 2 4 100 200 0 0
12 100 64 3 4 50 100 0 0
13 100 1 0 1 100 100 0 0
13 100 1 1 1 50 50 0 0
13 100 1 2 1 200 200 0 0
13 100 1 3 1 100 100 0 0
13 100 3 0 1 50 100 0 0
13 100 3 1 1 25 50 0 0
13 100 3 2 1 100 200 0 0
13 100 3 3 1 50 100 0 0
13 100 18 0 7 100 200 0 0
13 100 18 1 7 50 100 0 0
13 100 18 2 7 200 400 0 0
13 100 18 3 7 100 200 0 0
13 100 23 0 1 100 100 0 0
13 100 23 1 1 50 50 0 0
13 100 23 2 1 200 200 0 0
13 100 23 3 1 100 100 0 0
13 100 43 0 4 50 200 0 0
13 100 43 1 4 25 100 0 0
13 100 43 2 4 100 400 0 0
13 100 43 3 4 50 200 0 0
13 100 50 0 63 50 200 0 0
13 100 50 1 63 25 100 0 0
13 100 50 2 63 100 400 0 0
13 100 50 3 63 50 200 0 0
13 100 63 0 5 50 100 0 0
13 100 63 1 5 25 50 0 0
13 100 63 2 5 100 200 0 0
13 100 63 3 5 50 100 0 0
13 100 64 0 5 50 100 0 0
13 100 64 1 5 25 50 0 0
13 100 64 2 5 100 200 0 0
13 100 64 3 5 50 100 0 0
14 100 1 0 1 100 100 0 0
14 100 1 1 1 50 50 0 0
14 100 1 2 1 200 200 0 0
14 100 1 3 1 100 100 0 0
14 100 3 0 1 50 100 0 0
14 100 3 1 1 25 50 0 0
14 100 3 2 1 100 200 0 0
14 100 3 3 1 50 100 0 0
14 100 18 0 7 100 200 0 0
14 100 18 1 7 50 100 0 0
14 100 18 2 7 200 400 0 0
14 100 18 3 7 100 200 0 0
14 100 23 0 1 100 100 0 0
14 100 23 1 1 50 50 0 0
14 100 23 2 1 200 200 0 0
14 100 23 3 1 100 100 0 0
14 100 43 0 4 50 200 0 0
14 100 43 1 4 25 100 0 0
14 100 43 2 4 100 400 0 0
14 100 43 3 4 50 200 0 0
14 100 50 0 64 50 200 0 0
14 100 50 1 64 25 100 0 0
14 100 50 2 64 100 400 0 0
14 100 50 3 64 50 200 0 0
14 100 63 0 5 50 100 0 0
14 100 63 1 5 25 50 0 0
14 100 63 2 5 100 200 0 0
14 100 63 3 5 50 100 0 0
14 100 64 0 5 50 100 0 0
14 100 64 1 5 25 50 0 0
14 100 64 2 5 100 200 0 0
14 100 64 3 5 50 100 0 0
15 100 1 0 1 100 100 0 0
15 100 1 1 1 50 50 0 0
15 100 1 2 1 200 200 0 0
15 100 1 3 1 100 100 0 0
15 100 3 0 1 50 100 0 0
15 100 3 1 1 25 50 0 0
15 100 3 2 1 100 200 0 0
15 100 3 3 1 50 100 0 0
15 100 18 0 8 100 200 0 0
15 100 18 1 8 50 100 0 0
15 100 18 2 8 200 400 0 0
15 100 18 3 8 100 200 0 0
15 100 23 0 1 100 100 0 0
15 100 23 1 1 50 50 0 0
15 100 23 2 1 200 200 0 0
15 100 23 3 1 100 100 0 0
15 100 43 0 5 50 200 0 0
15 100 43 1 5 25 100 0 0
15 100 43 2 5 100 400 0 0
15 100 43 3 5 50 200 0 0
15 100 50 0 65 50 200 0 0
15 100 50 1 65 25 100 0 0
15 100 50 2 65 100 400 0 0
15 100 50 3 65 50 200 0 0
15 100 63 0 6 50 100 0 0
15 100 63 1 6 25 50 0 0
15 100 63 2 6 100 200 0 0
15 100 63 3 6 50 100 0 0
15 100 64 0 6 50 100 0 0
15 100 64 1 6 25 50 0 0
15 100 64 2 6 100 200 0 0
15 100 64 3 6 50 100 0 0
16 100 1 0 1 100 100 0 0
16 100 1 1 1 50 50 0 0
16 100 1 2 1 200 200 0 0
16 100 1 3 1 100 100 0 0
16 100 3 0 1 50 100 0 0
16 100 3 1 1 25 50 0 0
16 100 3 2 1 100 200 0 0
16 100 3 3 1 50 100 0 0
16 100 18 0 8 100 200 0 0
16 100 18 1 8 50 100 0 0
16 100 18 2 8 200 400 0 0
16 100 18 3 8 100 200 0 0
16 100 23 0 1 100 100 0 0
16 100 23 1 1 50 50 0 0
16 100 23 2 1 200 200 0 0
16 100 23 3 1 100 100 0 0
16 100 43 0 5 50 200 0 0
16 100 43 1 5 25 100 0 0
16 100 43 2 5 100 400 0 0
16 100 43 3 5 50 200 0 0
16 100 50 0 66 50 200 0 0
16 100 50 1 66 25 100 0 0
16 100 50 2 66 100 400 0 0
16 100 50 3 66 50 200 0 0
16 100 63 0 6 50 100 0 0
16 100 63 1 6 25 50 0 0
16 100 63 2 6 100 200 0 0
16 100 63 3 6 50 100 0 0
16 100 64 0 6 50 100 0 0
16 100 64 1 6 25 50 0 0
16 100 64 2 6 100 200 0 0
16 100 64 3 6 50 100 0 0
17 100 1 0 1 100 100 0 0
17 100 1 1 1 50 50 0 0
17 100 1 2 1 200 200 0 0
17 100 1 3 1 100 100 0 0
17 100 3 0 1 50 100 0 0
17 100 3 1 1 25 50 0 0
17 100 3 2 1 100 200 0 0
17 100 3 3 1 50 100 0 0
17 100 18 0 9 100 200 0 0
17 100 18 1 9 50 100 0 0
17 100 18 2 9 200 400 0 0
17 100 18 3 9 100 200 0 0
17 100 23 0 1 100 100 0 0
17 100 23 1 1 50 50 0 0
17 100 23 2 1 200 200 0 0
17 100 23 3 1 100 100 0 0
17 100 43 0 5 50 200 0 0
17 100 43 1 5 25 100 0 0
17 100 43 2 5 100 400 0 0
17 100 43 3 5 50 200 0 0
17 100 50 0 67 50 200 0 0
17 100 50 1 67 25 100 0 0
17 100 50 2 67 100 400 0 0
17 100 50 3 67 50 200 0 0
17 100 63 0 6 50 100 0 0
17 100 63 1 6 25 50 0 0
17 100 63 2 6 100 200 0 0
17 100 63 3 6 50 100 0 0
17 100 64 0 6 50 100 0 0
17 100 64 1 6 25 50 0 0
17 100 64 2 6 100 200 0 0
17 100 64 3 6 50 100 0 0
18 100 1 0 1 100 100 0 0
18 100 1 1 1 50 50 0 0
18 100 1 2 1 200 200 0 0
18 100 1 3 1 100 100 0 0
18 100 3 0 1 50 100 0 0
18 100 3 1 1 25 50 0 0
18 100 3 2 1 100 200 0 0
18 100 3 3 1 50 100 0 0
18 100 18 0 9 100 200 0 0
18 100 18 1 9 50 100 0 0
18 100 18 2 9 200 400 0 0
18 100 18 3 9 100 200 0 0
18 100 23 0 1 100 100 0 0
18 100 23 1 1 50 50 0 0
18 100 23 2 1 200 200 0 0
18 100 23 3 1 100 100 0 0
18 100 43 0 6 50 200 0 0
18 100 43 1 6 25 100 0 0
18 100 43 2 6 100 400 0 0
18 100 43 3 6 50 200 0 0
18 100 50 0 68 50 200 0 0
18 100 50 1 68 25 100 0 0
18 100 50 2 68 100 400 0 0
18 100 50 3 68 50 200 0 0
18 100 63 0 7 50 100 0 0
18 100 63 1 7 25 50 0 0
18 100 63 2 7 100 200 0 0
18 100 63 3 7 50 100 0 0
18 100 64 0 7 50 100 0 0
18 100 64 1 7 25 50 0 0
18 100 64 2 7 100 200 0 0
18 100 64 3 7 50 100 0 0
19 100 1 0 1 100 100 0 0
19 100 1 1 1 50 50 0 0
19 100 1 2 1 200 200 0 0
19 100 1 3 1 100 100 0 0
19 100 3 0 1 50 100 0 0
19 100 3 1 1 25 50 0 0
19 100 3 2 1 100 200 0 0
19 100 3 3 1 50 100 0 0
19 100 18 0 10 100 200 0 0
19 100 18 1 10 50 100 0 0
19 100 18 2 10 200 400 0 0
19 100 18 3 10 100 200 0 0
19 100 23 0 1 100 100 0 0
19 100 23 1 1 50 50 0 0
19 100 23 2 1 200 200 0 0
19 100 23 3 1 100 100 0 0
19 100 43 0 6 50 200 0 0
19 100 43 1 6 25 100 0 0
19 100 43 2 6 100 400 0 0
19 100 43 3 6 50 200 0 0
19 100 50 0 69 50 200 0 0
19 100 50 1 69 25 100 0 0
19 100 50 2 69 100 400 0 0
19 100 50 3 69 50 200 0 0
19 100 63 0 7 50 100 0 0
19 100 63 1 7 25 50 0 0
19 100 63 2 7 100 200 0 0
19 100 63 3 7 50 100 0 0
19 100 64 0 7 50 100 0 0
19 100 64 1 7 25 50 0 0
19 100 64 2 7 100 200 0 0
19 100 64 3 7 50 100 0 0
20 100 1 0 1 100 100 0 0
20 100 1 1 1 50 50 0 0
20 100 1 2 1 200 200 0 0
20 100 1 3 1 100 100 0 0
20 100 3 0 1 50 100 0 0
20 100 3 1 1 25 50 0 0
20 100 3 2 1 100 200 0 0
20 100 3 3 1 50 100 0 0
20 100 18 0 11 100 200 0 0
20 100 18 1 11 50 100 0 0
20 100 18 2 11 200 400 0 0
20 100 18 3 11 100 200 0 0
20 100 23 0 2 100 100 0 0
20 100 23 1 2 50 50 0 0
20 100 23 2 2 200 200 0 0
20 100 23 3 2 100 100 0 0
20 100 43 0 7 50 200 0 0
20 100 43 1 7 25 100 0 0
20 100 43 2 7 100 400 0 0
20 100 43 3 7 50 200 0 0
20 100 50 0 70 50 200 0 0
20 100 50 1 70 25 100 0 0
20 100 50 2 70 100 400 0 0
20 100 50 3 70 50 200 0 0
20 100 63 0 8 50 100 0 0
20 100 63 1 8 25 50 0 0
20 100 63 2 8 100 200 0 0
20 100 63 3 8 50 100 0 0
20 100 64 0 8 50 100 0 0
20 100 64 1 8 25 50 0 0
20 100 64 2 8 100 200 0 0
20 100 64 3 8 50 100 0 0
21 100 1 0 1 100 100 0 0
21 100 1 1 1 50 50 0 0
21 100 1 2 1 200 200 0 0
21 100 1 3 1 100 100 0 0
21 100 3 0 1 50 100 0 0
21 100 3 1 1 25 50 0 0
21 100 3 2 1 100 200 0 0
21 100 3 3 1 50 100 0 0
21 100 18 0 11 100 200 0 0
21 100 18 1 11 50 100 0 0
21 100 18 2 11 200 400 0 0
21 100 18 3 11 100 200 0 0
21 100 23 0 2 100 100 0 0
21 100 23 1 2 50 50 0 0
21 100 23 2 2 200 200 0 0
21 100 23 3 2 100 100 0 0
21 100 43 0 7 50 200 0 0
21 100 43 1 7 25 100 0 0
21 100 43 2 7 100 400 0 0
21 100 43 3 7 50 200 0 0
21 100 50 0 71 50 200 0 0
21 100 50 1 71 25 100 0 0
21 100 50 2 71 100 400 0 0
21 100 50 3 71 50 200 0 0
21 100 63 0 8 50 100 0 0
21 100 63 1 8 25 50 0 0
21 100 63 2 8 100 200 0 0
21 100 63 3 8 50 100 0 0
21 100 64 0 8 50 100 0 0
21 100 64 1 8 25 50 0 0
21 100 64 2 8 100 200 0 0
21 100 64 3 8 50 100 0 0
22 100 1 0 1 100 100 0 0
22 100 1 1 1 50 50 0 0
22 100 1 2 1 200 200 0 0
22 100 1 3 1 100 100 0 0
22 100 3 0 1 50 100 0 0
22 100 3 1 1 25 50 0 0
22 100 3 2 1 100 200 0 0
22 100 3 3 1 50 100 0 0
22 100 18 0 12 100 200 0 0
22 100 18 1 12 50 100 0 0
22 100 18 2 12 200 400 0 0
22 100 18 3 12 100 200 0 0
22 100 23 0 2 100 100 0 0
22 100 23 1 2 50 50 0 0
22 100 23 2 2 200 200 0 0
22 100 23 3 2 100 100 0 0
22 100 43 0 7 50 200 0 0
22 100 43 1 7 25 100 0 0
22 100 43 2 7 100 400 0 0
22 100 43 3 7 50 200 0 0
22 100 50 0 72 50 200 0 0
22 100 50 1 72 25 100 0 0
22 100 50 2 72 100 400 0 0
22 100 50 3 72 50 200 0 0
22 100 63 0 8 50 100 0 0
22 100 63 1 8 25 50 0 0
22 100 63 2 8 100 200 0 0
22 100 63 3 8 50 100 0 0
22 100 64 0 8 50 100 0 0
22 100 64 1 8 25 50 0 0
22 100 64 2 8 100 200 0 0
22 100 64 3 8 50 100 0 0
23 100 1 0 1 100 100 0 0
23 100 1 1 1 50 50 0 0
23 100 1 2 1 200 200 0 0
23 100 1 3 1 100 100 0 0
23 100 3 0 1 50 100 0 0
23 100 3 1 1 25 50 0 0
23 100 3 2 1 100 200 0 0
23 100 3 3 1 50 100 0 0
23 100 18 0 12 100 200 0 0
23 100 18 1 12 50 100 0 0
23 100 18 2 12 200 400 0 0
23 100 18 3 12 100 200 0 0
23 100 23 0 2 100 100 0 0
23 100 23 1 2 50 50 0 0
23 100 23 2 2 200 200 0 0
23 100 23 3 2 100 100 0 0
23 100 43 0 8 50 200 0 0
23 100 43 1 8 25 100 0 0
23 100 43 2 8 100 400 0 0
23 100 43 3 8 50 200 0 0
23 100 50 0 73 50 200 0 0
23 100 50 1 73 25 100 0 0
23 100 50 2 73 100 400 0 0
23 100 50 3 73 50 200 0 0
23 100 63 0 9 50 100 0 0
23 100 63 1 9 25 50 0 0
23 100 63 2 9 100 200 0 0
23 100 63 3 9 50 100 0 0
23 100 64 0 9 50 100 0 0
23 100 64 1 9 25 50 0 0
23 100 64 2 9 100 200 0 0
23 100 64 3 9 50 100 0 0
24 100 1 0 1 100 100 0 0
24 100 1 1 1 50 50 0 0
24 100 1 2 1 200 200 0 0
24 100 1 3 1 100 100 0 0
24 100 3 0 1 50 100 0 0
24 100 3 1 1 25 50 0 0
24 100 3 2 1 100 200 0 0
24 100 3 3 1 50 100 0 0
24 100 18 0 13 100 200 0 0
24 100 18 1 13 50 100 0 0
24 100 18 2 13 200 400 0 0
24 100 18 3 13 100 200 0 0
24 100 23 0 2 100 100 0 0
24 100 23 1 2 50 50 0 0
24 100 23 2 2 200 200 0 0
24 100 23 3 2 100 100 0 0
24 100 43 0 8 50 200 0 0
24 100 43 1 8 25 100 0 0
24 100 43 2 8 100 400 0 0
24 100 43 3 8 50 200 0 0
24 100 50 0 74 50 200 0 0
24 100 50 1 74 25 100 0 0
24 100 50 2 74 100 400 0 0
24 100 50 3 74 50 200 0 0
24 100 63 0 9 50 100 0 0
24 100 63 1 9 25 50 0 0
24 100 63 2 9 100 200 0 0
24 100 63 3 9 50 100 0 0
24 100 64 0 9 50 100 0 0
24 100 64 1 9 25 50 0 0
24 100 64 2 9 100 200 0 0
24 100 64 3 9 50 100 0 0
25 100 1 0 1 100 100 0 0
25 100 1 1 1 50 50 0 0
25 100 1 2 1 200 200 0 0
25 100 1 3 1 100 100 0 0
25 100 3 0 2 50 100 0 0
25 100 3 1 2 25 50 0 0
25 100 3 2 2 100 200 0 0
25 100 3 3 2 50 100 0 0
25 100 18 0 13 100 200 0 0
25 100 18 1 13 50 100 0 0
25 100 18 2 13 200 400 0 0
25 100 18 3 13 100 200 0 0
25 100 23 0 2 100 100 0 0
25 100 23 1 2 50 50 0 0
25 100 23 2 2 200 200 0 0
25 100 23 3 2 100 100 0 0
25 100 43 0 8 50 200 0 0
25 100 43 1 8 25 100 0 0
25 100 43 2 8 100 400 0 0
25 100 43 3 8 50 200 0 0
25 100 50 0 75 50 200 0 0
25 100 50 1 75 25 100 0 0
25 100 50 2 75 100 400 0 0
25 100 50 3 75 50 200 0 0
25 100 63 0 10 50 100 0 0
25 100 63 1 10 25 50 0 0
25 100 63 2 10 100 200 0 0
25 100 63 3 10 50 100 0 0
25 100 64 0 10 50 100 0 0
25 100 64 1 10 25 50 0 0
25 100 64 2 10 100 200 0 0
25 100 64 3 10 50 100 0 0
26 100 1 0 1 100 100 0 0
26 100 1 1 1 50 50 0 0
26 100 1 2 1 200 200 0 0
26 100 1 3 1 100 100 0 0
26 100 3 0 2 50 100 0 0
26 100 3 1 2 25 50 0 0
26 100 3 2 2 100 200 0 0
26 100 3 3 2 50 100 0 0
26 100 18 0 14 100 200 0 0
26 100 18 1 14 50 100 0 0
26 100 18 2 14 200 400 0 0
26 100 18 3 14 100 200 0 0
26 100 23 0 2 100 100 0 0
26 100 23 1 2 50 50 0 0
26 100 23 2 2 200 200 0 0
26 100 23 3 2 100 100 0 0
26 100 43 0 9 50 200 0 0
26 100 43 1 9 25 100 0 0
26 100 43 2 9 100 400 0 0
26 100 43 3 9 50 200 0 0
26 100 50 0 76 50 200 0 0
26 100 50 1 76 25 100 0 0
26 100 50 2 76 100 400 0 0
26 100 50 3 76 50 200 0 0
26 100 63 0 10 50 100 0 0
26 100 63 1 10 25 50 0 0
26 100 63 2 10 100 200 0 0
26 100 63 3 10 50 100 0 0
26 100 64 0 10 50 100 0 0
26 100 64 1 10 25 50 0 0
26 100 64 2 10 100 200 0 0
26 100 64 3 10 50 100 0 0
27 100 1 0 1 100 100 0 0
27 100 1 1 1 50 50 0 0
27 100 1 2 1 200 200 0 0
27 100 1 3 1 100 100 0 0
27 100 3 0 2 50 100 0 0
27 100 3 1 2 25 50 0 0
27 100 3 2 2 100 200 0 0
27 100 3 3 2 50 100 0 0
27 100 18 0 14 100 200 0 0
27 100 18 1 14 50 100 0 0
27 100 18 2 14 200 400 0 0
27 100 18 3 14 100 200 0 0
27 100 23 0 2 100 100 0 0
27 100 23 1 2 50 50 0 0
27 100 23 2 2 200 200 0 0
27 100 23 3 2 100 100 0 0
27 100 43 0 9 50 200 0 0
27 100 43 1 9 25 100 0 0
27 100 43 2 9 100 400 0 0
27 100 43 3 9 50 200 0 0
27 100 50 0 77 50 200 0 0
27 100 50 1 77 25 100 0 0
27 100 50 2 77 100 400 0 0
27 100 50 3 77 50 200 0 0
27 100 63 0 10 50 100 0 0
27 100 63 1 10 25 50 0 0
27 100 63 2 10 100 200 0 0
27 100 63 3 10 50 100 0 0
27 100 64 0 10 50 100 0 0
27 100 64 1 10 25 50 0 0
27 100 64 2 10 100 200 0 0
27 100 64 3 10 50 100 0 0
28 100 1 0 1 100 100 0 0
28 100 1 1 1 50 50 0 0
28 100 1 2 1 200 200 0 0
28 100 1 3 1 100 100 0 0
28 100 3 0 2 50 100 0 0
28 100 3 1 2 25 50 0 0
28 100 3 2 2 100 200 0 0
28 100 3 3 2 50 100 0 0
28 100 18 0 15 100 200 0 0
28 100 18 1 15 50 100 0 0
28 100 18 2 15 200 400 0 0
28 100 18 3 15 100 200 0 0
28 100 23 0 2 100 100 0 0
28 100 23 1 2 50 50 0 0
28 100 23 2 2 200 200 0 0
28 100 23 3 2 100 100 0 0
28 100 43 0 9 50 200 0 0
28 100 43 1 9 25 100 0 0
28 100 43 2 9 100 400 0 0
28 100 43 3 9 50 200 0 0
28 100 50 0 78 50 200 0 0
28 100 50 1 78 25 100 0 0
28 100 50 2 78 100 400 0 0
28 100 50 3 78 50 200 0 0
28 100 63 0 11 50 100 0 0
28 100 63 1 11 25 50 0 0
28 100 63 2 11 100 200 0 0
28 100 63 3 11 50 100 0 0
28 100 64 0 11 50 100 0 0
28 100 64 1 11 25 50 0 0
28 100 64 2 11 100 200 0 0
28 100 64 3 11 50 100 0 0
29 100 1 0 1 100 100 0 0
29 100 1 1 1 50 50 0 0
29 100 1 2 1 200 200 0 0
29 100 1 3 1 100 100 0 0
29 100 3 0 2 50 100 0 0
29 100 3 1 2 25 50 0 0
29 100 3 2 2 100 200 0 0
29 100 3 3 2 50 100 0 0
29 100 18 0 15 100 200 0 0
29 100 18 1 15 50 100 0 0
29 100 18 2 15 200 400 0 0
29 100 18 3 15 100 200 0 0
29 100 23 0 2 100 100 0 0
29 100 23 1 2 50 50 0 0
29 100 23 2 2 200 200 0 0
29 100 23 3 2 100 100 0 0
29 100 43 0 10 50 200 0 0
29 100 43 1 10 25 100 0 0
29 100 43 2 10 100 400 0 0
29 100 43 3 10 50 200 0 0
29 100 50 0 79 50 200 0 0
29 100 50 1 79 25 100 0 0
29 100 50 2 79 100 400 0 0
29 100 50 3 79 50 200 0 0
29 100 63 0 11 50 100 0 0
29 100 63 1 11 25 50 0 0
29 100 63 2 11 100 200 0 0
29 100 63 3 11 50 100 0 0
29 100 64 0 11 50 100 0 0
29 100 64 1 11 25 50 0 0
29 100 64 2 11 100 200 0 0
29 100 64 3 11 50 100 0 0
30 100 1 0 1 100 100 0 0
30 100 1 1 1 50 50 0 0
30 100 1 2 1 200 200 0 0
30 100 1 3 1 100 100 0 0
30 100 3 0 2 50 100 0 0
30 100 3 1 2 25 50 0 0
30 100 3 2 2 100 200 0 0
30 100 3 3 2 50 100 0 0
30 100 18 0 16 100 200 0 0
30 100 18 1 16 50 100 0 0
30 100 18 2 16 200 400 0 0
30 100 18 3 16 100 200 0 0
30 100 23 0 3 100 100 0 0
30 100 23 1 3 50 50 0 0
30 100 23 2 3 200 200 0 0
30 100 23 3 3 100 100 0 0
30 100 43 0 10 50 200 0 0
30 100 43 1 10 25 100 0 0
30 100 43 2 10 100 400 0 0
30 100 43 3 10 50 200 0 0
30 100 50 0 80 50 200 0 0
30 100 50 1 80 25 100 0 0
30 100 50 2 80 100 400 0 0
30 100 50 3 80 50 200 0 0
30 100 63 0 12 50 100 0 0
30 100 63 1 12 25 50 0 0
30 100 63 2 12 100 200 0 0
30 100 63 3 12 50 100 0 0
30 100 64 0 12 50 100 0 0
30 100 64 1 12 25 50 0 0
30 100 64 2 12 100 200 0 0
30 100 64 3 12 50 100 0 0
31 100 1 0 1 100 100 0 0
31 100 1 1 1 50 50 0 0
31 100 1 2 1 200 200 0 0
31 100 1 3 1 100 100 0 0
31 100 3 0 2 50 100 0 0
31 100 3 1 2 25 50 0 0
31 100 3 2 2 100 200 0 0
31 100 3 3 2 50 100 0 0
31 100 18 0 17 100 200 0 0
31 100 18 1 17 50 100 0 0
31 100 18 2 17 200 400 0 0
31 100 18 3 17 100 200 0 0
31 100 23 0 3 100 100 0 0
31 100 23 1 3 50 50 0 0
31 100 23 2 3 200 200 0 0
31 100 23 3 3 100 100 0 0
31 100 43 0 10 50 200 0 0
31 100 43 1 10 25 100 0 0
31 100 43 2 10 100 400 0 0
31 100 43 3 10 50 200 0 0
31 100 50 0 81 50 200 0 0
31 100 50 1 81 25 100 0 0
31 100 50 2 81 100 400 0 0
31 100 50 3 81 50 200 0 0
31 100 63 0 12 50 100 0 0
31 100 63 1 12 25 50 0 0
31 100 63 2 12 100 200 0 0
31 100 63 3 12 50 100 0 0
31 100 64 0 12 50 100 0 0
31 100 64 1 12 25 50 0 0
31 100 64 2 12 100 200 0 0
31 100 64 3 12 50 100 0 0
32 100 1 0 1 100 100 0 0
32 100 1 1 1 50 50 0 0
32 100 1 2 1 200 200 0 0
32 100 1 3 1 100 100 0 0
32 100 3 0 2 50 100 0 0
32 100 3 1 2 25 50 0 0
32 100 3 2 2 100 200 0 0
32 100 3 3 2 50 100 0 0
32 100 18 0 17 100 200 0 0
32 100 18 1 17 50 100 0 0
32 100 18 2 17 200 400 0 0
32 100 18 3 17 100 200 0 0
32 100 23 0 3 100 100 0 0
32 100 23 1 3 50 50 0 0
32 100 23 2 3 200 200 0 0
32 100 23 3 3 100 100 0 0
32 100 43 0 11 50 200 0 0
32 100 43 1 11 25 100 0 0
32 100 43 2 11 100 400 0 0
32 100 43 3 11 50 200 0 0
32 100 50 0 82 50 200 0 0
32 100 50 1 82 25 100 0 0
32 100 50 2 82 100 400 0 0
32 100 50 3 82 50 200 0 0
32 100 63 0 12 50 100 0 0
32 100 63 1 12 25 50 0 0
32 100 63 2 12 100 200 0 0
32 100 63 3 12 50 100 0 0
32 100 64 0 12 50 100 0 0
32 100 64 1 12 25 50 0 0
32 100 64 2 12 100 200 0 0
32 100 64 3 12 50 100 0 0
33 100 1 0 1 100 100 0 0
33 100 1 1 1 50 50 0 0
33 100 1 2 1 200 200 0 0
33 100 1 3 1 100 100 0 0
33 100 3 0 2 50 100 0 0
33 100 3 1 2 25 50 0 0
33 100 3 2 2 100 200 0 0
33 100 3 3 2 50 100 0 0
33 100 18 0 18 100 200 0 0
33 100 18 1 18 50 100 0 0
33 100 18 2 18 200 400 0 0
33 100 18 3 18 100 200 0 0
33 100 23 0 3 100 100 0 0
33 100 23 1 3 50 50 0 0
33 100 23 2 3 200 200 0 0
33 100 23 3 3 100 100 0 0
33 100 43 0 11 50 200 0 0
33 100 43 1 11 25 100 0 0
33 100 43 2 11 100 400 0 0
33 100 43 3 11 50 200 0 0
33 100 50 0 83 50 200 0 0
33 100 50 1 83 25 100 0 0
33 100 50 2 83 100 400 0 0
33 100 50 3 83 50 200 0 0
33 100 63 0 13 50 100 0 0
33 100 63 1 13 25 50 0 0
33 100 63 2 13 100 200 0 0
33 100 63 3 13 50 100 0 0
33 100 64 0 13 50 100 0 0
33 100 64 1 13 25 50 0 0
33 100 64 2 13 100 200 0 0
33 100 64 3 13 50 100 0 0
34 100 1 0 2 100 100 0 0
34 100 1 1 2 50 50 0 0
34 100 1 2 2 200 200 0 0
34 100 1 3 2 100 100 0 0
34 100 3 0 2 50 100 0 0
34 100 3 1 2 25 50 0 0
34 100 3 2 2 100 200 0 0
34 100 3 3 2 50 100 0 0
34 100 18 0 18 100 200 0 0
34 100 18 1 18 50 100 0 0
34 100 18 2 18 200 400 0 0
34 100 18 3 18 100 200 0 0
34 100 23 0 3 100 100 0 0
34 100 23 1 3 50 50 0 0
34 100 23 2 3 200 200 0 0
34 100 23 3 3 100 100 0 0
34 100 43 0 11 50 200 0 0
34 100 43 1 11 25 100 0 0
34 100 43 2 11 100 400 0 0
34 100 43 3 11 50 200 0 0
34 100 50 0 84 50 200 0 0
34 100 50 1 84 25 100 0 0
34 100 50 2 84 100 400 0 0
34 100 50 3 84 50 200 0 0
34 100 63 0 13 50 100 0 0
34 100 63 1 13 25 50 0 0
34 100 63 2 13 100 200 0 0
34 100 63 3 13 50 100 0 0
34 100 64 0 13 50 100 0 0
34 100 64 1 13 25 50 0 0
34 100 64 2 13 100 200 0 0
34 100 64 3 13 50 100 0 0
35 100 1 0 2 100 100 0 0
35 100 1 1 2 50 50 0 0
35 100 1 2 2 200 200 0 0
35 100 1 3 2 100 100 0 0
35 100 3 0 2 50 100 0 0
35 100 3 1 2 25 50 0 0
35 100 3 2 2 100 200 0 0
35 100 3 3 2 50 100 0 0
35 100 18 0 19 100 200 0 0
35 100 18 1 19 50 100 0 0
35 100 18 2 19 200 400 0 0
35 100 18 3 19 100 200 0 0
35 100 23 0 3 100 100 0 0
35 100 23 1 3 50 50 0 0
35 100 23 2 3 200 200 0 0
35 100 23 3 3 100 100 0 0
35 100 43 0 12 50 200 0 0
35 100 43 1 12 25 100 0 0
35 100 43 2 12 100 400 0 0
35 100 43 3 12 50 200 0 0
35 100 50 0 85 50 200 0 0
35 100 50 1 85 25 100 0 0
35 100 50 2 85 100 400 0 0
35 100 50 3 85 50 200 0 0
35 100 63 0 14 50 100 0 0
35 100 63 1 14 25 50 0 0
35 100 63 2 14 100 200 0 0
35 100 63 3 14 50 100 0 0
35 100 64 0 14 50 100 0 0
35 100 64 1 14 25 50 0 0
35 100 64 2 14 100 200 0 0
35 100 64 3 14 50 100 0 0
36 100 1 0 2 100 100 0 0
36 100 1 1 2 50 50 0 0
36 100 1 2 2 200 200 0 0
36 100 1 3 2 100 100 0 0
36 100 3 0 2 50 100 0 0
36 100 3 1 2 25 50 0 0
36 100 3 2 2 100 200 0 0
36 100 3 3 2 50 100 0 0
36 100 18 0 19 100 200 0 0
36 100 18 1 19 50 100 0 0
36 100 18 2 19 200 400 0 0
36 100 18 3 19 100 200 0 0
36 100 23 0 3 100 100 0 0
36 100 23 1 3 50 50 0 0
36 100 23 2 3 200 200 0 0
36 100 23 3 3 100 100 0 0
36 100 43 0 12 50 200 0 0
36 100 43 1 12 25 100 0 0
36 100 43 2 12 100 400 0 0
36 100 43 3 12 50 200 0 0
36 100 50 0 86 50 200 0 0
36 100 50 1 86 25 100 0 0
36 100 50 2 86 100 400 0 0
36 100 50 3 86 50 200 0 0
36 100 63 0 14 50 100 0 0
36 100 63 1 14 25 50 0 0
36 100 63 2 14 100 200 0 0
36 100 63 3 14 50 100 0 0
36 100 64 0 14 50 100 0 0
36 100 64 1 14 25 50 0 0
36 100 64 2 14 100 200 0 0
36 100 64 3 14 50 100 0 0
37 100 1 0 2 100 100 0 0
37 100 1 1 2 50 50 0 0
37 100 1 2 2 200 200 0 0
37 100 1 3 2 100 100 0 0
37 100 3 0 2 50 100 0 0
37 100 3 1 2 25 50 0 0
37 100 3 2 2 100 200 0 0
37 100 3 3 2 50 100 0 0
37 100 18 0 20 100 200 0 0
37 100 18 1 20 50 100 0 0
37 100 18 2 20 200 400 0 0
37 100 18 3 20 100 200 0 0
37 100 23 0 3 100 100 0 0
37 100 23 1 3 50 50 0 0
37 100 23 2 3 200 200 0 0
37 100 23 3 3 100 100 0 0
37 100 43 0 12 50 200 0 0
37 100 43 1 12 25 100 0 0
37 100 43 2 12 100 400 0 0
37 100 43 3 12 50 200 0 0
37 100 50 0 87 50 200 0 0
37 100 50 1 87 25 100 0 0
37 100 50 2 87 100 400 0 0
37 100 50 3 87 50 200 0 0
37 100 63 0 14 50 100 0 0
37 100 63 1 14 25 50 0 0
37 100 63 2 14 100 200 0 0
37 100 63 3 14 50 100 0 0
37 100 64 0 14 50 100 0 0
37 100 64 1 14 25 50 0 0
37 100 64 2 14 100 200 0 0
37 100 64 3 14 50 100 0 0
38 100 1 0 2 100 100 0 0
38 100 1 1 2 50 50 0 0
38 100 1 2 2 200 200 0 0
38 100 1 3 2 100 100 0 0
38 100 3 0 3 50 100 0 0
38 100 3 1 3 25 50 0 0
38 100 3 2 3 100 200 0 0
38 100 3 3 3 50 100 0 0
38 100 18 0 20 100 200 0 0
38 100 18 1 20 50 100 0 0
38 100 18 2 20 200 400 0 0
38 100 18 3 20 100 200 0 0
38 100 23 0 3 100 100 0 0
38 100 23 1 3 50 50 0 0
38 100 23 2 3 200 200 0 0
38 100 23 3 3 100 100 0 0
38 100 43 0 13 50 200 0 0
38 100 43 1 13 25 100 0 0
38 100 43 2 13 100 400 0 0
38 100 43 3 13 50 200 0 0
38 100 50 0 88 50 200 0 0
38 100 50 1 88 25 100 0 0
38 100 50 2 88 100 400 0 0
38 100 50 3 88 50 200 0 0
38 100 63 0 15 50 100 0 0
38 100 63 1 15 25 50 0 0
38 100 63 2 15 100 200 0 0
38 100 63 3 15 50 100 0 0
38 100 64 0 15 50 100 0 0
38 100 64 1 15 25 50 0 0
38 100 64 2 15 100 200 0 0
38 100 64 3 15 50 100 0 0
39 100 1 0 2 100 100 0 0
39 100 1 1 2 50 50 0 0
39 100 1 2 2 200 200 0 0
39 100 1 3 2 100 100 0 0
39 100 3 0 3 50 100 0 0
39 100 3 1 3 25 50 0 0
39 100 3 2 3 100 200 0 0
39 100 3 3 3 50 100 0 0
39 100 18 0 21 100 200 0 0
39 100 18 1 21 50 100 0 0
39 100 18 2 21 200 400 0 0
39 100 18 3 21 100 200 0 0
39 100 23 0 3 100 100 0 0
39 100 23 1 3 50 50 0 0
39 100 23 2 3 200 200 0 0
39 100 23 3 3 100 100 0 0
39 100 43 0 13 50 200 0 0
39 100 43 1 13 25 100 0 0
39 100 43 2 13 100 400 0 0
39 100 43 3 13 50 200 0 0
39 100 50 0 89 50 200 0 0
39 100 50 1 89 25 100 0 0
39 100 50 2 89 100 400 0 0
39 100 50 3 89 50 200 0 0
39 100 63 0 15 50 100 0 0
39 100 63 1 15 25 50 0 0
39 100 63 2 15 100 200 0 0
39 100 63 3 15 50 100 0 0
39 100 64 0 15 50 100 0 0
39 100 64 1 15 25 50 0 0
39 100 64 2 15 100 200 0 0
39 100 64 3 15 50 100 0 0
40 100 1 0 2 100 100 0 0
40 100 1 1 2 50 50 0 0
40 100 1 2 2 200 200 0 0
40 100 1 3 2 100 100 0 0
40 100 3 0 3 50 100 0 0
40 100 3 1 3 25 50 0 0
40 100 3 2 3 100 200 0 0
40 100 3 3 3 50 100 0 0
40 100 18 0 22 100 200 0 0
40 100 18 1 22 50 100 0 0
40 100 18 2 22 200 400 0 0
40 100 18 3 22 100 200 0 0
40 100 23 0 4 100 100 0 0
40 100 23 1 4 50 50 0 0
40 100 23 2 4 200 200 0 0
40 100 23 3 4 100 100 0 0
40 100 43 0 14 50 200 0 0
40 100 43 1 14 25 100 0 0
40 100 43 2 14 100 400 0 0
40 100 43 3 14 50 200 0 0
40 100 50 0 90 50 200 0 0
40 100 50 1 90 25 100 0 0
40 100 50 2 90 100 400 0 0
40 100 50 3 90 50 200 0 0
40 100 63 0 16 50 100 0 0
40 100 63 1 16 25 50 0 0
40 100 63 2 16 100 200 0 0
40 100 63 3 16 50 100 0 0
40 100 64 0 16 50 100 0 0
40 100 64 1 16 25 50 0 0
40 100 64 2 16 100 200 0 0
40 100 64 3 16 50 100 0 0
41 100 1 0 2 100 100 0 0
41 100 1 1 2 50 50 0 0
41 100 1 2 2 200 200 0 0
41 100 1 3 2 100 100 0 0
41 100 3 0 3 50 100 0 0
41 100 3 1 3 25 50 0 0
41 100 3 2 3 100 200 0 0
41 100 3 3 3 50 100 0 0
41 100 18 0 22 100 200 0 0
41 100 18 1 22 50 100 0 0
41 100 18 2 22 200 400 0 0
41 100 18 3 22 100 200 0 0
41 100 23 0 4 100 100 0 0
41 100 23 1 4 50 50 0 0
41 100 23 2 4 200 200 0 0
41 100 23 3 4 100 100 0 0
41 100 43 0 14 50 200 0 0
41 100 43 1 14 25 100 0 0
41 100 43 2 14 100 400 0 0
41 100 43 3 14 50 200 0 0
41 100 50 0 91 50 200 0 0
41 100 50 1 91 25 100 0 0
41 100 50 2 91 100 400 0 0
41 100 50 3 91 50 200 0 0
41 100 63 0 16 50 100 0 0
41 100 63 1 16 25 50 0 0
41 100 63 2 16 100 200 0 0
41 100 63 3 16 50 100 0 0
41 100 64 0 16 50 100 0 0
41 100 64 1 16 25 50 0 0
41 100 64 2 16 100 200 0 0
41 100 64 3 16 50 100 0 0
42 100 1 0 2 100 100 0 0
42 100 1 1 2 50 50 0 0
42 100 1 2 2 200 200 0 0
42 100 1 3 2 100 100 0 0
42 100 3 0 3 50 100 0 0
42 100 3 1 3 25 50 0 0
42 100 3 2 3 100 200 0 0
42 100 3 3 3 50 100 0 0
42 100 18 0 23 100 200 0 0
42 100 18 1 23 50 100 0 0
42 100 18 2 23 200 400 0 0
42 100 18 3 23 100 200 0 0
42 100 23 0 4 100 100 0 0
42 100 23 1 4 50 50 0 0
42 100 23 2 4 200 200 0 0
42 100 23 3 4 100 100 0 0
42 100 43 0 14 50 200 0 0
42 100 43 1 14 25 100 0 0
42 100 43 2 14 100 400 0 0
42 100 43 3 14 50 200 0 0
42 100 50 0 92 50 200 0 0
42 100 50 1 92 25 100 0 0
42 100 50 2 92 100 400 0 0
42 100 50 3 92 50 200 0 0
42 100 63 0 16 50 100 0 0
42 100 63 1 16 25 50 0 0
42 100 63 2 16 100 200 0 0
42 100 63 3 16 50 100 0 0
42 100 64 0 16 50 100 0 0
42 100 64 1 16 25 50 0 0
42 100 64 2 16 100 200 0 0
42 100 64 3 16 50 100 0 0
43 100 1 0 2 100 100 0 0
43 100 1 1 2 50 50 0 0
43 100 1 2 2 200 200 0 0
43 100 1 3 2 100 100 0 0
43 100 3 0 3 50 100 0 0
43 100 3 1 3 25 50 0 0
43 100 3 2 3 100 200 0 0
43 100 3 3 3 50 100 0 0
43 100 18 0 23 100 200 0 0
43 100 18 1 23 50 100 0 0
43 100 18 2 23 200 400 0 0
43 100 18 3 23 100 200 0 0
43 100 23 0 4 100 100 0 0
43 100 23 1 4 50 50 0 0
43 100 23 2 4 200 200 0 0
43 100 23 3 4 100 100 0 0
43 100 43 0 15 50 200 0 0
43 100 43 1 15 25 100 0 0
43 100 43 2 15 100 400 0 0
43 100 43 3 15 50 200 0 0
43 100 50 0 93 50 200 0 0
43 100 50 1 93 25 100 0 0
43 100 50 2 93 100 400 0 0
43 100 50 3 93 50 200 0 0
43 100 63 0 17 50 100 0 0
43 100 63 1 17 25 50 0 0
43 100 63 2 17 100 200 0 0
43 100 63 3 17 50 100 0 0
43 100 64 0 17 50 100 0 0
43 100 64 1 17 25 50 0 0
43 100 64 2 17 100 200 0 0
43 100 64 3 17 50 100 0 0
44 100 1 0 2 100 100 0 0
44 100 1 1 2 50 50 0 0
44 100 1 2 2 200 200 0 0
44 100 1 3 2 100 100 0 0
44 100 3 0 3 50 100 0 0
44 100 3 1 3 25 50 0 0
44 100 3 2 3 100 200 0 0
44 100 3 3 3 50 100 0 0
44 100 18 0 24 100 200 0 0
44 100 18 1 24 50 100 0 0
44 100 18 2 24 200 400 0 0
44 100 18 3 24 100 200 0 0
44 100 23 0 4 100 100 0 0
44 100 23 1 4 50 50 0 0
44 100 23 2 4 200 200 0 0
44 100 23 3 4 100 100 0 0
44 100 43 0 15 50 200 0 0
44 100 43 1 15 25 100 0 0
44 100 43 2 15 100 400 0 0
44 100 43 3 15 50 200 0 0
44 100 50 0 94 50 200 0 0
44 100 50 1 94 25 100 0 0
44 100 50 2 94 100 400 0 0
44 100 50 3 94 50 200 0 0
44 100 63 0 17 50 100 0 0
44 100 63 1 17 25 50 0 0
44 100 63 2 17 100 200 0 0
44 100 63 3 17 50 100 0 0
44 100 64 0 17 50 100 0 0
44 100 64 1 17 25 50 0 0
44 100 64 2 17 100 200 0 0
44 100 64 3 17 50 100 0 0
45 100 1 0 2 100 100 0 0
45 100 1 1 2 50 50 0 0
45 100 1 2 2 200 200 0 0
45 100 1 3 2 100 100 0 0
45 100 3 0 3 50 100 0 0
45 100 3 1 3 25 50 0 0
45 100 3 2 3 100 200 0 0
45 100 3 3 3 50 100 0 0
45 100 18 0 24 100 200 0 0
45 100 18 1 24 50 100 0 0
45 100 18 2 24 200 400 0 0
45 100 18 3 24 100 200 0 0
45 100 23 0 4 100 100 0 0
45 100 23 1 4 50 50 0 0
45 100 23 2 4 200 200 0 0
45 100 23 3 4 100 100 0 0
45 100 43 0 15 50 200 0 0
45 100 43 1 15 25 100 0 0
45 100 43 2 15 100 400 0 0
45 100 43 3 15 50 200 0 0
45 100 50 0 95 50 200 0 0
45 100 50 1 95 25 100 0 0
45 100 50 2 95 100 400 0 0
45 100 50 3 95 50 200 0 0
45 100 63 0 18 50 100 0 0
45 100 63 1 18 25 50 0 0
45 100 63 2 18 100 200 0 0
45 100 63 3 18 50 100 0 0
45 100 64 0 18 50 100 0 0
45 100 64 1 18 25 50 0 0
45 100 64 2 18 100 200 0 0
45 100 64 3 18 50 100 0 0
46 100 1 0 2 100 100 0 0
46 100 1 1 2 50 50 0 0
46 100 1 2 2 200 200 0 0
46 100 1 3 2 100 100 0 0
46 100 3 0 3 50 100 0 0
46 100 3 1 3 25 50 0 0
46 100 3 2 3 100 200 0 0
46 100 3 3 3 50 100 0 0
46 100 18 0 25 100 200 0 0
46 100 18 1 25 50 100 0 0
46 100 18 2 25 200 400 0 0
46 100 18 3 25 100 200 0 0
46 100 23 0 4 100 100 0 0
46 100 23 1 4 50 50 0 0
46 100 23 2 4 200 200 0 0
46 100 23 3 4 100 100 0 0
46 100 43 0 16 50 200 0 0
46 100 43 1 16 25 100 0 0
46 100 43 2 16 100 400 0 0
46 100 43 3 16 50 200 0 0
46 100 50 0 96 50 200 0 0
46 100 50 1 96 25 100 0 0
46 100 50 2 96 100 400 0 0
46 100 50 3 96 50 200 0 0
46 100 63 0 18 50 100 0 0
46 100 63 1 18 25 50 0 0
46 100 63 2 18 100 200 0 0
46 100 63 3 18 50 100 0 0
46 100 64 0 18 50 100 0 0
46 100 64 1 18 25 50 0 0
46 100 64 2 18 100 200 0 0
46 100 64 3 18 50 100 0 0
47 100 1 0 2 100 100 0 0
47 100 1 1 2 50 50 0 0
47 100 1 2 2 200 200 0 0
47 100 1 3 2 100 100 0 0
47 100 3 0 3 50 100 0 0
47 100 3 1 3 25 50 0 0
47 100 3 2 3 100 200 0 0
47 100 3 3 3 50 100 0 0
47 100 18 0 25 100 200 0 0
47 100 18 1 25 50 100 0 0
47 100 18 2 25 200 400 0 0
47 100 18 3 25 100 200 0 0
47 100 23 0 4 100 100 0 0
47 100 23 1 4 50 50 0 0
47 100 23 2 4 200 200 0 0
47 100 23 3 4 100 100 0 0
47 100 43 0 16 50 200 0 0
47 100 43 1 16 25 100 0 0
47 100 43 2 16 100 400 0 0
47 100 43 3 16 50 200 0 0
47 100 50 0 97 50 200 0 0
47 100 50 1 97 25 100 0 0
47 100 50 2 97 100 400 0 0
47 100 50 3 97 50 200 0 0
47 100 63 0 18 50 100 0 0
47 100 63 1 18 25 50 0 0
47 100 63 2 18 100 200 0 0
47 100 63 3 18 50 100 0 0
47 100 64 0 18 50 100 0 0
47 100 64 1 18 25 50 0 0
47 100 64 2 18 100 200 0 0
47 100 64 3 18 50 100 0 0
48 100 1 0 2 100 100 0 0
48 100 1 1 2 50 50 0 0
48 100 1 2 2 200 200 0 0
48 100 1 3 2 100 100 0 0
48 100 3 0 3 50 100 0 0
48 100 3 1 3 25 50 0 0
48 100 3 2 3 100 200 0 0
48 100 3 3 3 50 100 0 0
48 100 18 0 26 100 200 0 0
48 100 18 1 26 50 100 0 0
48 100 18 2 26 200 400 0 0
48 100 18 3 26 100 200 0 0
48 100 23 0 4 100 100 0 0
48 100 23 1 4 50 50 0 0
48 100 23 2 4 200 200 0 0
48 100 23 3 4 100 100 0 0
48 100 43 0 16 50 200 0 0
48 100 43 1 16 25 100 0 0
48 100 43 2 16 100 400 0 0
48 100 43 3 16 50 200 0 0
48 100 50 0 98 50 200 0 0
48 100 50 1 98 25 100 0 0
48 100 50 2 98 100 400 0 0
48 100 50 3 98 50 200 0 0
48 100 63 0 19 50 100 0 0
48 100 63 1 19 25 50 0 0
48 100 63 2 19 100 200 0 0
48 100 63 3 19 50 100 0 0
48 100 64 0 19 50 100 0 0
48 100 64 1 19 25 50 0 0
48 100 64 2 19 100 200 0 0
48 100 64 3 19 50 100 0 0
49 100 1 0 2 100 100 0 0
49 100 1 1 2 50 50 0 0
49 100 1 2 2 200 200 0 0
49 100 1 3 2 100 100 0 0
49 100 3 0 3 50 100 0 0
49 100 3 1 3 25 50 0 0
49 100 3 2 3 100 200 0 0
49 100 3 3 3 50 100 0 0
49 100 18 0 26 100 200 0 0
49 100 18 1 26 50 100 0 0
49 100 18 2 26 200 400 0 0
49 100 18 3 26 100 200 0 0
49 100 23 0 4 100 100 0 0
49 100 23 1 4 50 50 0 0
49 100 23 2 4 200 200 0 0
49 100 23 3 4 100 100 0 0
49 100 43 0 17 50 200 0 0
49 100 43 1 17 25 100 0 0
49 100 43 2 17 100 400 0 0
49 100 43 3 17 50 200 0 0
49 100 50 0 99 50 200 0 0
49 100 50 1 99 25 100 0 0
49 100 50 2 99 100 400 0 0
49 100 50 3 99 50 200 0 0
49 100 63 0 19 50 100 0 0
49 100 63 1 19 25 50 0 0
49 100 63 2 19 100 200 0 0
49 100 63 3 19 50 100 0 0
49 100 64 0 19 50 100 0 0
49 100 64 1 19 25 50 0 0
49 100 64 2 19 100 200 0 0
49 100 64 3 19 50 100 0 0
50 100 1 0 3 100 100 0 0
50 100 1 1 3 50 50 0 0
50 100 1 2 3 200 200 0 0
50 100 1 3 3 100 100 0 0
50 100 3 0 4 50 100 0 0
50 100 3 1 4 25 50 0 0
50 100 3 2 4 100 200 0 0
50 100 3 3 4 50 100 0 0
50 100 18 0 27 100 200 0 0
50 100 18 1 27 50 100 0 0
50 100 18 2 27 200 400 0 0
50 100 18 3 27 100 200 0 0
50 100 23 0 5 100 100 0 0
50 100 23 1 5 50 50 0 0
50 100 23 2 5 200 200 0 0
50 100 23 3 5 100 100 0 0
50 100 43 0 17 50 200 0 0
50 100 43 1 17 25 100 0 0
50 100 43 2 17 100 400 0 0
50 100 43 3 17 50 200 0 0
50 100 50 0 100 50 200 0 0
50 100 50 1 100 25 100 0 0
50 100 50 2 100 100 400 0 0
50 100 50 3 100 50 200 0 0
50 100 63 0 20 50 100 0 0
50 100 63 1 20 25 50 0 0
50 100 63 2 20 100 200 0 0
50 100 63 3 20 50 100 0 0
50 100 64 0 20 50 100 0 0
50 100 64 1 20 25 50 0 0
50 100 64 2 20 100 200 0 0
50 100 64 3 20 50 100 0 0
51 100 1 0 3 100 100 0 0
51 100 1 1 3 50 50 0 0
51 100 1 2 3 200 200 0 0
51 100 1 3 3 100 100 0 0
51 100 3 0 4 50 100 0 0
51 100 3 1 4 25 50 0 0
51 100 3 2 4 100 200 0 0
51 100 3 3 4 50 100 0 0
51 100 18 0 28 100 200 0 0
51 100 18 1 28 50 100 0 0
51 100 18 2 28 200 400 0 0
51 100 18 3 28 100 200 0 0
51 100 23 0 5 100 100 0 0
51 100 23 1 5 50 50 0 0
51 100 23 2 5 200 200 0 0
51 100 23 3 5 100 100 0 0
51 100 43 0 17 50 200 0 0
51 100 43 1 17 25 100 0 0
51 100 43 2 17 100 400 0 0
51 100 43 3 17 50 200 0 0
51 100 50 0 101 50 200 0 0
51 100 50 1 101 25 100 0 0
51 100 50 2 101 100 400 0 0
51 100 50 3 101 50 200 0 0
51 100 63 0 20 50 100 0 0
51 100 63 1 20 25 50 0 0
51 100 63 2 20 100 200 0 0
51 100 63 3 20 50 100 0 0
51 100 64 0 20 50 100 0 0
51 100 64 1 20 25 50 0 0
51 100 64 2 20 100 200 0 0
51 100 64 3 20 50 100 0 0
52 100 1 0 3 100 100 0 0
52 100 1 1 3 50 50 0 0
52 100 1 2 3 200 200 0 0
52 100 1 3 3 100 100 0 0
52 100 3 0 4 50 100 0 0
52 100 3 1 4 25 50 0 0
52 100 3 2 4 100 200 0 0
52 100 3 3 4 50 100 0 0
52 100 18 0 28 100 200 0 0
52 100 18 1 28 50 100 0 0
52 100 18 2 28 200 400 0 0
52 100 18 3 28 100 200 0 0
52 100 23 0 5 100 100 0 0
52 100 23 1 5 50 50 0 0
52 100 23 2 5 200 200 0 0
52 100 23 3 5 100 100 0 0
52 100 43 0 18 50 200 0 0
52 100 43 1 18 25 100 0 0
52 100 43 2 18 100 400 0 0
52 100 43 3 18 50 200 0 0
52 100 50 0 102 50 200 0 0
52 100 50 1 102 25 100 0 0
52 100 50 2 102 100 400 0 0
52 100 50 3 102 50 200 0 0
52 100 63 0 20 50 100 0 0
52 100 63 1 20 25 50 0 0
52 100 63 2 20 100 200 0 0
52 100 63 3 20 50 100 0 0
52 100 64 0 20 50 100 0 0
52 100 64 1 20 25 50 0 0
52 100 64 2 20 100 200 0 0
52 100 64 3 20 50 100 0 0
53 100 1 0 3 100 100 0 0
53 100 1 1 3 50 50 0 0
53 100 1 2 3 200 200 0 0
53 100 1 3 3 100 100 0 0
53 100 3 0 4 50 100 0 0
53 100 3 1 4 25 50 0 0
53 100 3 2 4 100 200 0 0
53 100 3 3 4 50 100 0 0
53 100 18 0 29 100 200 0 0
53 100 18 1 29 50 100 0 0
53 100 18 2 29 200 400 0 0
53 100 18 3 29 100 200 0 0
53 100 23 0 5 100 100 0 0
53 100 23 1 5 50 50 0 0
53 100 23 2 5 200 200 0 0
53 100 23 3 5 100 100 0 0
53 100 43 0 18 50 200 0 0
53 100 43 1 18 25 100 0 0
53 100 43 2 18 100 400 0 0
53 100 43 3 18 50 200 0 0
53 100 50 0 103 50 200 0 0
53 100 50 1 103 25 100 0 0
53 100 50 2 103 100 400 0 0
53 100 50 3 103 50 200 0 0
53 100 63 0 21 50 100 0 0
53 100 63 1 21 25 50 0 0
53 100 63 2 21 100 200 0 0
53 100 63 3 21 50 100 0 0
53 100 64 0 21 50 100 0 0
53 100 64 1 21 25 50 0 0
53 100 64 2 21 100 200 0 0
53 100 64 3 21 50 100 0 0
54 100 1 0 3 100 100 0 0
54 100 1 1 3 50 50 0 0
54 100 1 2 3 200 200 0 0
54 100 1 3 3 100 100 0 0
54 100 3 0 4 50 100 0 0
54 100 3 1 4 25 50 0 0
54 100 3 2 4 100 200 0 0
54 100 3 3 4 50 100 0 0
54 100 18 0 29 100 200 0 0
54 100 18 1 29 50 100 0 0
54 100 18 2 29 200 400 0 0
54 100 18 3 29 100 200 0 0
54 100 23 0 5 100 100 0 0
54 100 23 1 5 50 50 0 0
54 100 23 2 5 200 200 0 0
54 100 23 3 5 100 100 0 0
54 100 43 0 18 50 200 0 0
54 100 43 1 18 25 100 0 0
54 100 43 2 18 100 400 0 0
54 100 43 3 18 50 200 0 0
54 100 50 0 104 50 200 0 0
54 100 50 1 104 25 100 0 0
54 100 50 2 104 100 400 0 0
54 100 50 3 104 50 200 0 0
54 100 63 0 21 50 100 0 0
54 100 63 1 21 25 50 0 0
54 100 63 2 21 100 200 0 0
54 100 63 3 21 50 100 0 0
54 100 64 0 21 50 100 0 0
54 100 64 1 21 25 50 0 0
54 100 64 2 21 100 200 0 0
54 100 64 3 21 50 100 0 0
55 100 1 0 3 100 100 0 0
55 100 1 1 3 50 50 0 0
55 100 1 2 3 200 200 0 0
55 100 1 3 3 100 100 0 0
55 100 3 0 4 50 100 0 0
55 100 3 1 4 25 50 0 0
55 100 3 2 4 100 200 0 0
55 100 3 3 4 50 100 0 0
55 100 18 0 30 100 200 0 0
55 100 18 1 30 50 100 0 0
55 100 18 2 30 200 400 0 0
55 100 18 3 30 100 200 0 0
55 100 23 0 5 100 100 0 0
55 100 23 1 5 50 50 0 0
55 100 23 2 5 200 200 0 0
55 100 23 3 5 100 100 0 0
55 100 43 0 19 50 200 0 0
55 100 43 1 19 25 100 0 0
55 100 43 2 19 100 400 0 0
55 100 43 3 19 50 200 0 0
55 100 50 0 105 50 200 0 0
55 100 50 1 105 25 100 0 0
55 100 50 2 105 100 400 0 0
55 100 50 3 105 50 200 0 0
55 100 63 0 22 50 100 0 0
55 100 63 1 22 25 50 0 0
55 100 63 2 22 100 200 0 0
55 100 63 3 22 50 100 0 0
55 100 64 0 22 50 100 0 0
55 100 64 1 22 25 50 0 0
55 100 64 2 22 100 200 0 0
55 100 64 3 22 50 100 0 0
56 100 1 0 3 100 100 0 0
56 100 1 1 3 50 50 0 0
56 100 1 2 3 200 200 0 0
56 100 1 3 3 100 100 0 0
56 100 3 0 4 50 100 0 0
56 100 3 1 4 25 50 0 0
56 100 3 2 4 100 200 0 0
56 100 3 3 4 50 100 0 0
56 100 18 0 30 100 200 0 0
56 100 18 1 30 50 100 0 0
56 100 18 2 30 200 400 0 0
56 100 18 3 30 100 200 0 0
56 100 23 0 5 100 100 0 0
56 100 23 1 5 50 50 0 0
56 100 23 2 5 200 200 0 0
56 100 23 3 5 100 100 0 0
56 100 43 0 19 50 200 0 0
56 100 43 1 19 25 100 0 0
56 100 43 2 19 100 400 0 0
56 100 43 3 19 50 200 0 0
56 100 50 0 106 50 200 0 0
56 100 50 1 106 25 100 0 0
56 100 50 2 106 100 400 0 0
56 100 50 3 106 50 200 0 0
56 100 63 0 22 50 100 0 0
56 100 63 1 22 25 50 0 0
56 100 63 2 22 100 200 0 0
56 100 63 3 22 50 100 0 0
56 100 64 0 22 50 100 0 0
56 100 64 1 22 25 50 0 0
56 100 64 2 22 100 200 0 0
56 100 64 3 22 50 100 0 0
57 100 1 0 3 100 100 0 0
57 100 1 1 3 50 50 0 0
57 100 1 2 3 200 200 0 0
57 100 1 3 3 100 100 0 0
57 100 3 0 4 50 100 0 0
57 100 3 1 4 25 50 0 0
57 100 3 2 4 100 200 0 0
57 100 3 3 4 50 100 0 0
57 100 18 0 31 100 200 0 0
57 100 18 1 31 50 100 0 0
57 100 18 2 31 200 400 0 0
57 100 18 3 31 100 200 0 0
57 100 23 0 5 100 100 0 0
57 100 23 1 5 50 50 0 0
57 100 23 2 5 200 200 0 0
57 100 23 3 5 100 100 0 0
57 100 43 0 19 50 200 0 0
57 100 43 1 19 25 100 0 0
57 100 43 2 19 100 400 0 0
57 100 43 3 19 50 200 0 0
57 100 50 0 107 50 200 0 0
57 100 50 1 107 25 100 0 0
57 100 50 2 107 100 400 0 0
57 100 50 3 107 50 200 0 0
57 100 63 0 22 50 100 0 0
57 100 63 1 22 25 50 0 0
57 100 63 2 22 100 200 0 0
57 100 63 3 22 50 100 0 0
57 100 64 0 22 50 100 0 0
57 100 64 1 22 25 50 0 0
57 100 64 2 22 100 200 0 0
57 100 64 3 22 50 100 0 0
58 100 1 0 3 100 100 0 0
58 100 1 1 3 50 50 0 0
58 100 1 2 3 200 200 0 0
58 100 1 3 3 100 100 0 0
58 100 3 0 4 50 100 0 0
58 100 3 1 4 25 50 0 0
58 100 3 2 4 100 200 0 0
58 100 3 3 4 50 100 0 0
58 100 18 0 31 100 200 0 0
58 100 18 1 31 50 100 0 0
58 100 18 2 31 200 400 0 0
58 100 18 3 31 100 200 0 0
58 100 23 0 5 100 100 0 0
58 100 23 1 5 50 50 0 0
58 100 23 2 5 200 200 0 0
58 100 23 3 5 100 100 0 0
58 100 43 0 20 50 200 0 0
58 100 43 1 20 25 100 0 0
58 100 43 2 20 100 400 0 0
58 100 43 3 20 50 200 0 0
58 100 50 0 108 50 200 0 0
58 100 50 1 108 25 100 0 0
58 100 50 2 108 100 400 0 0
58 100 50 3 108 50 200 0 0
58 100 63 0 23 50 100 0 0
58 100 63 1 23 25 50 0 0
58 100 63 2 23 100 200 0 0
58 100 63 3 23 50 100 0 0
58 100 64 0 23 50 100 0 0
58 100 64 1 23 25 50 0 0
58 100 64 2 23 100 200 0 0
58 100 64 3 23 50 100 0 0
59 100 1 0 3 100 100 0 0
59 100 1 1 3 50 50 0 0
59 100 1 2 3 200 200 0 0
59 100 1 3 3 100 100 0 0
59 100 3 0 4 50 100 0 0
59 100 3 1 4 25 50 0 0
59 100 3 2 4 100 200 0 0
59 100 3 3 4 50 100 0 0
59 100 18 0 32 100 200 0 0
59 100 18 1 32 50 100 0 0
59 100 18 2 32 200 400 0 0
59 100 18 3 32 100 200 0 0
59 100 23 0 5 100 100 0 0
59 100 23 1 5 50 50 0 0
59 100 23 2 5 200 200 0 0
59 100 23 3 5 100 100 0 0
59 100 43 0 20 50 200 0 0
59 100 43 1 20 25 100 0 0
59 100 43 2 20 100 400 0 0
59 100 43 3 20 50 200 0 0
59 100 50 0 109 50 200 0 0
59 100 50 1 109 25 100 0 0
59 100 50 2 109 100 400 0 0
59 100 50 3 109 50 200 0 0
59 100 63 0 23 50 100 0 0
59 100 63 1 23 25 50 0 0
59 100 63 2 23 100 200 0 0
59 100 63 3 23 50 100 0 0
59 100 64 0 23 50 100 0 0
59 100 64 1 23 25 50 0 0
59 100 64 2 23 100 200 0 0
59 100 64 3 23 50 100 0 0
60 100 1 0 3 100 100 0 0
60 100 1 1 3 50 50 0 0
60 100 1 2 3 200 200 0 0
60 100 1 3 3 100 100 0 0
60 100 3 0 4 50 100 0 0
60 100 3 1 4 25 50 0 0
60 100 3 2 4 100 200 0 0
60 100 3 3 4 50 100 0 0
60 100 18 0 33 100 200 0 0
60 100 18 1 33 50 100 0 0
60 100 18 2 33 200 400 0 0
60 100 18 3 33 100 200 0 0
60 100 23 0 6 100 100 0 0
60 100 23 1 6 50 50 0 0
60 100 23 2 6 200 200 0 0
60 100 23 3 6 100 100 0 0
60 100 43 0 21 50 200 0 0
60 100 43 1 21 25 100 0 0
60 100 43 2 21 100 400 0 0
60 100 43 3 21 50 200 0 0
60 100 50 0 110 50 200 0 0
60 100 50 1 110 25 100 0 0
60 100 50 2 110 100 400 0 0
60 100 50 3 110 50 200 0 0
60 100 63 0 24 50 100 0 0
60 100 63 1 24 25 50 0 0
60 100 63 2 24 100 200 0 0
60 100 63 3 24 50 100 0 0
60 100 64 0 24 50 100 0 0
60 100 64 1 24 25 50 0 0
60 100 64 2 24 100 200 0 0
60 100 64 3 24 50 100 0 0
61 100 1 0 3 100 100 0 0
61 100 1 1 3 50 50 0 0
61 100 1 2 3 200 200 0 0
61 100 1 3 3 100 100 0 0
61 100 3 0 4 50 100 0 0
61 100 3 1 4 25 50 0 0
61 100 3 2 4 100 200 0 0
61 100 3 3 4 50 100 0 0
61 100 18 0 33 100 200 0 0
61 100 18 1 33 50 100 0 0
61 100 18 2 33 200 400 0 0
61 100 18 3 33 100 200 0 0
61 100 23 0 6 100 100 0 0
61 100 23 1 6 50 50 0 0
61 100 23 2 6 200 200 0 0
61 100 23 3 6 100 100 0 0
61 100 43 0 21 50 200 0 0
61 100 43 1 21 25 100 0 0
61 100 43 2 21 100 400 0 0
61 100 43 3 21 50 200 0 0
61 100 50 0 111 50 200 0 0
61 100 50 1 111 25 100 0 0
61 100 50 2 111 100 400 0 0
61 100 50 3 111 50 200 0 0
61 100 63 0 24 50 100 0 0
61 100 63 1 24 25 50 0 0
61 100 63 2 24 100 200 0 0
61 100 63 3 24 50 100 0 0
61 100 64 0 24 50 100 0 0
61 100 64 1 24 25 50 0 0
61 100 64 2 24 100 200 0 0
61 100 64 3 24 50 100 0 0
62 100 1 0 3 100 100 0 0
62 100 1 1 3 50 50 0 0
62 100 1 2 3 200 200 0 0
62 100 1 3 3 100 100 0 0
62 100 3 0 4 50 100 0 0
62 100 3 1 4 25 50 0 0
62 100 3 2 4 100 200 0 0
62 100 3 3 4 50 100 0 0
62 100 18 0 34 100 200 0 0
62 100 18 1 34 50 100 0 0
62 100 18 2 34 200 400 0 0
62 100 18 3 34 100 200 0 0
62 100 23 0 6 100 100 0 0
62 100 23 1 6 50 50 0 0
62 100 23 2 6 200 200 0 0
62 100 23 3 6 100 100 0 0
62 100 43 0 21 50 200 0 0
62 100 43 1 21 25 100 0 0
62 100 43 2 21 100 400 0 0
62 100 43 3 21 50 200 0 0
62 100 50 0 112 50 200 0 0
62 100 50 1 112 25 100 0 0
62 100 50 2 112 100 400 0 0
62 100 50 3 112 50 200 0 0
62 100 63 0 24 50 100 0 0
62 100 63 1 24 25 50 0 0
62 100 63 2 24 100 200 0 0
62 100 63 3 24 50 100 0 0
62 100 64 0 24 50 100 0 0
62 100 64 1 24 25 50 0 0
62 100 64 2 24 100 200 0 0
62 100 64 3 24 50 100 0 0
63 100 1 0 3 100 100 0 0
63 100 1 1 3 50 50 0 0
63 100 1 2 3 200 200 0 0
63 100 1 3 3 100 100 0 0
63 100 3 0 5 50 100 0 0
63 100 3 1 5 25 50 0 0
63 100 3 2 5 100 200 0 0
63 100 3 3 5 50 100 0 0
63 100 18 0 34 100 200 0 0
63 100 18 1 34 50 100 0 0
63 100 18 2 34 200 400 0 0
63 100 18 3 34 100 200 0 0
63 100 23 0 6 100 100 0 0
63 100 23 1 6 50 50 0 0
63 100 23 2 6 200 200 0 0
63 100 23 3 6 100 100 0 0
63 100 43 0 22 50 200 0 0
63 100 43 1 22 25 100 0 0
63 100 43 2 22 100 400 0 0
63 100 43 3 22 50 200 0 0
63 100 50 0 113 50 200 0 0
63 100 50 1 113 25 100 0 0
63 100 50 2 113 100 400 0 0
63 100 50 3 113 50 200 0 0
63 100 63 0 25 50 100 0 0
63 100 63 1 25 25 50 0 0
63 100 63 2 25 100 200 0 0
63 100 63 3 25 50 100 0 0
63 100 64 0 25 50 100 0 0
63 100 64 1 25 25 50 0 0
63 100 64 2 25 100 200 0 0
63 100 64 3 25 50 100 0 0
64 100 1 0 3 100 100 0 0
64 100 1 1 3 50 50 0 0
64 100 1 2 3 200 200 0 0
64 100 1 3 3 100 100 0 0
64 100 3 0 5 50 100 0 0
64 100 3 1 5 25 50 0 0
64 100 3 2 5 100 200 0 0
64 100 3 3 5 50 100 0 0
64 100 18 0 35 100 200 0 0
64 100 18 1 35 50 100 0 0
64 100 18 2 35 200 400 0 0
64 100 18 3 35 100 200 0 0
64 100 23 0 6 100 100 0 0
64 100 23 1 6 50 50 0 0
64 100 23 2 6 200 200 0 0
64 100 23 3 6 100 100 0 0
64 100 43 0 22 50 200 0 0
64 100 43 1 22 25 100 0 0
64 100 43 2 22 100 400 0 0
64 100 43 3 22 50 200 0 0
64 100 50 0 114 50 200 0 0
64 100 50 1 114 25 100 0 0
64 100 50 2 114 100 400 0 0
64 100 50 3 114 50 200 0 0
64 100 63 0 25 50 100 0 0
64 100 63 1 25 25 50 0 0
64 100 63 2 25 100 200 0 0
64 100 63 3 25 50 100 0 0
64 100 64 0 25 50 100 0 0
64 100 64 1 25 25 50 0 0
64 100 64 2 25 100 200 0 0
64 100 64 3 25 50 100 0 0
65 100 1 0 3 100 100 0 0
65 100 1 1 3 50 50 0 0
65 100 1 2 3 200 200 0 0
65 100 1 3 3 100 100 0 0
65 100 3 0 5 50 100 0 0
65 100 3 1 5 25 50 0 0
65 100 3 2 5 100 200 0 0
65 100 3 3 5 50 100 0 0
65 100 18 0 35 100 200 0 0
65 100 18 1 35 50 100 0 0
65 100 18 2 35 200 400 0 0
65 100 18 3 35 100 200 0 0
65 100 23 0 6 100 100 0 0
65 100 23 1 6 50 50 0 0
65 100 23 2 6 200 200 0 0
65 100 23 3 6 100 100 0 0
65 100 43 0 22 50 200 0 0
65 100 43 1 22 25 100 0 0
65 100 43 2 22 100 400 0 0
65 100 43 3 22 50 200 0 0
65 100 50 0 115 50 200 0 0
65 100 50 1 115 25 100 0 0
65 100 50 2 115 100 400 0 0
65 100 50 3 115 50 200 0 0
65 100 63 0 26 50 100 0 0
65 100 63 1 26 25 50 0 0
65 100 63 2 26 100 200 0 0
65 100 63 3 26 50 100 0 0
65 100 64 0 26 50 100 0 0
65 100 64 1 26 25 50 0 0
65 100 64 2 26 100 200 0 0
65 100 64 3 26 50 100 0 0
66 100 1 0 3 100 100 0 0
66 100 1 1 3 50 50 0 0
66 100 1 2 3 200 200 0 0
66 100 1 3 3 100 100 0 0
66 100 3 0 5 50 100 0 0
66 100 3 1 5 25 50 0 0
66 100 3 2 5 100 200 0 0
66 100 3 3 5 50 100 0 0
66 100 18 0 36 100 200 0 0
66 100 18 1 36 50 100 0 0
66 100 18 2 36 200 400 0 0
66 100 18 3 36 100 200 0 0
66 100 23 0 6 100 100 0 0
66 100 23 1 6 50 50 0 0
66 100 23 2 6 200 200 0 0
66 100 23 3 6 100 100 0 0
66 100 43 0 23 50 200 0 0
66 100 43 1 23 25 100 0 0
66 100 43 2 23 100 400 0 0
66 100 43 3 23 50 200 0 0
66 100 50 0 116 50 200 0 0
66 100 50 1 116 25 100 0 0
66 100 50 2 116 100 400 0 0
66 100 50 3 116 50 200 0 0
66 100 63 0 26 50 100 0 0
66 100 63 1 26 25 50 0 0
66 100 63 2 26 100 200 0 0
66 100 63 3 26 50 100 0 0
66 100 64 0 26 50 100 0 0
66 100 64 1 26 25 50 0 0
66 100 64 2 26 100 200 0 0
66 100 64 3 26 50 100 0 0
67 100 1 0 4 100 100 0 0
67 100 1 1 4 50 50 0 0
67 100 1 2 4 200 200 0 0
67 100 1 3 4 100 100 0 0
67 100 3 0 5 50 100 0 0
67 100 3 1 5 25 50 0 0
67 100 3 2 5 100 200 0 0
67 100 3 3 5 50 100 0 0
67 100 18 0 36 100 200 0 0
67 100 18 1 36 50 100 0 0
67 100 18 2 36 200 400 0 0
67 100 18 3 36 100 200 0 0
67 100 23 0 6 100 100 0 0
67 100 23 1 6 50 50 0 0
67 100 23 2 6 200 200 0 0
67 100 23 3 6 100 100 0 0
67 100 43 0 23 50 200 0 0
67 100 43 1 23 25 100 0 0
67 100 43 2 23 100 400 0 0
67 100 43 3 23 50 200 0 0
67 100 50 0 117 50 200 0 0
67 100 50 1 117 25 100 0 0
67 100 50 2 117 100 400 0 0
67 100 50 3 117 50 200 0 0
67 100 63 0 26 50 100 0 0
67 100 63 1 26 25 50 0 0
67 100 63 2 26 100 200 0 0
67 100 63 3 26 50 100 0 0
67 100 64 0 26 50 100 0 0
67 100 64 1 26 25 50 0 0
67 100 64 2 26 100 200 0 0
67 100 64 3 26 50 100 0 0
68 100 1 0 4 100 100 0 0
68 100 1 1 4 50 50 0 0
68 100 1 2 4 200 200 0 0
68 100 1 3 4 100 100 0 0
68 100 3 0 5 50 100 0 0
68 100 3 1 5 25 50 0 0
68 100 3 2 5 100 200 0 0
68 100 3 3 5 50 100 0 0
68 100 18 0 37 100 200 0 0
68 100 18 1 37 50 100 0 0
68 100 18 2 37 200 400 0 0
68 100 18 3 37 100 200 0 0
68 100 23 0 6 100 100 0 0
68 100 23 1 6 50 50 0 0
68 100 23 2 6 200 200 0 0
68 100 23 3 6 100 100 0 0
68 100 43 0 23 50 200 0 0
68 100 43 1 23 25 100 0 0
68 100 43 2 23 100 400 0 0
68 100 43 3 23 50 200 0 0
68 100 50 0 118 50 200 0 0
68 100 50 1 118 25 100 0 0
68 100 50 2 118 100 400 0 0
68 100 50 3 118 50 200 0 0
68 100 63 0 27 50 100 0 0
68 100 63 1 27 25 50 0 0
68 100 63 2 27 100 200 0 0
68 100 63 3 27 50 100 0 0
68 100 64 0 27 50 100 0 0
68 100 64 1 27 25 50 0 0
68 100 64 2 27 100 200 0 0
68 100 64 3 27 50 100 0 0
69 100 1 0 4 100 100 0 0
69 100 1 1 4 50 50 0 0
69 100 1 2 4 200 200 0 0
69 100 1 3 4 100 100 0 0
69 100 3 0 5 50 100 0 0
69 100 3 1 5 25 50 0 0
69 100 3 2 5 100 200 0 0
69 100 3 3 5 50 100 0 0
69 100 18 0 37 100 200 0 0
69 100 18 1 37 50 100 0 0
69 100 18 2 37 200 400 0 0
69 100 18 3 37 100 200 0 0
69 100 23 0 6 100 100 0 0
69 100 23 1 6 50 50 0 0
69 100 23 2 6 200 200 0 0
69 100 23 3 6 100 100 0 0
69 100 43 0 24 50 200 0 0
69 100 43 1 24 25 100 0 0
69 100 43 2 24 100 400 0 0
69 100 43 3 24 50 200 0 0
69 100 50 0 119 50 200 0 0
69 100 50 1 119 25 100 0 0
69 100 50 2 119 100 400 0 0
69 100 50 3 119 50 200 0 0
69 100 63 0 27 50 100 0 0
69 100 63 1 27 25 50 0 0
69 100 63 2 27 100 200 0 0
69 100 63 3 27 50 100 0 0
69 100 64 0 27 50 100 0 0
69 100 64 1 27 25 50 0 0
69 100 64 2 27 100 200 0 0
69 100 64 3 27 50 100 0 0
70 100 1 0 4 100 100 0 0
70 100 1 1 4 50 50 0 0
70 100 1 2 4 200 200 0 0
70 100 1 3 4 100 100 0 0
70 100 3 0 5 50 100 0 0
70 100 3 1 5 25 50 0 0
70 100 3 2 5 100 200 0 0
70 100 3 3 5 50 100 0 0
70 100 18 0 38 100 200 0 0
70 100 18 1 38 50 100 0 0
70 100 18 2 38 200 400 0 0
70 100 18 3 38 100 200 0 0
70 100 23 0 7 100 100 0 0
70 100 23 1 7 50 50 0 0
70 100 23 2 7 200 200 0 0
70 100 23 3 7 100 100 0 0
70 100 43 0 24 50 200 0 0
70 100 43 1 24 25 100 0 0
70 100 43 2 24 100 400 0 0
70 100 43 3 24 50 200 0 0
70 100 50 0 120 50 200 0 0
70 100 50 1 120 25 100 0 0
70 100 50 2 120 100 400 0 0
70 100 50 3 120 50 200 0 0
70 100 63 0 28 50 100 0 0
70 100 63 1 28 25 50 0 0
70 100 63 2 28 100 200 0 0
70 100 63 3 28 50 100 0 0
70 100 64 0 28 50 100 0 0
70 100 64 1 28 25 50 0 0
70 100 64 2 28 100 200 0 0
70 100 64 3 28 50 100 0 0
71 100 1 0 4 100 100 0 0
71 100 1 1 4 50 50 0 0
71 100 1 2 4 200 200 0 0
71 100 1 3 4 100 100 0 0
71 100 3 0 5 50 100 0 0
71 100 3 1 5 25 50 0 0
71 100 3 2 5 100 200 0 0
71 100 3 3 5 50 100 0 0
71 100 18 0 39 100 200 0 0
71 100 18 1 39 50 100 0 0
71 100 18 2 39 200 400 0 0
71 100 18 3 39 100 200 0 0
71 100 23 0 7 100 100 0 0
71 100 23 1 7 50 50 0 0
71 100 23 2 7 200 200 0 0
71 100 23 3 7 100 100 0 0
71 100 43 0 24 50 200 0 0
71 100 43 1 24 25 100 0 0
71 100 43 2 24 100 400 0 0
71 100 43 3 24 50 200 0 0
71 100 50 0 121 50 200 0 0
71 100 50 1 121 25 100 0 0
71 100 50 2 121 100 400 0 0
71 100 50 3 121 50 200 0 0
71 100 63 0 28 50 100 0 0
71 100 63 1 28 25 50 0 0
71 100 63 2 28 100 200 0 0
71 100 63 3 28 50 100 0 0
71 100 64 0 28 50 100 0 0
71 100 64 1 28 25 50 0 0
71 100 64 2 28 100 200 0 0
71 100 64 3 28 50 100 0 0
72 100 1 0 4 100 100 0 0
72 100 1 1 4 50 50 0 0
72 100 1 2 4 200 200 0 0
72 100 1 3 4 100 100 0 0
72 100 3 0 5 50 100 0 0
72 100 3 1 5 25 50 0 0
72 100 3 2 5 100 200 0 0
72 100 3 3 5 50 100 0 0
72 100 18 0 39 100 200 0 0
72 100 18 1 39 50 100 0 0
72 100 18 2 39 200 400 0 0
72 100 18 3 39 100 200 0 0
72 100 23 0 7 100 100 0 0
72 100 23 1 7 50 50 0 0
72 100 23 2 7 200 200 0 0
72 100 23 3 7 100 100 0 0
72 100 43 0 25 50 200 0 0
72 100 43 1 25 25 100 0 0
72 100 43 2 25 100 400 0 0
72 100 43 3 25 50 200 0 0
72 100 50 0 122 50 200 0 0
72 100 50 1 122 25 100 0 0
72 100 50 2 122 100 400 0 0
72 100 50 3 122 50 200 0 0
72 100 63 0 28 50 100 0 0
72 100 63 1 28 25 50 0 0
72 100 63 2 28 100 200 0 0
72 100 63 3 28 50 100 0 0
72 100 64 0 28 50 100 0 0
72 100 64 1 28 25 50 0 0
72 100 64 2 28 100 200 0 0
72 100 64 3 28 50 100 0 0
73 100 1 0 4 100 100 0 0
73 100 1 1 4 50 50 0 0
73 100 1 2 4 200 200 0 0
73 100 1 3 4 100 100 0 0
73 100 3 0 5 50 100 0 0
73 100 3 1 5 25 50 0 0
73 100 3 2 5 100 200 0 0
73 100 3 3 5 50 100 0 0
73 100 18 0 40 100 200 0 0
73 100 18 1 40 50 100 0 0
73 100 18 2 40 200 400 0 0
73 100 18 3 40 100 200 0 0
73 100 23 0 7 100 100 0 0
73 100 23 1 7 50 50 0 0
73 100 23 2 7 200 200 0 0
73 100 23 3 7 100 100 0 0
73 100 43 0 25 50 200 0 0
73 100 43 1 25 25 100 0 0
73 100 43 2 25 100 400 0 0
73 100 43 3 25 50 200 0 0
73 100 50 0 123 50 200 0 0
73 100 50 1 123 25 100 0 0
73 100 50 2 123 100 400 0 0
73 100 50 3 123 50 200 0 0
73 100 63 0 29 50 100 0 0
73 100 63 1 29 25 50 0 0
73 100 63 2 29 100 200 0 0
73 100 63 3 29 50 100 0 0
73 100 64 0 29 50 100 0 0
73 100 64 1 29 25 50 0 0
73 100 64 2 29 100 200 0 0
73 100 64 3 29 50 100 0 0
74 100 1 0 4 100 100 0 0
74 100 1 1 4 50 50 0 0
74 100 1 2 4 200 200 0 0
74 100 1 3 4 100 100 0 0
74 100 3 0 5 50 100 0 0
74 100 3 1 5 25 50 0 0
74 100 3 2 5 100 200 0 0
74 100 3 3 5 50 100 0 0
74 100 18 0 40 100 200 0 0
74 100 18 1 40 50 100 0 0
74 100 18 2 40 200 400 0 0
74 100 18 3 40 100 200 0 0
74 100 23 0 7 100 100 0 0
74 100 23 1 7 50 50 0 0
74 100 23 2 7 200 200 0 0
74 100 23 3 7 100 100 0 0
74 100 43 0 25 50 200 0 0
74 100 43 1 25 25 100 0 0
74 100 43 2 25 100 400 0 0
74 100 43 3 25 50 200 0 0
74 100 50 0 124 50 200 0 0
74 100 50 1 124 25 100 0 0
74 100 50 2 124 100 400 0 0
74 100 50 3 124 50 200 0 0
74 100 63 0 29 50 100 0 0
74 100 63 1 29 25 50 0 0
74 100 63 2 29 100 200 0 0
74 100 63 3 29 50 100 0 0
74 100 64 0 29 50 100 0 0
74 100 64 1 29 25 50 0 0
74 100 64 2 29 100 200 0 0
74 100 64 3 29 50 100 0 0
75 100 1 0 4 100 100 0 0
75 100 1 1 4 50 50 0 0
75 100 1 2 4 200 200 0 0
75 100 1 3 4 100 100 0 0
75 100 3 0 6 50 100 0 0
75 100 3 1 6 25 50 0 0
75 100 3 2 6 100 200 0 0
75 100 3 3 6 50 100 0 0
75 100 18 0 41 100 200 0 0
75 100 18 1 41 50 100 0 0
75 100 18 2 41 200 400 0 0
75 100 18 3 41 100 200 0 0
75 100 23 0 7 100 100 0 0
75 100 23 1 7 50 50 0 0
75 100 23 2 7 200 200 0 0
75 100 23 3 7 100 100 0 0
75 100 43 0 26 50 200 0 0
75 100 43 1 26 25 100 0 0
75 100 43 2 26 100 400 0 0
75 100 43 3 26 50 200 0 0
75 100 50 0 125 50 200 0 0
75 100 50 1 125 25 100 0 0
75 100 50 2 125 100 400 0 0
75 100 50 3 125 50 200 0 0
75 100 63 0 30 50 100 0 0
75 100 63 1 30 25 50 0 0
75 100 63 2 30 100 200 0 0
75 100 63 3 30 50 100 0 0
75 100 64 0 30 50 100 0 0
75 100 64 1 30 25 50 0 0
75 100 64 2 30 100 200 0 0
75 100 64 3 30 50 100 0 0
76 100 1 0 4 100 100 0 0
76 100 1 1 4 50 50 0 0
76 100 1 2 4 200 200 0 0
76 100 1 3 4 100 100 0 0
76 100 3 0 6 50 100 0 0
76 100 3 1 6 25 50 0 0
76 100 3 2 6 100 200 0 0
76 100 3 3 6 50 100 0 0
76 100 18 0 41 100 200 0 0
76 100 18 1 41 50 100 0 0
76 100 18 2 41 200 400 0 0
76 100 18 3 41 100 200 0 0
76 100 23 0 7 100 100 0 0
76 100 23 1 7 50 50 0 0
76 100 23 2 7 200 200 0 0
76 100 23 3 7 100 100 0 0
76 100 43 0 26 50 200 0 0
76 100 43 1 26 25 100 0 0
76 100 43 2 26 100 400 0 0
76 100 43 3 26 50 200 0 0
76 100 50 0 126 50 200 0 0
76 100 50 1 126 25 100 0 0
76 100 50 2 126 100 400 0 0
76 100 50 3 126 50 200 0 0
76 100 63 0 30 50 100 0 0
76 100 63 1 30 25 50 0 0
76 100 63 2 30 100 200 0 0
76 100 63 3 30 50 100 0 0
76 100 64 0 30 50 100 0 0
76 100 64 1 30 25 50 0 0
76 100 64 2 30 100 200 0 0
76 100 64 3 30 50 100 0 0
77 100 1 0 4 100 100 0 0
77 100 1 1 4 50 50 0 0
77 100 1 2 4 200 200 0 0
77 100 1 3 4 100 100 0 0
77 100 3 0 6 50 100 0 0
77 100 3 1 6 25 50 0 0
77 100 3 2 6 100 200 0 0
77 100 3 3 6 50 100 0 0
77 100 18 0 42 100 200 0 0
77 100 18 1 42 50 100 0 0
77 100 18 2 42 200 400 0 0
77 100 18 3 42 100 200 0 0
77 100 23 0 7 100 100 0 0
77 100 23 1 7 50 50 0 0
77 100 23 2 7 200 200 0 0
77 100 23 3 7 100 100 0 0
77 100 43 0 26 50 200 0 0
77 100 43 1 26 25 100 0 0
77 100 43 2 26 100 400 0 0
77 100 43 3 26 50 200 0 0
77 100 50 0 127 50 200 0 0
77 100 50 1 127 25 100 0 0
77 100 50 2 127 100 400 0 0
77 100 50 3 127 50 200 0 0
77 100 63 0 30 50 100 0 0
77 100 63 1 30 25 50 0 0
77 100 63 2 30 100 200 0 0
77 100 63 3 30 50 100 0 0
77 100 64 0 30 50 100 0 0
77 100 64 1 30 25 50 0 0
77 100 64 2 30 100 200 0 0
77 100 64 3 30 50 100 0 0
78 100 1 0 4 100 100 0 0
78 100 1 1 4 50 50 0 0
78 100 1 2 4 200 200 0 0
78 100 1 3 4 100 100 0 0
78 100 3 0 6 50 100 0 0
78 100 3 1 6 25 50 0 0
78 100 3 2 6 100 200 0 0
78 100 3 3 6 50 100 0 0
78 100 18 0 42 100 200 0 0
78 100 18 1 42 50 100 0 0
78 100 18 2 42 200 400 0 0
78 100 18 3 42 100 200 0 0
78 100 23 0 7 100 100 0 0
78 100 23 1 7 50 50 0 0
78 100 23 2 7 200 200 0 0
78 100 23 3 7 100 100 0 0
78 100 43 0 27 50 200 0 0
78 100 43 1 27 25 100 0 0
78 100 43 2 27 100 400 0 0
78 100 43 3 27 50 200 0 0
78 100 50 0 128 50 200 0 0
78 100 50 1 128 25 100 0 0
78 100 50 2 128 100 400 0 0
78 100 50 3 128 50 200 0 0
78 100 63 0 31 50 100 0 0
78 100 63 1 31 25 50 0 0
78 100 63 2 31 100 200 0 0
78 100 63 3 31 50 100 0 0
78 100 64 0 31 50 100 0 0
78 100 64 1 31 25 50 0 0
78 100 64 2 31 100 200 0 0
78 100 64 3 31 50 100 0 0
79 100 1 0 4 100 100 0 0
79 100 1 1 4 50 50 0 0
79 100 1 2 4 200 200 0 0
79 100 1 3 4 100 100 0 0
79 100 3 0 6 50 100 0 0
79 100 3 1 6 25 50 0 0
79 100 3 2 6 100 200 0 0
79 100 3 3 6 50 100 0 0
79 100 18 0 43 100 200 0 0
79 100 18 1 43 50 100 0 0
79 100 18 2 43 200 400 0 0
79 100 18 3 43 100 200 0 0
79 100 23 0 7 100 100 0 0
79 100 23 1 7 50 50 0 0
79 100 23 2 7 200 200 0 0
79 100 23 3 7 100 100 0 0
79 100 43 0 27 50 200 0 0
79 100 43 1 27 25 100 0 0
79 100 43 2 27 100 400 0 0
79 100 43 3 27 50 200 0 0
79 100 50 0 129 50 200 0 0
79 100 50 1 129 25 100 0 0
79 100 50 2 129 100 400 0 0
79 100 50 3 129 50 200 0 0
79 100 63 0 31 50 100 0 0
79 100 63 1 31 25 50 0 0
79 100 63 2 31 100 200 0 0
79 100 63 3 31 50 100 0 0
79 100 64 0 31 50 100 0 0
79 100 64 1 31 25 50 0 0
79 100 64 2 31 100 200 0 0
79 100 64 3 31 50 100 0 0
80 100 1 0 4 100 100 0 0
80 100 1 1 4 50 50 0 0
80 100 1 2 4 200 200 0 0
80 100 1 3 4 100 100 0 0
80 100 3 0 6 50 100 0 0
80 100 3 1 6 25 50 0 0
80 100 3 2 6 100 200 0 0
80 100 3 3 6 50 100 0 0
80 100 18 0 44 100 200 0 0
80 100 18 1 44 50 100 0 0
80 100 18 2 44 200 400 0 0
80 100 18 3 44 100 200 0 0
80 100 23 0 8 100 100 0 0
80 100 23 1 8 50 50 0 0
80 100 23 2 8 200 200 0 0
80 100 23 3 8 100 100 0 0
80 100 43 0 28 50 200 0 0
80 100 43 1 28 25 100 0 0
80 100 43 2 28 100 400 0 0
80 100 43 3 28 50 200 0 0
80 100 50 0 130 50 200 0 0
80 100 50 1 130 25 100 0 0
80 100 50 2 130 100 400 0 0
80 100 50 3 130 50 200 0 0
80 100 63 0 32 50 100 0 0
80 100 63 1 32 25 50 0 0
80 100 63 2 32 100 200 0 0
80 100 63 3 32 50 100 0 0
80 100 64 0 32 50 100 0 0
80 100 64 1 32 25 50 0 0
80 100 64 2 32 100 200 0 0
80 100 64 3 32 50 100 0 0
81 100 1 0 4 100 100 0 0
81 100 1 1 4 50 50 0 0
81 100 1 2 4 200 200 0 0
81 100 1 3 4 100 100 0 0
81 100 3 0 6 50 100 0 0
81 100 3 1 6 25 50 0 0
81 100 3 2 6 100 200 0 0
81 100 3 3 6 50 100 0 0
81 100 18 0 44 100 200 0 0
81 100 18 1 44 50 100 0 0
81 100 18 2 44 200 400 0 0
81 100 18 3 44 100 200 0 0
81 100 23 0 8 100 100 0 0
81 100 23 1 8 50 50 0 0
81 100 23 2 8 200 200 0 0
81 100 23 3 8 100 100 0 0
81 100 43 0 28 50 200 0 0
81 100 43 1 28 25 100 0 0
81 100 43 2 28 100 400 0 0
81 100 43 3 28 50 200 0 0
81 100 50 0 131 50 200 0 0
81 100 50 1 131 25 100 0 0
81 100 50 2 131 100 400 0 0
81 100 50 3 131 50 200 0 0
81 100 63 0 32 50 100 0 0
81 100 63 1 32 25 50 0 0
81 100 63 2 32 100 200 0 0
81 100 63 3 32 50 100 0 0
81 100 64 0 32 50 100 0 0
81 100 64 1 32 25 50 0 0
81 100 64 2 32 100 200 0 0
81 100 64 3 32 50 100 0 0
82 100 1 0 4 100 100 0 0
82 100 1 1 4 50 50 0 0
82 100 1 2 4 200 200 0 0
82 100 1 3 4 100 100 0 0
82 100 3 0 6 50 100 0 0
82 100 3 1 6 25 50 0 0
82 100 3 2 6 100 200 0 0
82 100 3 3 6 50 100 0 0
82 100 18 0 45 100 200 0 0
82 100 18 1 45 50 100 0 0
82 100 18 2 45 200 400 0 0
82 100 18 3 45 100 200 0 0
82 100 23 0 8 100 100 0 0
82 100 23 1 8 50 50 0 0
82 100 23 2 8 200 200 0 0
82 100 23 3 8 100 100 0 0
82 100 43 0 28 50 200 0 0
82 100 43 1 28 25 100 0 0
82 100 43 2 28 100 400 0 0
82 100 43 3 28 50 200 0 0
82 100 50 0 132 50 200 0 0
82 100 50 1 132 25 100 0 0
82 100 50 2 132 100 400 0 0
82 100 50 3 132 50 200 0 0
82 100 63 0 32 50 100 0 0
82 100 63 1 32 25 50 0 0
82 100 63 2 32 100 200 0 0
82 100 63 3 32 50 100 0 0
82 100 64 0 32 50 100 0 0
82 100 64 1 32 25 50 0 0
82 100 64 2 32 100 200 0 0
82 100 64 3 32 50 100 0 0
83 100 1 0 4 100 100 0 0
83 100 1 1 4 50 50 0 0
83 100 1 2 4 200 200 0 0
83 100 1 3 4 100 100 0 0
83 100 3 0 6 50 100 0 0
83 100 3 1 6 25 50 0 0
83 100 3 2 6 100 200 0 0
83 100 3 3 6 50 100 0 0
83 100 18 0 45 100 200 0 0
83 100 18 1 45 50 100 0 0
83 100 18 2 45 200 400 0 0
83 100 18 3 45 100 200 0 0
83 100 23 0 8 100 100 0 0
83 100 23 1 8 50 50 0 0
83 100 23 2 8 200 200 0 0
83 100 23 3 8 100 100 0 0
83 100 43 0 29 50 200 0 0
83 100 43 1 29 25 100 0 0
83 100 43 2 29 100 400 0 0
83 100 43 3 29 50 200 0 0
83 100 50 0 133 50 200 0 0
83 100 50 1 133 25 100 0 0
83 100 50 2 133 100 400 0 0
83 100 50 3 133 50 200 0 0
83 100 63 0 33 50 100 0 0
83 100 63 1 33 25 50 0 0
83 100 63 2 33 100 200 0 0
83 100 63 3 33 50 100 0 0
83 100 64 0 33 50 100 0 0
83 100 64 1 33 25 50 0 0
83 100 64 2 33 100 200 0 0
83 100 64 3 33 50 100 0 0
84 100 1 0 5 100 100 0 0
84 100 1 1 5 50 50 0 0
84 100 1 2 5 200 200 0 0
84 100 1 3 5 100 100 0 0
84 100 3 0 6 50 100 0 0
84 100 3 1 6 25 50 0 0
84 100 3 2 6 100 200 0 0
84 100 3 3 6 50 100 0 0
84 100 18 0 46 100 200 0 0
84 100 18 1 46 50 100 0 0
84 100 18 2 46 200 400 0 0
84 100 18 3 46 100 200 0 0
84 100 23 0 8 100 100 0 0
84 100 23 1 8 50 50 0 0
84 100 23 2 8 200 200 0 0
84 100 23 3 8 100 100 0 0
84 100 43 0 29 50 200 0 0
84 100 43 1 29 25 100 0 0
84 100 43 2 29 100 400 0 0
84 100 43 3 29 50 200 0 0
84 100 50 0 134 50 200 0 0
84 100 50 1 134 25 100 0 0
84 100 50 2 134 100 400 0 0
84 100 50 3 134 50 200 0 0
84 100 63 0 33 50 100 0 0
84 100 63 1 33 25 50 0 0
84 100 63 2 33 100 200 0 0
84 100 63 3 33 50 100 0 0
84 100 64 0 33 50 100 0 0
84 100 64 1 33 25 50 0 0
84 100 64 2 33 100 200 0 0
84 100 64 3 33 50 100 0 0
85 100 1 0 5 100 100 0 0
85 100 1 1 5 50 50 0 0
85 100 1 2 5 200 200 0 0
85 100 1 3 5 100 100 0 0
85 100 3 0 6 50 100 0 0
85 100 3 1 6 25 50 0 0
85 100 3 2 6 100 200 0 0
85 100 3 3 6 50 100 0 0
85 100 18 0 46 100 200 0 0
85 100 18 1 46 50 100 0 0
85 100 18 2 46 200 400 0 0
85 100 18 3 46 100 200 0 0
85 100 23 0 8 100 100 0 0
85 100 23 1 8 50 50 0 0
85 100 23 2 8 200 200 0 0
85 100 23 3 8 100 100 0 0
85 100 43 0 29 50 200 0 0
85 100 43 1 29 25 100 0 0
85 100 43 2 29 100 400 0 0
85 100 43 3 29 50 200 0 0
85 100 50 0 135 50 200 0 0
85 100 50 1 135 25 100 0 0
85 100 50 2 135 100 400 0 0
85 100 50 3 135 50 200 0 0
85 100 63 0 34 50 100 0 0
85 100 63 1 34 25 50 0 0
85 100 63 2 34 100 200 0 0
85 100 63 3 34 50 100 0 0
85 100 64 0 34 50 100 0 0
85 100 64 1 34 25 50 0 0
85 100 64 2 34 100 200 0 0
85 100 64 3 34 50 100 0 0
86 100 1 0 5 100 100 0 0
86 100 1 1 5 50 50 0 0
86 100 1 2 5 200 200 0 0
86 100 1 3 5 100 100 0 0
86 100 3 0 6 50 100 0 0
86 100 3 1 6 25 50 0 0
86 100 3 2 6 100 200 0 0
86 100 3 3 6 50 100 0 0
86 100 18 0 47 100 200 0 0
86 100 18 1 47 50 100 0 0
86 100 18 2 47 200 400 0 0
86 100 18 3 47 100 200 0 0
86 100 23 0 8 100 100 0 0
86 100 23 1 8 50 50 0 0
86 100 23 2 8 200 200 0 0
86 100 23 3 8 100 100 0 0
86 100 43 0 30 50 200 0 0
86 100 43 1 30 25 100 0 0
86 100 43 2 30 100 400 0 0
86 100 43 3 30 50 200 0 0
86 100 50 0 136 50 200 0 0
86 100 50 1 136 25 100 0 0
86 100 50 2 136 100 400 0 0
86 100 50 3 136 50 200 0 0
86 100 63 0 34 50 100 0 0
86 100 63 1 34 25 50 0 0
86 100 63 2 34 100 200 0 0
86 100 63 3 34 50 100 0 0
86 100 64 0 34 50 100 0 0
86 100 64 1 34 25 50 0 0
86 100 64 2 34 100 200 0 0
86 100 64 3 34 50 100 0 0
87 100 1 0 5 100 100 0 0
87 100 1 1 5 50 50 0 0
87 100 1 2 5 200 200 0 0
87 100 1 3 5 100 100 0 0
87 100 3 0 6 50 100 0 0
87 100 3 1 6 25 50 0 0
87 100 3 2 6 100 200 0 0
87 100 3 3 6 50 100 0 0
87 100 18 0 47 100 200 0 0
87 100 18 1 47 50 100 0 0
87 100 18 2 47 200 400 0 0
87 100 18 3 47 100 200 0 0
87 100 23 0 8 100 100 0 0
87 100 23 1 8 50 50 0 0
87 100 23 2 8 200 200 0 0
87 100 23 3 8 100 100 0 0
87 100 43 0 30 50 200 0 0
87 100 43 1 30 25 100 0 0
87 100 43 2 30 100 400 0 0
87 100 43 3 30 50 200 0 0
87 100 50 0 137 50 200 0 0
87 100 50 1 137 25 100 0 0
87 100 50 2 137 100 400 0 0
87 100 50 3 137 50 200 0 0
87 100 63 0 34 50 100 0 0
87 100 63 1 34 25 50 0 0
87 100 63 2 34 100 200 0 0
87 100 63 3 34 50 100 0 0
87 100 64 0 34 50 100 0 0
87 100 64 1 34 25 50 0 0
87 100 64 2 34 100 200 0 0
87 100 64 3 34 50 100 0 0
88 100 1 0 5 100 100 0 0
88 100 1 1 5 50 50 0 0
88 100 1 2 5 200 200 0 0
88 100 1 3 5 100 100 0 0
88 100 3 0 7 50 100 0 0
88 100 3 1 7 25 50 0 0
88 100 3 2 7 100 200 0 0
88 100 3 3 7 50 100 0 0
88 100 18 0 48 100 200 0 0
88 100 18 1 48 50 100 0 0
88 100 18 2 48 200 400 0 0
88 100 18 3 48 100 200 0 0
88 100 23 0 8 100 100 0 0
88 100 23 1 8 50 50 0 0
88 100 23 2 8 200 200 0 0
88 100 23 3 8 100 100 0 0
88 100 43 0 30 50 200 0 0
88 100 43 1 30 25 100 0 0
88 100 43 2 30 100 400 0 0
88 100 43 3 30 50 200 0 0
88 100 50 0 138 50 200 0 0
88 100 50 1 138 25 100 0 0
88 100 50 2 138 100 400 0 0
88 100 50 3 138 50 200 0 0
88 100 63 0 35 50 100 0 0
88 100 63 1 35 25 50 0 0
88 100 63 2 35 100 200 0 0
88 100 63 3 35 50 100 0 0
88 100 64 0 35 50 100 0 0
88 100 64 1 35 25 50 0 0
88 100 64 2 35 100 200 0 0
88 100 64 3 35 50 100 0 0
89 100 1 0 5 100 100 0 0
89 100 1 1 5 50 50 0 0
89 100 1 2 5 200 200 0 0
89 100 1 3 5 100 100 0 0
89 100 3 0 7 50 100 0 0
89 100 3 1 7 25 50 0 0
89 100 3 2 7 100 200 0 0
89 100 3 3 7 50 100 0 0
89 100 18 0 48 100 200 0 0
89 100 18 1 48 50 100 0 0
89 100 18 2 48 200 400 0 0
89 100 18 3 48 100 200 0 0
89 100 23 0 8 100 100 0 0
89 100 23 1 8 50 50 0 0
89 100 23 2 8 200 200 0 0
89 100 23 3 8 100 100 0 0
89 100 43 0 31 50 200 0 0
89 100 43 1 31 25 100 0 0
89 100 43 2 31 100 400 0 0
89 100 43 3 31 50 200 0 0
89 100 50 0 139 50 200 0 0
89 100 50 1 139 25 100 0 0
89 100 50 2 139 100 400 0 0
89 100 50 3 139 50 200 0 0
89 100 63 0 35 50 100 0 0
89 100 63 1 35 25 50 0 0
89 100 63 2 35 100 200 0 0
89 100 63 3 35 50 100 0 0
89 100 64 0 35 50 100 0 0
89 100 64 1 35 25 50 0 0
89 100 64 2 35 100 200 0 0
89 100 64 3 35 50 100 0 0
90 100 1 0 5 100 100 0 0
90 100 1 1 5 50 50 0 0
90 100 1 2 5 200 200 0 0
90 100 1 3 5 100 100 0 0
90 100 3 0 7 50 100 0 0
90 100 3 1 7 25 50 0 0
90 100 3 2 7 100 200 0 0
90 100 3 3 7 50 100 0 0
90 100 18 0 49 100 200 0 0
90 100 18 1 49 50 100 0 0
90 100 18 2 49 200 400 0 0
90 100 18 3 49 100 200 0 0
90 100 23 0 9 100 100 0 0
90 100 23 1 9 50 50 0 0
90 100 23 2 9 200 200 0 0
90 100 23 3 9 100 100 0 0
90 100 43 0 31 50 200 0 0
90 100 43 1 31 25 100 0 0
90 100 43 2 31 100 400 0 0
90 100 43 3 31 50 200 0 0
90 100 50 0 140 50 200 0 0
90 100 50 1 140 25 100 0 0
90 100 50 2 140 100 400 0 0
90 100 50 3 140 50 200 0 0
90 100 63 0 36 50 100 0 0
90 100 63 1 36 25 50 0 0
90 100 63 2 36 100 200 0 0
90 100 63 3 36 50 100 0 0
90 100 64 0 36 50 100 0 0
90 100 64 1 36 25 50 0 0
90 100 64 2 36 100 200 0 0
90 100 64 3 36 50 100 0 0
91 100 1 0 5 100 100 0 0
91 100 1 1 5 50 50 0 0
91 100 1 2 5 200 200 0 0
91 100 1 3 5 100 100 0 0
91 100 3 0 7 50 100 0 0
91 100 3 1 7 25 50 0 0
91 100 3 2 7 100 200 0 0
91 100 3 3 7 50 100 0 0
91 100 18 0 50 100 200 0 0
91 100 18 1 50 50 100 0 0
91 100 18 2 50 200 400 0 0
91 100 18 3 50 100 200 0 0
91 100 23 0 9 100 100 0 0
91 100 23 1 9 50 50 0 0
91 100 23 2 9 200 200 0 0
91 100 23 3 9 100 100 0 0
91 100 43 0 31 50 200 0 0
91 100 43 1 31 25 100 0 0
91 100 43 2 31 100 400 0 0
91 100 43 3 31 50 200 0 0
91 100 50 0 141 50 200 0 0
91 100 50 1 141 25 100 0 0
91 100 50 2 141 100 400 0 0
91 100 50 3 141 50 200 0 0
91 100 63 0 36 50 100 0 0
91 100 63 1 36 25 50 0 0
91 100 63 2 36 100 200 0 0
91 100 63 3 36 50 100 0 0
91 100 64 0 36 50 100 0 0
91 100 64 1 36 25 50 0 0
91 100 64 2 36 100 200 0 0
91 100 64 3 36 50 100 0 0
92 100 1 0 5 100 100 0 0
92 100 1 1 5 50 50 0 0
92 100 1 2 5 200 200 0 0
92 100 1 3 5 100 100 0 0
92 100 3 0 7 50 100 0 0
92 100 3 1 7 25 50 0 0
92 100 3 2 7 100 200 0 0
92 100 3 3 7 50 100 0 0
92 100 18 0 50 100 200 0 0
92 100 18 1 50 50 100 0 0
92 100 18 2 50 200 400 0 0
92 100 18 3 50 100 200 0 0
92 100 23 0 9 100 100 0 0
92 100 23 1 9 50 50 0 0
92 100 23 2 9 200 200 0 0
92 100 23 3 9 100 100 0 0
92 100 43 0 32 50 200 0 0
92 100 43 1 32 25 100 0 0
92 100 43 2 32 100 400 0 0
92 100 43 3 32 50 200 0 0
92 100 50 0 142 50 200 0 0
92 100 50 1 142 25 100 0 0
92 100 50 2 142 100 400 0 0
92 100 50 3 142 50 200 0 0
92 100 63 0 36 50 100 0 0
92 100 63 1 36 25 50 0 0
92 100 63 2 36 100 200 0 0
92 100 63 3 36 50 100 0 0
92 100 64 0 36 50 100 0 0
92 100 64 1 36 25 50 0 0
92 100 64 2 36 100 200 0 0
92 100 64 3 36 50 100 0 0
93 100 1 0 5 100 100 0 0
93 100 1 1 5 50 50 0 0
93 100 1 2 5 200 200 0 0
93 100 1 3 5 100 100 0 0
93 100 3 0 7 50 100 0 0
93 100 3 1 7 25 50 0 0
93 100 3 2 7 100 200 0 0
93 100 3 3 7 50 100 0 0
93 100 18 0 51 100 200 0 0
93 100 18 1 51 50 100 0 0
93 100 18 2 51 200 400 0 0
93 100 18 3 51 100 200 0 0
93 100 23 0 9 100 100 0 0
93 100 23 1 9 50 50 0 0
93 100 23 2 9 200 200 0 0
93 100 23 3 9 100 100 0 0
93 100 43 0 32 50 200 0 0
93 100 43 1 32 25 100 0 0
93 100 43 2 32 100 400 0 0
93 100 43 3 32 50 200 0 0
93 100 50 0 143 50 200 0 0
93 100 50 1 143 25 100 0 0
93 100 50 2 143 100 400 0 0
93 100 50 3 143 50 200 0 0
93 100 63 0 37 50 100 0 0
93 100 63 1 37 25 50 0 0
93 100 63 2 37 100 200 0 0
93 100 63 3 37 50 100 0 0
93 100 64 0 37 50 100 0 0
93 100 64 1 37 25 50 0 0
93 100 64 2 37 100 200 0 0
93 100 64 3 37 50 100 0 0
94 100 1 0 5 100 100 0 0
94 100 1 1 5 50 50 0 0
94 100 1 2 5 200 200 0 0
94 100 1 3 5 100 100 0 0
94 100 3 0 7 50 100 0 0
94 100 3 1 7 25 50 0 0
94 100 3 2 7 100 200 0 0
94 100 3 3 7 50 100 0 0
94 100 18 0 51 100 200 0 0
94 100 18 1 51 50 100 0 0
94 100 18 2 51 200 400 0 0
94 100 18 3 51 100 200 0 0
94 100 23 0 9 100 100 0 0
94 100 23 1 9 50 50 0 0
94 100 23 2 9 200 200 0 0
94 100 23 3 9 100 100 0 0
94 100 43 0 32 50 200 0 0
94 100 43 1 32 25 100 0 0
94 100 43 2 32 100 400 0 0
94 100 43 3 32 50 200 0 0
94 100 50 0 144 50 200 0 0
94 100 50 1 144 25 100 0 0
94 100 50 2 144 100 400 0 0
94 100 50 3 144 50 200 0 0
94 100 63 0 37 50 100 0 0
94 100 63 1 37 25 50 0 0
94 100 63 2 37 100 200 0 0
94 100 63 3 37 50 100 0 0
94 100 64 0 37 50 100 0 0
94 100 64 1 37 25 50 0 0
94 100 64 2 37 100 200 0 0
94 100 64 3 37 50 100 0 0
95 100 1 0 5 100 100 0 0
95 100 1 1 5 50 50 0 0
95 100 1 2 5 200 200 0 0
95 100 1 3 5 100 100 0 0
95 100 3 0 7 50 100 0 0
95 100 3 1 7 25 50 0 0
95 100 3 2 7 100 200 0 0
95 100 3 3 7 50 100 0 0
95 100 18 0 52 100 200 0 0
95 100 18 1 52 50 100 0 0
95 100 18 2 52 200 400 0 0
95 100 18 3 52 100 200 0 0
95 100 23 0 9 100 100 0 0
95 100 23 1 9 50 50 0 0
95 100 23 2 9 200 200 0 0
95 100 23 3 9 100 100 0 0
95 100 43 0 33 50 200 0 0
95 100 43 1 33 25 100 0 0
95 100 43 2 33 100 400 0 0
95 100 43 3 33 50 200 0 0
95 100 50 0 145 50 200 0 0
95 100 50 1 145 25 100 0 0
95 100 50 2 145 100 400 0 0
95 100 50 3 145 50 200 0 0
95 100 63 0 38 50 100 0 0
95 100 63 1 38 25 50 0 0
95 100 63 2 38 100 200 0 0
95 100 63 3 38 50 100 0 0
95 100 64 0 38 50 100 0 0
95 100 64 1 38 25 50 0 0
95 100 64 2 38 100 200 0 0
95 100 64 3 38 50 100 0 0
96 100 1 0 5 100 100 0 0
96 100 1 1 5 50 50 0 0
96 100 1 2 5 200 200 0 0
96 100 1 3 5 100 100 0 0
96 100 3 0 7 50 100 0 0
96 100 3 1 7 25 50 0 0
96 100 3 2 7 100 200 0 0
96 100 3 3 7 50 100 0 0
96 100 18 0 52 100 200 0 0
96 100 18 1 52 50 100 0 0
96 100 18 2 52 200 400 0 0
96 100 18 3 52 100 200 0 0
96 100 23 0 9 100 100 0 0
96 100 23 1 9 50 50 0 0
96 100 23 2 9 200 200 0 0
96 100 23 3 9 100 100 0 0
96 100 43 0 33 50 200 0 0
96 100 43 1 33 25 100 0 0
96 100 43 2 33 100 400 0 0
96 100 43 3 33 50 200 0 0
96 100 50 0 146 50 200 0 0
96 100 50 1 146 25 100 0 0
96 100 50 2 146 100 400 0 0
96 100 50 3 146 50 200 0 0
96 100 63 0 38 50 100 0 0
96 100 63 1 38 25 50 0 0
96 100 63 2 38 100 200 0 0
96 100 63 3 38 50 100 0 0
96 100 64 0 38 50 100 0 0
96 100 64 1 38 25 50 0 0
96 100 64 2 38 100 200 0 0
96 100 64 3 38 50 100 0 0
97 100 1 0 5 100 100 0 0
97 100 1 1 5 50 50 0 0
97 100 1 2 5 200 200 0 0
97 100 1 3 5 100 100 0 0
97 100 3 0 7 50 100 0 0
97 100 3 1 7 25 50 0 0
97 100 3 2 7 100 200 0 0
97 100 3 3 7 50 100 0 0
97 100 18 0 53 100 200 0 0
97 100 18 1 53 50 100 0 0
97 100 18 2 53 200 400 0 0
97 100 18 3 53 100 200 0 0
97 100 23 0 9 100 100 0 0
97 100 23 1 9 50 50 0 0
97 100 23 2 9 200 200 0 0
97 100 23 3 9 100 100 0 0
97 100 43 0 33 50 200 0 0
97 100 43 1 33 25 100 0 0
97 100 43 2 33 100 400 0 0
97 100 43 3 33 50 200 0 0
97 100 50 0 147 50 200 0 0
97 100 50 1 147 25 100 0 0
97 100 50 2 147 100 400 0 0
97 100 50 3 147 50 200 0 0
97 100 63 0 38 50 100 0 0
97 100 63 1 38 25 50 0 0
97 100 63 2 38 100 200 0 0
97 100 63 3 38 50 100 0 0
97 100 64 0 38 50 100 0 0
97 100 64 1 38 25 50 0 0
97 100 64 2 38 100 200 0 0
97 100 64 3 38 50 100 0 0
98 100 1 0 5 100 100 0 0
98 100 1 1 5 50 50 0 0
98 100 1 2 5 200 200 0 0
98 100 1 3 5 100 100 0 0
98 100 3 0 7 50 100 0 0
98 100 3 1 7 25 50 0 0
98 100 3 2 7 100 200 0 0
98 100 3 3 7 50 100 0 0
98 100 18 0 53 100 200 0 0
98 100 18 1 53 50 100 0 0
98 100 18 2 53 200 400 0 0
98 100 18 3 53 100 200 0 0
98 100 23 0 9 100 100 0 0
98 100 23 1 9 50 50 0 0
98 100 23 2 9 200 200 0 0
98 100 23 3 9 100 100 0 0
98 100 43 0 34 50 200 0 0
98 100 43 1 34 25 100 0 0
98 100 43 2 34 100 400 0 0
98 100 43 3 34 50 200 0 0
98 100 50 0 148 50 200 0 0
98 100 50 1 148 25 100 0 0
98 100 50 2 148 100 400 0 0
98 100 50 3 148 50 200 0 0
98 100 63 0 39 50 100 0 0
98 100 63 1 39 25 50 0 0
98 100 63 2 39 100 200 0 0
98 100 63 3 39 50 100 0 0
98 100 64 0 39 50 100 0 0
98 100 64 1 39 25 50 0 0
98 100 64 2 39 100 200 0 0
98 100 64 3 39 50 100 0 0
99 100 1 0 5 100 100 0 0
99 100 1 1 5 50 50 0 0
99 100 1 2 5 200 200 0 0
99 100 1 3 5 100 100 0 0
99 100 3 0 7 50 100 0 0
99 100 3 1 7 25 50 0 0
99 100 3 2 7 100 200 0 0
99 100 3 3 7 50 100 0 0
99 100 18 0 54 100 200 0 0
99 100 18 1 54 50 100 0 0
99 100 18 2 54 200 400 0 0
99 100 18 3 54 100 200 0 0
99 100 23 0 9 100 100 0 0
99 100 23 1 9 50 50 0 0
99 100 23 2 9 200 200 0 0
99 100 23 3 9 100 100 0 0
99 100 43 0 34 50 200 0 0
99 100 43 1 34 25 100 0 0
99 100 43 2 34 100 400 0 0
99 100 43 3 34 50 200 0 0
99 100 50 0 149 50 200 0 0
99 100 50 1 149 25 100 0 0
99 100 50 2 149 100 400 0 0
99 100 50 3 149 50 200 0 0
99 100 63 0 39 50 100 0 0
99 100 63 1 39 25 50 0 0
99 100 63 2 39 100 200 0 0
99 100 63 3 39 50 100 0 0
99 100 64 0 39 50 100 0 0
99 100 64 1 39 25 50 0 0
99 100 64 2 39 100 200 0 0
99 100 64 3 39 50 100 0 0
100 100 1 0 6 100 100 0 0
100 100 1 1 6 50 50 0 0
100 100 1 2 6 200 200 0 0
100 100 1 3 6 100 100 0 0
100 100 3 0 8 50 100 0 0
100 100 3 1 8 25 50 0 0
100 100 3 2 8 100 200 0 0
100 100 3 3 8 50 100 0 0
100 100 18 0 55 100 200 0 0
100 100 18 1 55 50 100 0 0
100 100 18 2 55 200 400 0 0
100 100 18 3 55 100 200 0 0
100 100 23 0 10 100 100 0 0
100 100 23 1 10 50 50 0 0
100 100 23 2 10 200 200 0 0
100 100 23 3 10 100 100 0 0
100 100 43 0 35 50 200 0 0
100 100 43 1 35 25 100 0 0
100 100 43 2 35 100 400 0 0
100 100 43 3 35 50 200 0 0
100 100 50 0 150 50 200 0 0
100 100 50 1 150 25 100 0 0
100 100 50 2 150 100 400 0 0
100 100 50 3 150 50 200 0 0
100 100 63 0 40 50 100 0 0
100 100 63 1 40 25 50 0 0
100 100 63 2 40 100 200 0 0
100 100 63 3 40 50 100 0 0
100 100 64 0 40 50 100 0 0
100 100 64 1 40 25 50 0 0
100 100 64 2 40 100 200 0 0
100 100 64 3 40 50 100 0 0
101 100 1 0 7 100 100 0 0
101 100 1 1 7 50 50 0 0
101 100 1 2 7 200 200 0 0
101 100 1 3 7 100 100 0 0
101 100 3 0 9 50 100 0 0
101 100 3 1 9 25 50 0 0
101 100 3 2 9 100 200 0 0
101 100 3 3 9 50 100 0 0
101 100 18 0 56 100 200 0 0
101 100 18 1 56 50 100 0 0
101 100 18 2 56 200 400 0 0
101 100 18 3 56 100 200 0 0
101 100 23 0 11 100 100 0 0
101 100 23 1 11 50 50 0 0
101 100 23 2 11 200 200 0 0
101 100 23 3 11 100 100 0 0
101 100 43 0 36 50 200 0 0
101 100 43 1 36 25 100 0 0
101 100 43 2 36 100 400 0 0
101 100 43 3 36 50 200 0 0
101 100 50 0 151 50 200 0 0
101 100 50 1 151 25 100 0 0
101 100 50 2 151 100 400 0 0
101 100 50 3 151 50 200 0 0
101 100 63 0 41 50 100 0 0
101 100 63 1 41 25 50 0 0
101 100 63 2 41 100 200 0 0
101 100 63 3 41 50 100 0 0
101 100 64 0 41 50 100 0 0
101 100 64 1 41 25 50 0 0
101 100 64 2 41 100 200 0 0
101 100 64 3 41 50 100 0 0
1 101 1 0 1 100 100 0 0
1 101 1 1 1 50 50 0 0
1 101 1 2 1 200 200 0 0
1 101 1 3 1 100 100 0 0
1 101 3 0 1 50 100 0 0
1 101 3 1 1 25 50 0 0
1 101 3 2 1 100 200 0 0
1 101 3 3 1 50 100 0 0
1 101 18 0 1 100 200 0 0
1 101 18 1 1 50 100 0 0
1 101 18 2 1 200 400 0 0
1 101 18 3 1 100 200 0 0
1 101 23 0 1 100 100 0 0
1 101 23 1 1 50 50 0 0
1 101 23 2 1 200 200 0 0
1 101 23 3 1 100 100 0 0
1 101 43 0 1 50 200 0 0
1 101 43 1 1 25 100 0 0
1 101 43 2 1 100 400 0 0
1 101 43 3 1 50 200 0 0
1 101 50 0 50 50 200 0 0
1 101 50 1 50 25 100 0 0
1 101 50 2 50 100 400 0 0
1 101 50 3 50 50 200 0 0
1 101 63 0 1 50 100 0 0
1 101 63 1 1 25 50 0 0
1 101 63 2 1 100 200 0 0
1 101 63 3 1 50 100 0 0
1 101 64 0 1 50 100 0 0
1 101 64 1 1 25 50 0 0
1 101 64 2 1 100 200 0 0
1 101 64 3 1 50 100 0 0
2 101 1 0 1 100 100 0 0
2 101 1 1 1 50 50 0 0
2 101 1 2 1 200 200 0 0
2 101 1 3 1 100 100 0 0
2 101 3 0 1 50 100 0 0
2 101 3 1 1 25 50 0 0
2 101 3 2 1 100 200 0 0
2 101 3 3 1 50 100 0 0
2 101 18 0 1 100 200 0 0
2 101 18 1 1 50 100 0 0
2 101 18 2 1 200 400 0 0
2 101 18 3 1 100 200 0 0
2 101 23 0 1 100 100 0 0
2 101 23 1 1 50 50 0 0
2 101 23 2 1 200 200 0 0
2 101 23 3 1 100 100 0 0
2 101 43 0 1 50 200 0 0
2 101 43 1 1 25 100 0 0
2 101 43 2 1 100 400 0 0
2 101 43 3 1 50 200 0 0
2 101 50 0 51 50 200 0 0
2 101 50 1 51 25 100 0 0
2 101 50 2 51 100 400 0 0
2 101 50 3 51 50 200 0 0
2 101 63 0 1 50 100 0 0
2 101 63 1 1 25 50 0 0
2 101 63 2 1 100 200 0 0
2 101 63 3 1 50 100 0 0
2 101 64 0 1 50 100 0 0
2 101 64 1 1 25 50 0 0
2 101 64 2 1 100 200 0 0
2 101 64 3 1 50 100 0 0
3 101 1 0 1 100 100 0 0
3 101 1 1 1 50 50 0 0
3 101 1 2 1 200 200 0 0
3 101 1 3 1 100 100 0 0
3 101 3 0 1 50 100 0 0
3 101 3 1 1 25 50 0 0
3 101 3 2 1 100 200 0 0
3 101 3 3 1 50 100 0 0
3 101 18 0 1 100 200 0 0
3 101 18 1 1 50 100 0 0
3 101 18 2 1 200 400 0 0
3 101 18 3 1 100 200 0 0
3 101 23 0 1 100 100 0 0
3 101 23 1 1 50 50 0 0
3 101 23 2 1 200 200 0 0
3 101 23 3 1 100 100 0 0
3 101 43 0 1 50 200 0 0
3 101 43 1 1 25 100 0 0
3 101 43 2 1 100 400 0 0
3 101 43 3 1 50 200 0 0
3 101 50 0 52 50 200 0 0
3 101 50 1 52 25 100 0 0
3 101 50 2 52 100 400 0 0
3 101 50 3 52 50 200 0 0
3 101 63 0 1 50 100 0 0
3 101 63 1 1 25 50 0 0
3 101 63 2 1 100 200 0 0
3 101 63 3 1 50 100 0 0
3 101 64 0 1 50 100 0 0
3 101 64 1 1 25 50 0 0
3 101 64 2 1 100 200 0 0
3 101 64 3 1 50 100 0 0
4 101 1 0 1 100 100 0 0
4 101 1 1 1 50 50 0 0
4 101 1 2 1 200 200 0 0
4 101 1 3 1 100 100 0 0
4 101 3 0 1 50 100 0 0
4 101 3 1 1 25 50 0 0
4 101 3 2 1 100 200 0 0
4 101 3 3 1 50 100 0 0
4 101 18 0 2 100 200 0 0
4 101 18 1 2 50 100 0 0
4 101 18 2 2 200 400 0 0
4 101 18 3 2 100 200 0 0
4 101 23 0 1 100 100 0 0
4 101 23 1 1 50 50 0 0
4 101 23 2 1 200 200 0 0
4 101 23 3 1 100 100 0 0
4 101 43 0 1 50 200 0 0
4 101 43 1 1 25 100 0 0
4 101 43 2 1 100 400 0 0
4 101 43 3 1 50 200 0 0
4 101 50 0 53 50 200 0 0
4 101 50 1 53 25 100 0 0
4 101 50 2 53 100 400 0 0
4 101 50 3 53 50 200 0 0
4 101 63 0 1 50 100 0 0
4 101 63 1 1 25 50 0 0
4 101 63 2 1 100 200 0 0
4 101 63 3 1 50 100 0 0
4 101 64 0 1 50 100 0 0
4 101 64 1 1 25 50 0 0
4 101 64 2 1 100 200 0 0
4 101 64 3 1 50 100 0 0
5 101 1 0 1 100 100 0 0
5 101 1 1 1 50 50 0 0
5 101 1 2 1 200 200 0 0
5 101 1 3 1 100 100 0 0
5 101 3 0 1 50 100 0 0
5 101 3 1 1 25 50 0 0
5 101 3 2 1 100 200 0 0
5 101 3 3 1 50 100 0 0
5 101 18 0 2 100 200 0 0
5 101 18 1 2 50 100 0 0
5 101 18 2 2 200 400 0 0
5 101 18 3 2 100 200 0 0
5 101 23 0 1 100 100 0 0
5 101 23 1 1 50 50 0 0
5 101 23 2 1 200 200 0 0
5 101 23 3 1 100 100 0 0
5 101 43 0 1 50 200 0 0
5 101 43 1 1 25 100 0 0
5 101 43 2 1 100 400 0 0
5 101 43 3 1 50 200 0 0
5 101 50 0 54 50 200 0 0
5 101 50 1 54 25 100 0 0
5 101 50 2 54 100 400 0 0
5 101 50 3 54 50 200 0 0
5 101 63 0 1 50 100 0 0
5 101 63 1 1 25 50 0 0
5 101 63 2 1 100 200 0 0
5 101 63 3 1 50 100 0 0
5 101 64 0 1 50 100 0 0
5 101 64 1 1 25 50 0 0
5 101 64 2 1 100 200 0 0
5 101 64 3 1 50 100 0 0
6 101 1 0 1 100 100 0 0
6 101 1 1 1 50 50 0 0
6 101 1 2 1 200 200 0 0
6 101 1 3 1 100 100 0 0
6 101 3 0 1 50 100 0 0
6 101 3 1 1 25 50 0 0
6 101 3 2 1 100 200 0 0
6 101 3 3 1 50 100 0 0
6 101 18 0 3 100 200 0 0
6 101 18 1 3 50 100 0 0
6 101 18 2 3 200 400 0 0
6 101 18 3 3 100 200 0 0
6 101 23 0 1 100 100 0 0
6 101 23 1 1 50 50 0 0
6 101 23 2 1 200 200 0 0
6 101 23 3 1 100 100 0 0
6 101 43 0 2 50 200 0 0
6 101 43 1 2 25 100 0 0
6 101 43 2 2 100 400 0 0
6 101 43 3 2 50 200 0 0
6 101 50 0 55 50 200 0 0
6 101 50 1 55 25 100 0 0
6 101 50 2 55 100 400 0 0
6 101 50 3 55 50 200 0 0
6 101 63 0 2 50 100 0 0
6 101 63 1 2 25 50 0 0
6 101 63 2 2 100 200 0 0
6 101 63 3 2 50 100 0 0
6 101 64 0 2 50 100 0 0
6 101 64 1 2 25 50 0 0
6 101 64 2 2 100 200 0 0
6 101 64 3 2 50 100 0 0
7 101 1 0 1 100 100 0 0
7 101 1 1 1 50 50 0 0
7 101 1 2 1 200 200 0 0
7 101 1 3 1 100 100 0 0
7 101 3 0 1 50 100 0 0
7 101 3 1 1 25 50 0 0
7 101 3 2 1 100 200 0 0
7 101 3 3 1 50 100 0 0
7 101 18 0 3 100 200 0 0
7 101 18 1 3 50 100 0 0
7 101 18 2 3 200 400 0 0
7 101 18 3 3 100 200 0 0
7 101 23 0 1 100 100 0 0
7 101 23 1 1 50 50 0 0
7 101 23 2 1 200 200 0 0
7 101 23 3 1 100 100 0 0
7 101 43 0 2 50 200 0 0
7 101 43 1 2 25 100 0 0
7 101 43 2 2 100 400 0 0
7 101 43 3 2 50 200 0 0
7 101 50 0 56 50 200 0 0
7 101 50 1 56 25 100 0 0
7 101 50 2 56 100 400 0 0
7 101 50 3 56 50 200 0 0
7 101 63 0 2 50 100 0 0
7 101 63 1 2 25 50 0 0
7 101 63 2 2 100 200 0 0
7 101 63 3 2 50 100 0 0
7 101 64 0 2 50 100 0 0
7 101 64 1 2 25 50 0 0
7 101 64 2 2 100 200 0 0
7 101 64 3 2 50 100 0 0
8 101 1 0 1 100 100 0 0
8 101 1 1 1 50 50 0 0
8 101 1 2 1 200 200 0 0
8 101 1 3 1 100 100 0 0
8 101 3 0 1 50 100 0 0
8 101 3 1 1 25 50 0 0
8 101 3 2 1 100 200 0 0
8 101 3 3 1 50 100 0 0
8 101 18 0 4 100 200 0 0
8 101 18 1 4 50 100 0 0
8 101 18 2 4 200 400 0 0
8 101 18 3 4 100 200 0 0
8 101 23 0 1 100 100 0 0
8 101 23 1 1 50 50 0 0
8 101 23 2 1 200 200 0 0
8 101 23 3 1 100 100 0 0
8 101 43 0 2 50 200 0 0
8 101 43 1 2 25 100 0 0
8 101 43 2 2 100 400 0 0
8 101 43 3 2 50 200 0 0
8 101 50 0 57 50 200 0 0
8 101 50 1 57 25 100 0 0
8 101 50 2 57 100 400 0 0
8 101 50 3 57 50 200 0 0
8 101 63 0 3 50 100 0 0
8 101 63 1 3 25 50 0 0
8 101 63 2 3 100 200 0 0
8 101 63 3 3 50 100 0 0
8 101 64 0 3 50 100 0 0
8 101 64 1 3 25 50 0 0
8 101 64 2 3 100 200 0 0
8 101 64 3 3 50 100 0 0
9 101 1 0 1 100 100 0 0
9 101 1 1 1 50 50 0 0
9 101 1 2 1 200 200 0 0
9 101 1 3 1 100 100 0 0
9 101 3 0 1 50 100 0 0
9 101 3 1 1 25 50 0 0
9 101 3 2 1 100 200 0 0
9 101 3 3 1 50 100 0 0
9 101 18 0 4 100 200 0 0
9 101 18 1 4 50 100 0 0
9 101 18 2 4 200 400 0 0
9 101 18 3 4 100 200 0 0
9 101 23 0 1 100 100 0 0
9 101 23 1 1 50 50 0 0
9 101 23 2 1 200 200 0 0
9 101 23 3 1 100 100 0 0
9 101 43 0 3 50 200 0 0
9 101 43 1 3 25 100 0 0
9 101 43 2 3 100 400 0 0
9 101 43 3 3 50 200 0 0
9 101 50 0 58 50 200 0 0
9 101 50 1 58 25 100 0 0
9 101 50 2 58 100 400 0 0
9 101 50 3 58 50 200 0 0
9 101 63 0 3 50 100 0 0
9 101 63 1 3 25 50 0 0
9 101 63 2 3 100 200 0 0
9 101 63 3 3 50 100 0 0
9 101 64 0 3 50 100 0 0
9 101 64 1 3 25 50 0 0
9 101 64 2 3 100 200 0 0
9 101 64 3 3 50 100 0 0
10 101 1 0 1 100 100 0 0
10 101 1 1 1 50 50 0 0
10 101 1 2 1 200 200 0 0
10 101 1 3 1 100 100 0 0
10 101 3 0 1 50 100 0 0
10 101 3 1 1 25 50 0 0
10 101 3 2 1 100 200 0 0
10 101 3 3 1 50 100 0 0
10 101 18 0 5 100 200 0 0
10 101 18 1 5 50 100 0 0
10 101 18 2 5 200 400 0 0
10 101 18 3 5 100 200 0 0
10 101 23 0 1 100 100 0 0
10 101 23 1 1 50 50 0 0
10 101 23 2 1 200 200 0 0
10 101 23 3 1 100 100 0 0
10 101 43 0 3 50 200 0 0
10 101 43 1 3 25 100 0 0
10 101 43 2 3 100 400 0 0
10 101 43 3 3 50 200 0 0
10 101 50 0 59 50 200 0 0
10 101 50 1 59 25 100 0 0
10 101 50 2 59 100 400 0 0
10 101 50 3 59 50 200 0 0
10 101 63 0 3 50 100 0 0
10 101 63 1 3 25 50 0 0
10 101 63 2 3 100 200 0 0
10 101 63 3 3 50 100 0 0
10 101 64 0 3 50 100 0 0
10 101 64 1 3 25 50 0 0
10 101 64 2 3 100 200 0 0
10 101 64 3 3 50 100 0 0
11 101 1 0 1 100 100 0 0
11 101 1 1 1 50 50 0 0
11 101 1 2 1 200 200 0 0
11 101 1 3 1 100 100 0 0
11 101 3 0 1 50 100 0 0
11 101 3 1 1 25 50 0 0
11 101 3 2 1 100 200 0 0
11 101 3 3 1 50 100 0 0
11 101 18 0 5 100 200 0 0
11 101 18 1 5 50 100 0 0
11 101 18 2 5 200 400 0 0
11 101 18 3 5 100 200 0 0
11 101 23 0 1 100 100 0 0
11 101 23 1 1 50 50 0 0
11 101 23 2 1 200 200 0 0
11 101 23 3 1 100 100 0 0
11 101 43 0 3 50 200 0 0
11 101 43 1 3 25 100 0 0
11 101 43 2 3 100 400 0 0
11 101 43 3 3 50 200 0 0
11 101 50 0 60 50 200 0 0
11 101 50 1 60 25 100 0 0
11 101 50 2 60 100 400 0 0
11 101 50 3 60 50 200 0 0
11 101 63 0 4 50 100 0 0
11 101 63 1 4 25 50 0 0
11 101 63 2 4 100 200 0 0
11 101 63 3 4 50 100 0 0
11 101 64 0 4 50 100 0 0
11 101 64 1 4 25 50 0 0
11 101 64 2 4 100 200 0 0
11 101 64 3 4 50 100 0 0
12 101 1 0 1 100 100 0 0
12 101 1 1 1 50 50 0 0
12 101 1 2 1 200 200 0 0
12 101 1 3 1 100 100 0 0
12 101 3 0 1 50 100 0 0
12 101 3 1 1 25 50 0 0
12 101 3 2 1 100 200 0 0
12 101 3 3 1 50 100 0 0
12 101 18 0 6 100 200 0 0
12 101 18 1 6 50 100 0 0
12 101 18 2 6 200 400 0 0
12 101 18 3 6 100 200 0 0
12 101 23 0 1 100 100 0 0
12 101 23 1 1 50 50 0 0
12 101 23 2 1 200 200 0 0
12 101 23 3 1 100 100 0 0
12 101 43 0 4 50 200 0 0
12 101 43 1 4 25 100 0 0
12 101 43 2 4 100 400 0 0
12 101 43 3 4 50 200 0 0
12 101 50 0 61 50 200 0 0
12 101 50 1 61 25 100 0 0
12 101 50 2 61 100 400 0 0
12 101 50 3 61 50 200 0 0
12 101 63 0 4 50 100 0 0
12 101 63 1 4 25 50 0 0
12 101 63 2 4 100 200 0 0
12 101 63 3 4 50 100 0 0
12 101 64 0 4 50 100 0 0
12 101 64 1 4 25 50 0 0
12 101 64 2 4 100 200 0 0
12 101 64 3 4 50 100 0 0
13 101 1 0 1 100 100 0 0
13 101 1 1 1 50 50 0 0
13 101 1 2 1 200 200 0 0
13 101 1 3 1 100 100 0 0
13 101 3 0 1 50 100 0 0
13 101 3 1 1 25 50 0 0
13 101 3 2 1 100 200 0 0
13 101 3 3 1 50 100 0 0
13 101 18 0 7 100 200 0 0
13 101 18 1 7 50 100 0 0
13 101 18 2 7 200 400 0 0
13 101 18 3 7 100 200 0 0
13 101 23 0 1 100 100 0 0
13 101 23 1 1 50 50 0 0
13 101 23 2 1 200 200 0 0
13 101 23 3 1 100 100 0 0
13 101 43 0 4 50 200 0 0
13 101 43 1 4 25 100 0 0
13 101 43 2 4 100 400 0 0
13 101 43 3 4 50 200 0 0
13 101 50 0 62 50 200 0 0
13 101 50 1 62 25 100 0 0
13 101 50 2 62 100 400 0 0
13 101 50 3 62 50 200 0 0
13 101 63 0 5 50 100 0 0
13 101 63 1 5 25 50 0 0
13 101 63 2 5 100 200 0 0
13 101 63 3 5 50 100 0 0
13 101 64 0 5 50 100 0 0
13 101 64 1 5 25 50 0 0
13 101 64 2 5 100 200 0 0
13 101 64 3 5 50 100 0 0
14 101 1 0 1 100 100 0 0
14 101 1 1 1 50 50 0 0
14 101 1 2 1 200 200 0 0
14 101 1 3 1 100 100 0 0
14 101 3 0 1 50 100 0 0
14 101 3 1 1 25 50 0 0
14 101 3 2 1 100 200 0 0
14 101 3 3 1 50 100 0 0
14 101 18 0 7 100 200 0 0
14 101 18 1 7 50 100 0 0
14 101 18 2 7 200 400 0 0
14 101 18 3 7 100 200 0 0
14 101 23 0 1 100 100 0 0
14 101 23 1 1 50 50 0 0
14 101 23 2 1 200 200 0 0
14 101 23 3 1 100 100 0 0
14 101 43 0 4 50 200 0 0
14 101 43 1 4 25 100 0 0
14 101 43 2 4 100 400 0 0
14 101 43 3 4 50 200 0 0
14 101 50 0 63 50 200 0 0
14 101 50 1 63 25 100 0 0
14 101 50 2 63 100 400 0 0
14 101 50 3 63 50 200 0 0
14 101 63 0 5 50 100 0 0
14 101 63 1 5 25 50 0 0
14 101 63 2 5 100 200 0 0
14 101 63 3 5 50 100 0 0
14 101 64 0 5 50 100 0 0
14 101 64 1 5 25 50 0 0
14 101 64 2 5 100 200 0 0
14 101 64 3 5 50 100 0 0
15 101 1 0 1 100 100 0 0
15 101 1 1 1 50 50 0 0
15 101 1 2 1 200 200 0 0
15 101 1 3 1 100 100 0 0
15 101 3 0 1 50 100 0 0
15 101 3 1 1 25 50 0 0
15 101 3 2 1 100 200 0 0
15 101 3 3 1 50 100 0 0
15 101 18 0 8 100 200 0 0
15 101 18 1 8 50 100 0 0
15 101 18 2 8 200 400 0 0
15 101 18 3 8 100 200 0 0
15 101 23 0 1 100 100 0 0
15 101 23 1 1 50 50 0 0
15 101 23 2 1 200 200 0 0
15 101 23 3 1 100 100 0 0
15 101 43 0 5 50 200 0 0
15 101 43 1 5 25 100 0 0
15 101 43 2 5 100 400 0 0
15 101 43 3 5 50 200 0 0
15 101 50 0 64 50 200 0 0
15 101 50 1 64 25 100 0 0
15 101 50 2 64 100 400 0 0
15 101 50 3 64 50 200 0 0
15 101 63 0 5 50 100 0 0
15 101 63 1 5 25 50 0 0
15 101 63 2 5 100 200 0 0
15 101 63 3 5 50 100 0 0
15 101 64 0 5 50 100 0 0
15 101 64 1 5 25 50 0 0
15 101 64 2 5 100 200 0 0
15 101 64 3 5 50 100 0 0
16 101 1 0 1 100 100 0 0
16 101 1 1 1 50 50 0 0
16 101 1 2 1 200 200 0 0
16 101 1 3 1 100 100 0 0
16 101 3 0 1 50 100 0 0
16 101 3 1 1 25 50 0 0
16 101 3 2 1 100 200 0 0
16 101 3 3 1 50 100 0 0
16 101 18 0 8 100 200 0 0
16 101 18 1 8 50 100 0 0
16 101 18 2 8 200 400 0 0
16 101 18 3 8 100 200 0 0
16 101 23 0 1 100 100 0 0
16 101 23 1 1 50 50 0 0
16 101 23 2 1 200 200 0 0
16 101 23 3 1 100 100 0 0
16 101 43 0 5 50 200 0 0
16 101 43 1 5 25 100 0 0
16 101 43 2 5 100 400 0 0
16 101 43 3 5 50 200 0 0
16 101 50 0 65 50 200 0 0
16 101 50 1 65 25 100 0 0
16 101 50 2 65 100 400 0 0
16 101 50 3 65 50 200 0 0
16 101 63 0 6 50 100 0 0
16 101 63 1 6 25 50 0 0
16 101 63 2 6 100 200 0 0
16 101 63 3 6 50 100 0 0
16 101 64 0 6 50 100 0 0
16 101 64 1 6 25 50 0 0
16 101 64 2 6 100 200 0 0
16 101 64 3 6 50 100 0 0
17 101 1 0 1 100 100 0 0
17 101 1 1 1 50 50 0 0
17 101 1 2 1 200 200 0 0
17 101 1 3 1 100 100 0 0
17 101 3 0 1 50 100 0 0
17 101 3 1 1 25 50 0 0
17 101 3 2 1 100 200 0 0
17 101 3 3 1 50 100 0 0
17 101 18 0 9 100 200 0 0
17 101 18 1 9 50 100 0 0
17 101 18 2 9 200 400 0 0
17 101 18 3 9 100 200 0 0
17 101 23 0 1 100 100 0 0
17 101 23 1 1 50 50 0 0
17 101 23 2 1 200 200 0 0
17 101 23 3 1 100 100 0 0
17 101 43 0 5 50 200 0 0
17 101 43 1 5 25 100 0 0
17 101 43 2 5 100 400 0 0
17 101 43 3 5 50 200 0 0
17 101 50 0 66 50 200 0 0
17 101 50 1 66 25 100 0 0
17 101 50 2 66 100 400 0 0
17 101 50 3 66 50 200 0 0
17 101 63 0 6 50 100 0 0
17 101 63 1 6 25 50 0 0
17 101 63 2 6 100 200 0 0
17 101 63 3 6 50 100 0 0
17 101 64 0 6 50 100 0 0
17 101 64 1 6 25 50 0 0
17 101 64 2 6 100 200 0 0
17 101 64 3 6 50 100 0 0
18 101 1 0 1 100 100 0 0
18 101 1 1 1 50 50 0 0
18 101 1 2 1 200 200 0 0
18 101 1 3 1 100 100 0 0
18 101 3 0 1 50 100 0 0
18 101 3 1 1 25 50 0 0
18 101 3 2 1 100 200 0 0
18 101 3 3 1 50 100 0 0
18 101 18 0 9 100 200 0 0
18 101 18 1 9 50 100 0 0
18 101 18 2 9 200 400 0 0
18 101 18 3 9 100 200 0 0
18 101 23 0 1 100 100 0 0
18 101 23 1 1 50 50 0 0
18 101 23 2 1 200 200 0 0
18 101 23 3 1 100 100 0 0
18 101 43 0 6 50 200 0 0
18 101 43 1 6 25 100 0 0
18 101 43 2 6 100 400 0 0
18 101 43 3 6 50 200 0 0
18 101 50 0 67 50 200 0 0
18 101 50 1 67 25 100 0 0
18 101 50 2 67 100 400 0 0
18 101 50 3 67 50 200 0 0
18 101 63 0 7 50 100 0 0
18 101 63 1 7 25 50 0 0
18 101 63 2 7 100 200 0 0
18 101 63 3 7 50 100 0 0
18 101 64 0 7 50 100 0 0
18 101 64 1 7 25 50 0 0
18 101 64 2 7 100 200 0 0
18 101 64 3 7 50 100 0 0
19 101 1 0 1 100 100 0 0
19 101 1 1 1 50 50 0 0
19 101 1 2 1 200 200 0 0
19 101 1 3 1 100 100 0 0
19 101 3 0 1 50 100 0 0
19 101 3 1 1 25 50 0 0
19 101 3 2 1 100 200 0 0
19 101 3 3 1 50 100 0 0
19 101 18 0 10 100 200 0 0
19 101 18 1 10 50 100 0 0
19 101 18 2 10 200 400 0 0
19 101 18 3 10 100 200 0 0
19 101 23 0 1 100 100 0 0
19 101 23 1 1 50 50 0 0
19 101 23 2 1 200 200 0 0
19 101 23 3 1 100 100 0 0
19 101 43 0 6 50 200 0 0
19 101 43 1 6 25 100 0 0
19 101 43 2 6 100 400 0 0
19 101 43 3 6 50 200 0 0
19 101 50 0 68 50 200 0 0
19 101 50 1 68 25 100 0 0
19 101 50 2 68 100 400 0 0
19 101 50 3 68 50 200 0 0
19 101 63 0 7 50 100 0 0
19 101 63 1 7 25 50 0 0
19 101 63 2 7 100 200 0 0
19 101 63 3 7 50 100 0 0
19 101 64 0 7 50 100 0 0
19 101 64 1 7 25 50 0 0
19 101 64 2 7 100 200 0 0
19 101 64 3 7 50 100 0 0
20 101 1 0 1 100 100 0 0
20 101 1 1 1 50 50 0 0
20 101 1 2 1 200 200 0 0
20 101 1 3 1 100 100 0 0
20 101 3 0 1 50 100 0 0
20 101 3 1 1 25 50 0 0
20 101 3 2 1 100 200 0 0
20 101 3 3 1 50 100 0 0
20 101 18 0 10 100 200 0 0
20 101 18 1 10 50 100 0 0
20 101 18 2 10 200 400 0 0
20 101 18 3 10 100 200 0 0
20 101 23 0 1 100 100 0 0
20 101 23 1 1 50 50 0 0
20 101 23 2 1 200 200 0 0
20 101 23 3 1 100 100 0 0
20 101 43 0 6 50 200 0 0
20 101 43 1 6 25 100 0 0
20 101 43 2 6 100 400 0 0
20 101 43 3 6 50 200 0 0
20 101 50 0 69 50 200 0 0
20 101 50 1 69 25 100 0 0
20 101 50 2 69 100 400 0 0
20 101 50 3 69 50 200 0 0
20 101 63 0 7 50 100 0 0
20 101 63 1 7 25 50 0 0
20 101 63 2 7 100 200 0 0
20 101 63 3 7 50 100 0 0
20 101 64 0 7 50 100 0 0
20 101 64 1 7 25 50 0 0
20 101 64 2 7 100 200 0 0
20 101 64 3 7 50 100 0 0
21 101 1 0 1 100 100 0 0
21 101 1 1 1 50 50 0 0
21 101 1 2 1 200 200 0 0
21 101 1 3 1 100 100 0 0
21 101 3 0 1 50 100 0 0
21 101 3 1 1 25 50 0 0
21 101 3 2 1 100 200 0 0
21 101 3 3 1 50 100 0 0
21 101 18 0 11 100 200 0 0
21 101 18 1 11 50 100 0 0
21 101 18 2 11 200 400 0 0
21 101 18 3 11 100 200 0 0
21 101 23 0 2 100 100 0 0
21 101 23 1 2 50 50 0 0
21 101 23 2 2 200 200 0 0
21 101 23 3 2 100 100 0 0
21 101 43 0 7 50 200 0 0
21 101 43 1 7 25 100 0 0
21 101 43 2 7 100 400 0 0
21 101 43 3 7 50 200 0 0
21 101 50 0 70 50 200 0 0
21 101 50 1 70 25 100 0 0
21 101 50 2 70 100 400 0 0
21 101 50 3 70 50 200 0 0
21 101 63 0 8 50 100 0 0
21 101 63 1 8 25 50 0 0
21 101 63 2 8 100 200 0 0
21 101 63 3 8 50 100 0 0
21 101 64 0 8 50 100 0 0
21 101 64 1 8 25 50 0 0
21 101 64 2 8 100 200 0 0
21 101 64 3 8 50 100 0 0
22 101 1 0 1 100 100 0 0
22 101 1 1 1 50 50 0 0
22 101 1 2 1 200 200 0 0
22 101 1 3 1 100 100 0 0
22 101 3 0 1 50 100 0 0
22 101 3 1 1 25 50 0 0
22 101 3 2 1 100 200 0 0
22 101 3 3 1 50 100 0 0
22 101 18 0 11 100 200 0 0
22 101 18 1 11 50 100 0 0
22 101 18 2 11 200 400 0 0
22 101 18 3 11 100 200 0 0
22 101 23 0 2 100 100 0 0
22 101 23 1 2 50 50 0 0
22 101 23 2 2 200 200 0 0
22 101 23 3 2 100 100 0 0
22 101 43 0 7 50 200 0 0
22 101 43 1 7 25 100 0 0
22 101 43 2 7 100 400 0 0
22 101 43 3 7 50 200 0 0
22 101 50 0 71 50 200 0 0
22 101 50 1 71 25 100 0 0
22 101 50 2 71 100 400 0 0
22 101 50 3 71 50 200 0 0
22 101 63 0 8 50 100 0 0
22 101 63 1 8 25 50 0 0
22 101 63 2 8 100 200 0 0
22 101 63 3 8 50 100 0 0
22 101 64 0 8 50 100 0 0
22 101 64 1 8 25 50 0 0
22 101 64 2 8 100 200 0 0
22 101 64 3 8 50 100 0 0
23 101 1 0 1 100 100 0 0
23 101 1 1 1 50 50 0 0
23 101 1 2 1 200 200 0 0
23 101 1 3 1 100 100 0 0
23 101 3 0 1 50 100 0 0
23 101 3 1 1 25 50 0 0
23 101 3 2 1 100 200 0 0
23 101 3 3 1 50 100 0 0
23 101 18 0 12 100 200 0 0
23 101 18 1 12 50 100 0 0
23 101 18 2 12 200 400 0 0
23 101 18 3 12 100 200 0 0
23 101 23 0 2 100 100 0 0
23 101 23 1 2 50 50 0 0
23 101 23 2 2 200 200 0 0
23 101 23 3 2 100 100 0 0
23 101 43 0 7 50 200 0 0
23 101 43 1 7 25 100 0 0
23 101 43 2 7 100 400 0 0
23 101 43 3 7 50 200 0 0
23 101 50 0 72 50 200 0 0
23 101 50 1 72 25 100 0 0
23 101 50 2 72 100 400 0 0
23 101 50 3 72 50 200 0 0
23 101 63 0 9 50 100 0 0
23 101 63 1 9 25 50 0 0
23 101 63 2 9 100 200 0 0
23 101 63 3 9 50 100 0 0
23 101 64 0 9 50 100 0 0
23 101 64 1 9 25 50 0 0
23 101 64 2 9 100 200 0 0
23 101 64 3 9 50 100 0 0
24 101 1 0 1 100 100 0 0
24 101 1 1 1 50 50 0 0
24 101 1 2 1 200 200 0 0
24 101 1 3 1 100 100 0 0
24 101 3 0 1 50 100 0 0
24 101 3 1 1 25 50 0 0
24 101 3 2 1 100 200 0 0
24 101 3 3 1 50 100 0 0
24 101 18 0 13 100 200 0 0
24 101 18 1 13 50 100 0 0
24 101 18 2 13 200 400 0 0
24 101 18 3 13 100 200 0 0
24 101 23 0 2 100 100 0 0
24 101 23 1 2 50 50 0 0
24 101 23 2 2 200 200 0 0
24 101 23 3 2 100 100 0 0
24 101 43 0 8 50 200 0 0
24 101 43 1 8 25 100 0 0
24 101 43 2 8 100 400 0 0
24 101 43 3 8 50 200 0 0
24 101 50 0 73 50 200 0 0
24 101 50 1 73 25 100 0 0
24 101 50 2 73 100 400 0 0
24 101 50 3 73 50 200 0 0
24 101 63 0 9 50 100 0 0
24 101 63 1 9 25 50 0 0
24 101 63 2 9 100 200 0 0
24 101 63 3 9 50 100 0 0
24 101 64 0 9 50 100 0 0
24 101 64 1 9 25 50 0 0
24 101 64 2 9 100 200 0 0
24 101 64 3 9 50 100 0 0
25 101 1 0 1 100 100 0 0
25 101 1 1 1 50 50 0 0
25 101 1 2 1 200 200 0 0
25 101 1 3 1 100 100 0 0
25 101 3 0 1 50 100 0 0
25 101 3 1 1 25 50 0 0
25 101 3 2 1 100 200 0 0
25 101 3 3 1 50 100 0 0
25 101 18 0 13 100 200 0 0
25 101 18 1 13 50 100 0 0
25 101 18 2 13 200 400 0 0
25 101 18 3 13 100 200 0 0
25 101 23 0 2 100 100 0 0
25 101 23 1 2 50 50 0 0
25 101 23 2 2 200 200 0 0
25 101 23 3 2 100 100 0 0
25 101 43 0 8 50 200 0 0
25 101 43 1 8 25 100 0 0
25 101 43 2 8 100 400 0 0
25 101 43 3 8 50 200 0 0
25 101 50 0 74 50 200 0 0
25 101 50 1 74 25 100 0 0
25 101 50 2 74 100 400 0 0
25 101 50 3 74 50 200 0 0
25 101 63 0 9 50 100 0 0
25 101 63 1 9 25 50 0 0
25 101 63 2 9 100 200 0 0
25 101 63 3 9 50 100 0 0
25 101 64 0 9 50 100 0 0
25 101 64 1 9 25 50 0 0
25 101 64 2 9 100 200 0 0
25 101 64 3 9 50 100 0 0
26 101 1 0 1 100 100 0 0
26 101 1 1 1 50 50 0 0
26 101 1 2 1 200 200 0 0
26 101 1 3 1 100 100 0 0
26 101 3 0 2 50 100 0 0
26 101 3 1 2 25 50 0 0
26 101 3 2 2 100 200 0 0
26 101 3 3 2 50 100 0 0
26 101 18 0 14 100 200 0 0
26 101 18 1 14 50 100 0 0
26 101 18 2 14 200 400 0 0
26 101 18 3 14 100 200 0 0
26 101 23 0 2 100 100 0 0
26 101 23 1 2 50 50 0 0
26 101 23 2 2 200 200 0 0
26 101 23 3 2 100 100 0 0
26 101 43 0 8 50 200 0 0
26 101 43 1 8 25 100 0 0
26 101 43 2 8 100 400 0 0
26 101 43 3 8 50 200 0 0
26 101 50 0 75 50 200 0 0
26 101 50 1 75 25 100 0 0
26 101 50 2 75 100 400 0 0
26 101 50 3 75 50 200 0 0
26 101 63 0 10 50 100 0 0
26 101 63 1 10 25 50 0 0
26 101 63 2 10 100 200 0 0
26 101 63 3 10 50 100 0 0
26 101 64 0 10 50 100 0 0
26 101 64 1 10 25 50 0 0
26 101 64 2 10 100 200 0 0
26 101 64 3 10 50 100 0 0
27 101 1 0 1 100 100 0 0
27 101 1 1 1 50 50 0 0
27 101 1 2 1 200 200 0 0
27 101 1 3 1 100 100 0 0
27 101 3 0 2 50 100 0 0
27 101 3 1 2 25 50 0 0
27 101 3 2 2 100 200 0 0
27 101 3 3 2 50 100 0 0
27 101 18 0 14 100 200 0 0
27 101 18 1 14 50 100 0 0
27 101 18 2 14 200 400 0 0
27 101 18 3 14 100 200 0 0
27 101 23 0 2 100 100 0 0
27 101 23 1 2 50 50 0 0
27 101 23 2 2 200 200 0 0
27 101 23 3 2 100 100 0 0
27 101 43 0 9 50 200 0 0
27 101 43 1 9 25 100 0 0
27 101 43 2 9 100 400 0 0
27 101 43 3 9 50 200 0 0
27 101 50 0 76 50 200 0 0
27 101 50 1 76 25 100 0 0
27 101 50 2 76 100 400 0 0
27 101 50 3 76 50 200 0 0
27 101 63 0 10 50 100 0 0
27 101 63 1 10 25 50 0 0
27 101 63 2 10 100 200 0 0
27 101 63 3 10 50 100 0 0
27 101 64 0 10 50 100 0 0
27 101 64 1 10 25 50 0 0
27 101 64 2 10 100 200 0 0
27 101 64 3 10 50 100 0 0
28 101 1 0 1 100 100 0 0
28 101 1 1 1 50 50 0 0
28 101 1 2 1 200 200 0 0
28 101 1 3 1 100 100 0 0
28 101 3 0 2 50 100 0 0
28 101 3 1 2 25 50 0 0
28 101 3 2 2 100 200 0 0
28 101 3 3 2 50 100 0 0
28 101 18 0 15 100 200 0 0
28 101 18 1 15 50 100 0 0
28 101 18 2 15 200 400 0 0
28 101 18 3 15 100 200 0 0
28 101 23 0 2 100 100 0 0
28 101 23 1 2 50 50 0 0
28 101 23 2 2 200 200 0 0
28 101 23 3 2 100 100 0 0
28 101 43 0 9 50 200 0 0
28 101 43 1 9 25 100 0 0
28 101 43 2 9 100 400 0 0
28 101 43 3 9 50 200 0 0
28 101 50 0 77 50 200 0 0
28 101 50 1 77 25 100 0 0
28 101 50 2 77 100 400 0 0
28 101 50 3 77 50 200 0 0
28 101 63 0 11 50 100 0 0
28 101 63 1 11 25 50 0 0
28 101 63 2 11 100 200 0 0
28 101 63 3 11 50 100 0 0
28 101 64 0 11 50 100 0 0
28 101 64 1 11 25 50 0 0
28 101 64 2 11 100 200 0 0
28 101 64 3 11 50 100 0 0
29 101 1 0 1 100 100 0 0
29 101 1 1 1 50 50 0 0
29 101 1 2 1 200 200 0 0
29 101 1 3 1 100 100 0 0
29 101 3 0 2 50 100 0 0
29 101 3 1 2 25 50 0 0
29 101 3 2 2 100 200 0 0
29 101 3 3 2 50 100 0 0
29 101 18 0 15 100 200 0 0
29 101 18 1 15 50 100 0 0
29 101 18 2 15 200 400 0 0
29 101 18 3 15 100 200 0 0
29 101 23 0 2 100 100 0 0
29 101 23 1 2 50 50 0 0
29 101 23 2 2 200 200 0 0
29 101 23 3 2 100 100 0 0
29 101 43 0 10 50 200 0 0
29 101 43 1 10 25 100 0 0
29 101 43 2 10 100 400 0 0
29 101 43 3 10 50 200 0 0
29 101 50 0 78 50 200 0 0
29 101 50 1 78 25 100 0 0
29 101 50 2 78 100 400 0 0
29 101 50 3 78 50 200 0 0
29 101 63 0 11 50 100 0 0
29 101 63 1 11 25 50 0 0
29 101 63 2 11 100 200 0 0
29 101 63 3 11 50 100 0 0
29 101 64 0 11 50 100 0 0
29 101 64 1 11 25 50 0 0
29 101 64 2 11 100 200 0 0
29 101 64 3 11 50 100 0 0
30 101 1 0 1 100 100 0 0
30 101 1 1 1 50 50 0 0
30 101 1 2 1 200 200 0 0
30 101 1 3 1 100 100 0 0
30 101 3 0 2 50 100 0 0
30 101 3 1 2 25 50 0 0
30 101 3 2 2 100 200 0 0
30 101 3 3 2 50 100 0 0
30 101 18 0 16 100 200 0 0
30 101 18 1 16 50 100 0 0
30 101 18 2 16 200 400 0 0
30 101 18 3 16 100 200 0 0
30 101 23 0 2 100 100 0 0
30 101 23 1 2 50 50 0 0
30 101 23 2 2 200 200 0 0
30 101 23 3 2 100 100 0 0
30 101 43 0 10 50 200 0 0
30 101 43 1 10 25 100 0 0
30 101 43 2 10 100 400 0 0
30 101 43 3 10 50 200 0 0
30 101 50 0 79 50 200 0 0
30 101 50 1 79 25 100 0 0
30 101 50 2 79 100 400 0 0
30 101 50 3 79 50 200 0 0
30 101 63 0 11 50 100 0 0
30 101 63 1 11 25 50 0 0
30 101 63 2 11 100 200 0 0
30 101 63 3 11 50 100 0 0
30 101 64 0 11 50 100 0 0
30 101 64 1 11 25 50 0 0
30 101 64 2 11 100 200 0 0
30 101 64 3 11 50 100 0 0
31 101 1 0 1 100 100 0 0
31 101 1 1 1 50 50 0 0
31 101 1 2 1 200 200 0 0
31 101 1 3 1 100 100 0 0
31 101 3 0 2 50 100 0 0
31 101 3 1 2 25 50 0 0
31 101 3 2 2 100 200 0 0
31 101 3 3 2 50 100 0 0
31 101 18 0 16 100 200 0 0
31 101 18 1 16 50 100 0 0
31 101 18 2 16 200 400 0 0
31 101 18 3 16 100 200 0 0
31 101 23 0 3 100 100 0 0
31 101 23 1 3 50 50 0 0
31 101 23 2 3 200 200 0 0
31 101 23 3 3 100 100 0 0
31 101 43 0 10 50 200 0 0
31 101 43 1 10 25 100 0 0
31 101 43 2 10 100 400 0 0
31 101 43 3 10 50 200 0 0
31 101 50 0 80 50 200 0 0
31 101 50 1 80 25 100 0 0
31 101 50 2 80 100 400 0 0
31 101 50 3 80 50 200 0 0
31 101 63 0 12 50 100 0 0
31 101 63 1 12 25 50 0 0
31 101 63 2 12 100 200 0 0
31 101 63 3 12 50 100 0 0
31 101 64 0 12 50 100 0 0
31 101 64 1 12 25 50 0 0
31 101 64 2 12 100 200 0 0
31 101 64 3 12 50 100 0 0
32 101 1 0 1 100 100 0 0
32 101 1 1 1 50 50 0 0
32 101 1 2 1 200 200 0 0
32 101 1 3 1 100 100 0 0
32 101 3 0 2 50 100 0 0
32 101 3 1 2 25 50 0 0
32 101 3 2 2 100 200 0 0
32 101 3 3 2 50 100 0 0
32 101 18 0 17 100 200 0 0
32 101 18 1 17 50 100 0 0
32 101 18 2 17 200 400 0 0
32 101 18 3 17 100 200 0 0
32 101 23 0 3 100 100 0 0
32 101 23 1 3 50 50 0 0
32 101 23 2 3 200 200 0 0
32 101 23 3 3 100 100 0 0
32 101 43 0 11 50 200 0 0
32 101 43 1 11 25 100 0 0
32 101 43 2 11 100 400 0 0
32 101 43 3 11 50 200 0 0
32 101 50 0 81 50 200 0 0
32 101 50 1 81 25 100 0 0
32 101 50 2 81 100 400 0 0
32 101 50 3 81 50 200 0 0
32 101 63 0 12 50 100 0 0
32 101 63 1 12 25 50 0 0
32 101 63 2 12 100 200 0 0
32 101 63 3 12 50 100 0 0
32 101 64 0 12 50 100 0 0
32 101 64 1 12 25 50 0 0
32 101 64 2 12 100 200 0 0
32 101 64 3 12 50 100 0 0
33 101 1 0 1 100 100 0 0
33 101 1 1 1 50 50 0 0
33 101 1 2 1 200 200 0 0
33 101 1 3 1 100 100 0 0
33 101 3 0 2 50 100 0 0
33 101 3 1 2 25 50 0 0
33 101 3 2 2 100 200 0 0
33 101 3 3 2 50 100 0 0
33 101 18 0 17 100 200 0 0
33 101 18 1 17 50 100 0 0
33 101 18 2 17 200 400 0 0
33 101 18 3 17 100 200 0 0
33 101 23 0 3 100 100 0 0
33 101 23 1 3 50 50 0 0
33 101 23 2 3 200 200 0 0
33 101 23 3 3 100 100 0 0
33 101 43 0 11 50 200 0 0
33 101 43 1 11 25 100 0 0
33 101 43 2 11 100 400 0 0
33 101 43 3 11 50 200 0 0
33 101 50 0 82 50 200 0 0
33 101 50 1 82 25 100 0 0
33 101 50 2 82 100 400 0 0
33 101 50 3 82 50 200 0 0
33 101 63 0 13 50 100 0 0
33 101 63 1 13 25 50 0 0
33 101 63 2 13 100 200 0 0
33 101 63 3 13 50 100 0 0
33 101 64 0 13 50 100 0 0
33 101 64 1 13 25 50 0 0
33 101 64 2 13 100 200 0 0
33 101 64 3 13 50 100 0 0
34 101 1 0 2 100 100 0 0
34 101 1 1 2 50 50 0 0
34 101 1 2 2 200 200 0 0
34 101 1 3 2 100 100 0 0
34 101 3 0 2 50 100 0 0
34 101 3 1 2 25 50 0 0
34 101 3 2 2 100 200 0 0
34 101 3 3 2 50 100 0 0
34 101 18 0 18 100 200 0 0
34 101 18 1 18 50 100 0 0
34 101 18 2 18 200 400 0 0
34 101 18 3 18 100 200 0 0
34 101 23 0 3 100 100 0 0
34 101 23 1 3 50 50 0 0
34 101 23 2 3 200 200 0 0
34 101 23 3 3 100 100 0 0
34 101 43 0 11 50 200 0 0
34 101 43 1 11 25 100 0 0
34 101 43 2 11 100 400 0 0
34 101 43 3 11 50 200 0 0
34 101 50 0 83 50 200 0 0
34 101 50 1 83 25 100 0 0
34 101 50 2 83 100 400 0 0
34 101 50 3 83 50 200 0 0
34 101 63 0 13 50 100 0 0
34 101 63 1 13 25 50 0 0
34 101 63 2 13 100 200 0 0
34 101 63 3 13 50 100 0 0
34 101 64 0 13 50 100 0 0
34 101 64 1 13 25 50 0 0
34 101 64 2 13 100 200 0 0
34 101 64 3 13 50 100 0 0
35 101 1 0 2 100 100 0 0
35 101 1 1 2 50 50 0 0
35 101 1 2 2 200 200 0 0
35 101 1 3 2 100 100 0 0
35 101 3 0 2 50 100 0 0
35 101 3 1 2 25 50 0 0
35 101 3 2 2 100 200 0 0
35 101 3 3 2 50 100 0 0
35 101 18 0 19 100 200 0 0
35 101 18 1 19 50 100 0 0
35 101 18 2 19 200 400 0 0
35 101 18 3 19 100 200 0 0
35 101 23 0 3 100 100 0 0
35 101 23 1 3 50 50 0 0
35 101 23 2 3 200 200 0 0
35 101 23 3 3 100 100 0 0
35 101 43 0 12 50 200 0 0
35 101 43 1 12 25 100 0 0
35 101 43 2 12 100 400 0 0
35 101 43 3 12 50 200 0 0
35 101 50 0 84 50 200 0 0
35 101 50 1 84 25 100 0 0
35 101 50 2 84 100 400 0 0
35 101 50 3 84 50 200 0 0
35 101 63 0 13 50 100 0 0
35 101 63 1 13 25 50 0 0
35 101 63 2 13 100 200 0 0
35 101 63 3 13 50 100 0 0
35 101 64 0 13 50 100 0 0
35 101 64 1 13 25 50 0 0
35 101 64 2 13 100 200 0 0
35 101 64 3 13 50 100 0 0
36 101 1 0 2 100 100 0 0
36 101 1 1 2 50 50 0 0
36 101 1 2 2 200 200 0 0
36 101 1 3 2 100 100 0 0
36 101 3 0 2 50 100 0 0
36 101 3 1 2 25 50 0 0
36 101 3 2 2 100 200 0 0
36 101 3 3 2 50 100 0 0
36 101 18 0 19 100 200 0 0
36 101 18 1 19 50 100 0 0
36 101 18 2 19 200 400 0 0
36 101 18 3 19 100 200 0 0
36 101 23 0 3 100 100 0 0
36 101 23 1 3 50 50 0 0
36 101 23 2 3 200 200 0 0
36 101 23 3 3 100 100 0 0
36 101 43 0 12 50 200 0 0
36 101 43 1 12 25 100 0 0
36 101 43 2 12 100 400 0 0
36 101 43 3 12 50 200 0 0
36 101 50 0 85 50 200 0 0
36 101 50 1 85 25 100 0 0
36 101 50 2 85 100 400 0 0
36 101 50 3 85 50 200 0 0
36 101 63 0 14 50 100 0 0
36 101 63 1 14 25 50 0 0
36 101 63 2 14 100 200 0 0
36 101 63 3 14 50 100 0 0
36 101 64 0 14 50 100 0 0
36 101 64 1 14 25 50 0 0
36 101 64 2 14 100 200 0 0
36 101 64 3 14 50 100 0 0
37 101 1 0 2 100 100 0 0
37 101 1 1 2 50 50 0 0
37 101 1 2 2 200 200 0 0
37 101 1 3 2 100 100 0 0
37 101 3 0 2 50 100 0 0
37 101 3 1 2 25 50 0 0
37 101 3 2 2 100 200 0 0
37 101 3 3 2 50 100 0 0
37 101 18 0 20 100 200 0 0
37 101 18 1 20 50 100 0 0
37 101 18 2 20 200 400 0 0
37 101 18 3 20 100 200 0 0
37 101 23 0 3 100 100 0 0
37 101 23 1 3 50 50 0 0
37 101 23 2 3 200 200 0 0
37 101 23 3 3 100 100 0 0
37 101 43 0 12 50 200 0 0
37 101 43 1 12 25 100 0 0
37 101 43 2 12 100 400 0 0
37 101 43 3 12 50 200 0 0
37 101 50 0 86 50 200 0 0
37 101 50 1 86 25 100 0 0
37 101 50 2 86 100 400 0 0
37 101 50 3 86 50 200 0 0
37 101 63 0 14 50 100 0 0
37 101 63 1 14 25 50 0 0
37 101 63 2 14 100 200 0 0
37 101 63 3 14 50 100 0 0
37 101 64 0 14 50 100 0 0
37 101 64 1 14 25 50 0 0
37 101 64 2 14 100 200 0 0
37 101 64 3 14 50 100 0 0
38 101 1 0 2 100 100 0 0
38 101 1 1 2 50 50 0 0
38 101 1 2 2 200 200 0 0
38 101 1 3 2 100 100 0 0
38 101 3 0 3 50 100 0 0
38 101 3 1 3 25 50 0 0
38 101 3 2 3 100 200 0 0
38 101 3 3 3 50 100 0 0
38 101 18 0 20 100 200 0 0
38 101 18 1 20 50 100 0 0
38 101 18 2 20 200 400 0 0
38 101 18 3 20 100 200 0 0
38 101 23 0 3 100 100 0 0
38 101 23 1 3 50 50 0 0
38 101 23 2 3 200 200 0 0
38 101 23 3 3 100 100 0 0
38 101 43 0 13 50 200 0 0
38 101 43 1 13 25 100 0 0
38 101 43 2 13 100 400 0 0
38 101 43 3 13 50 200 0 0
38 101 50 0 87 50 200 0 0
38 101 50 1 87 25 100 0 0
38 101 50 2 87 100 400 0 0
38 101 50 3 87 50 200 0 0
38 101 63 0 15 50 100 0 0
38 101 63 1 15 25 50 0 0
38 101 63 2 15 100 200 0 0
38 101 63 3 15 50 100 0 0
38 101 64 0 15 50 100 0 0
38 101 64 1 15 25 50 0 0
38 101 64 2 15 100 200 0 0
38 101 64 3 15 50 100 0 0
39 101 1 0 2 100 100 0 0
39 101 1 1 2 50 50 0 0
39 101 1 2 2 200 200 0 0
39 101 1 3 2 100 100 0 0
39 101 3 0 3 50 100 0 0
39 101 3 1 3 25 50 0 0
39 101 3 2 3 100 200 0 0
39 101 3 3 3 50 100 0 0
39 101 18 0 21 100 200 0 0
39 101 18 1 21 50 100 0 0
39 101 18 2 21 200 400 0 0
39 101 18 3 21 100 200 0 0
39 101 23 0 3 100 100 0 0
39 101 23 1 3 50 50 0 0
39 101 23 2 3 200 200 0 0
39 101 23 3 3 100 100 0 0
39 101 43 0 13 50 200 0 0
39 101 43 1 13 25 100 0 0
39 101 43 2 13 100 400 0 0
39 101 43 3 13 50 200 0 0
39 101 50 0 88 50 200 0 0
39 101 50 1 88 25 100 0 0
39 101 50 2 88 100 400 0 0
39 101 50 3 88 50 200 0 0
39 101 63 0 15 50 100 0 0
39 101 63 1 15 25 50 0 0
39 101 63 2 15 100 200 0 0
39 101 63 3 15 50 100 0 0
39 101 64 0 15 50 100 0 0
39 101 64 1 15 25 50 0 0
39 101 64 2 15 100 200 0 0
39 101 64 3 15 50 100 0 0
40 101 1 0 2 100 100 0 0
40 101 1 1 2 50 50 0 0
40 101 1 2 2 200 200 0 0
40 101 1 3 2 100 100 0 0
40 101 3 0 3 50 100 0 0
40 101 3 1 3 25 50 0 0
40 101 3 2 3 100 200 0 0
40 101 3 3 3 50 100 0 0
40 101 18 0 21 100 200 0 0
40 101 18 1 21 50 100 0 0
40 101 18 2 21 200 400 0 0
40 101 18 3 21 100 200 0 0
40 101 23 0 3 100 100 0 0
40 101 23 1 3 50 50 0 0
40 101 23 2 3 200 200 0 0
40 101 23 3 3 100 100 0 0
40 101 43 0 13 50 200 0 0
40 101 43 1 13 25 100 0 0
40 101 43 2 13 100 400 0 0
40 101 43 3 13 50 200 0 0
40 101 50 0 89 50 200 0 0
40 101 50 1 89 25 100 0 0
40 101 50 2 89 100 400 0 0
40 101 50 3 89 50 200 0 0
40 101 63 0 15 50 100 0 0
40 101 63 1 15 25 50 0 0
40 101 63 2 15 100 200 0 0
40 101 63 3 15 50 100 0 0
40 101 64 0 15 50 100 0 0
40 101 64 1 15 25 50 0 0
40 101 64 2 15 100 200 0 0
40 101 64 3 15 50 100 0 0
41 101 1 0 2 100 100 0 0
41 101 1 1 2 50 50 0 0
41 101 1 2 2 200 200 0 0
41 101 1 3 2 100 100 0 0
41 101 3 0 3 50 100 0 0
41 101 3 1 3 25 50 0 0
41 101 3 2 3 100 200 0 0
41 101 3 3 3 50 100 0 0
41 101 18 0 22 100 200 0 0
41 101 18 1 22 50 100 0 0
41 101 18 2 22 200 400 0 0
41 101 18 3 22 100 200 0 0
41 101 23 0 4 100 100 0 0
41 101 23 1 4 50 50 0 0
41 101 23 2 4 200 200 0 0
41 101 23 3 4 100 100 0 0
41 101 43 0 14 50 200 0 0
41 101 43 1 14 25 100 0 0
41 101 43 2 14 100 400 0 0
41 101 43 3 14 50 200 0 0
41 101 50 0 90 50 200 0 0
41 101 50 1 90 25 100 0 0
41 101 50 2 90 100 400 0 0
41 101 50 3 90 50 200 0 0
41 101 63 0 16 50 100 0 0
41 101 63 1 16 25 50 0 0
41 101 63 2 16 100 200 0 0
41 101 63 3 16 50 100 0 0
41 101 64 0 16 50 100 0 0
41 101 64 1 16 25 50 0 0
41 101 64 2 16 100 200 0 0
41 101 64 3 16 50 100 0 0
42 101 1 0 2 100 100 0 0
42 101 1 1 2 50 50 0 0
42 101 1 2 2 200 200 0 0
42 101 1 3 2 100 100 0 0
42 101 3 0 3 50 100 0 0
42 101 3 1 3 25 50 0 0
42 101 3 2 3 100 200 0 0
42 101 3 3 3 50 100 0 0
42 101 18 0 22 100 200 0 0
42 101 18 1 22 50 100 0 0
42 101 18 2 22 200 400 0 0
42 101 18 3 22 100 200 0 0
42 101 23 0 4 100 100 0 0
42 101 23 1 4 50 50 0 0
42 101 23 2 4 200 200 0 0
42 101 23 3 4 100 100 0 0
42 101 43 0 14 50 200 0 0
42 101 43 1 14 25 100 0 0
42 101 43 2 14 100 400 0 0
42 101 43 3 14 50 200 0 0
42 101 50 0 91 50 200 0 0
42 101 50 1 91 25 100 0 0
42 101 50 2 91 100 400 0 0
42 101 50 3 91 50 200 0 0
42 101 63 0 16 50 100 0 0
42 101 63 1 16 25 50 0 0
42 101 63 2 16 100 200 0 0
42 101 63 3 16 50 100 0 0
42 101 64 0 16 50 100 0 0
42 101 64 1 16 25 50 0 0
42 101 64 2 16 100 200 0 0
42 101 64 3 16 50 100 0 0
43 101 1 0 2 100 100 0 0
43 101 1 1 2 50 50 0 0
43 101 1 2 2 200 200 0 0
43 101 1 3 2 100 100 0 0
43 101 3 0 3 50 100 0 0
43 101 3 1 3 25 50 0 0
43 101 3 2 3 100 200 0 0
43 101 3 3 3 50 100 0 0
43 101 18 0 23 100 200 0 0
43 101 18 1 23 50 100 0 0
43 101 18 2 23 200 400 0 0
43 101 18 3 23 100 200 0 0
43 101 23 0 4 100 100 0 0
43 101 23 1 4 50 50 0 0
43 101 23 2 4 200 200 0 0
43 101 23 3 4 100 100 0 0
43 101 43 0 14 50 200 0 0
43 101 43 1 14 25 100 0 0
43 101 43 2 14 100 400 0 0
43 101 43 3 14 50 200 0 0
43 101 50 0 92 50 200 0 0
43 101 50 1 92 25 100 0 0
43 101 50 2 92 100 400 0 0
43 101 50 3 92 50 200 0 0
43 101 63 0 17 50 100 0 0
43 101 63 1 17 25 50 0 0
43 101 63 2 17 100 200 0 0
43 101 63 3 17 50 100 0 0
43 101 64 0 17 50 100 0 0
43 101 64 1 17 25 50 0 0
43 101 64 2 17 100 200 0 0
43 101 64 3 17 50 100 0 0
44 101 1 0 2 100 100 0 0
44 101 1 1 2 50 50 0 0
44 101 1 2 2 200 200 0 0
44 101 1 3 2 100 100 0 0
44 101 3 0 3 50 100 0 0
44 101 3 1 3 25 50 0 0
44 101 3 2 3 100 200 0 0
44 101 3 3 3 50 100 0 0
44 101 18 0 23 100 200 0 0
44 101 18 1 23 50 100 0 0
44 101 18 2 23 200 400 0 0
44 101 18 3 23 100 200 0 0
44 101 23 0 4 100 100 0 0
44 101 23 1 4 50 50 0 0
44 101 23 2 4 200 200 0 0
44 101 23 3 4 100 100 0 0
44 101 43 0 15 50 200 0 0
44 101 43 1 15 25 100 0 0
44 101 43 2 15 100 400 0 0
44 101 43 3 15 50 200 0 0
44 101 50 0 93 50 200 0 0
44 101 50 1 93 25 100 0 0
44 101 50 2 93 100 400 0 0
44 101 50 3 93 50 200 0 0
44 101 63 0 17 50 100 0 0
44 101 63 1 17 25 50 0 0
44 101 63 2 17 100 200 0 0
44 101 63 3 17 50 100 0 0
44 101 64 0 17 50 100 0 0
44 101 64 1 17 25 50 0 0
44 101 64 2 17 100 200 0 0
44 101 64 3 17 50 100 0 0
45 101 1 0 2 100 100 0 0
45 101 1 1 2 50 50 0 0
45 101 1 2 2 200 200 0 0
45 101 1 3 2 100 100 0 0
45 101 3 0 3 50 100 0 0
45 101 3 1 3 25 50 0 0
45 101 3 2 3 100 200 0 0
45 101 3 3 3 50 100 0 0
45 101 18 0 24 100 200 0 0
45 101 18 1 24 50 100 0 0
45 101 18 2 24 200 400 0 0
45 101 18 3 24 100 200 0 0
45 101 23 0 4 100 100 0 0
45 101 23 1 4 50 50 0 0
45 101 23 2 4 200 200 0 0
45 101 23 3 4 100 100 0 0
45 101 43 0 15 50 200 0 0
45 101 43 1 15 25 100 0 0
45 101 43 2 15 100 400 0 0
45 101 43 3 15 50 200 0 0
45 101 50 0 94 50 200 0 0
45 101 50 1 94 25 100 0 0
45 101 50 2 94 100 400 0 0
45 101 50 3 94 50 200 0 0
45 101 63 0 17 50 100 0 0
45 101 63 1 17 25 50 0 0
45 101 63 2 17 100 200 0 0
45 101 63 3 17 50 100 0 0
45 101 64 0 17 50 100 0 0
45 101 64 1 17 25 50 0 0
45 101 64 2 17 100 200 0 0
45 101 64 3 17 50 100 0 0
46 101 1 0 2 100 100 0 0
46 101 1 1 2 50 50 0 0
46 101 1 2 2 200 200 0 0
46 101 1 3 2 100 100 0 0
46 101 3 0 3 50 100 0 0
46 101 3 1 3 25 50 0 0
46 101 3 2 3 100 200 0 0
46 101 3 3 3 50 100 0 0
46 101 18 0 25 100 200 0 0
46 101 18 1 25 50 100 0 0
46 101 18 2 25 200 400 0 0
46 101 18 3 25 100 200 0 0
46 101 23 0 4 100 100 0 0
46 101 23 1 4 50 50 0 0
46 101 23 2 4 200 200 0 0
46 101 23 3 4 100 100 0 0
46 101 43 0 15 50 200 0 0
46 101 43 1 15 25 100 0 0
46 101 43 2 15 100 400 0 0
46 101 43 3 15 50 200 0 0
46 101 50 0 95 50 200 0 0
46 101 50 1 95 25 100 0 0
46 101 50 2 95 100 400 0 0
46 101 50 3 95 50 200 0 0
46 101 63 0 18 50 100 0 0
46 101 63 1 18 25 50 0 0
46 101 63 2 18 100 200 0 0
46 101 63 3 18 50 100 0 0
46 101 64 0 18 50 100 0 0
46 101 64 1 18 25 50 0 0
46 101 64 2 18 100 200 0 0
46 101 64 3 18 50 100 0 0
47 101 1 0 2 100 100 0 0
47 101 1 1 2 50 50 0 0
47 101 1 2 2 200 200 0 0
47 101 1 3 2 100 100 0 0
47 101 3 0 3 50 100 0 0
47 101 3 1 3 25 50 0 0
47 101 3 2 3 100 200 0 0
47 101 3 3 3 50 100 0 0
47 101 18 0 25 100 200 0 0
47 101 18 1 25 50 100 0 0
47 101 18 2 25 200 400 0 0
47 101 18 3 25 100 200 0 0
47 101 23 0 4 100 100 0 0
47 101 23 1 4 50 50 0 0
47 101 23 2 4 200 200 0 0
47 101 23 3 4 100 100 0 0
47 101 43 0 16 50 200 0 0
47 101 43 1 16 25 100 0 0
47 101 43 2 16 100 400 0 0
47 101 43 3 16 50 200 0 0
47 101 50 0 96 50 200 0 0
47 101 50 1 96 25 100 0 0
47 101 50 2 96 100 400 0 0
47 101 50 3 96 50 200 0 0
47 101 63 0 18 50 100 0 0
47 101 63 1 18 25 50 0 0
47 101 63 2 18 100 200 0 0
47 101 63 3 18 50 100 0 0
47 101 64 0 18 50 100 0 0
47 101 64 1 18 25 50 0 0
47 101 64 2 18 100 200 0 0
47 101 64 3 18 50 100 0 0
48 101 1 0 2 100 100 0 0
48 101 1 1 2 50 50 0 0
48 101 1 2 2 200 200 0 0
48 101 1 3 2 100 100 0 0
48 101 3 0 3 50 100 0 0
48 101 3 1 3 25 50 0 0
48 101 3 2 3 100 200 0 0
48 101 3 3 3 50 100 0 0
48 101 18 0 26 100 200 0 0
48 101 18 1 26 50 100 0 0
48 101 18 2 26 200 400 0 0
48 101 18 3 26 100 200 0 0
48 101 23 0 4 100 100 0 0
48 101 23 1 4 50 50 0 0
48 101 23 2 4 200 200 0 0
48 101 23 3 4 100 100 0 0
48 101 43 0 16 50 200 0 0
48 101 43 1 16 25 100 0 0
48 101 43 2 16 100 400 0 0
48 101 43 3 16 50 200 0 0
48 101 50 0 97 50 200 0 0
48 101 50 1 97 25 100 0 0
48 101 50 2 97 100 400 0 0
48 101 50 3 97 50 200 0 0
48 101 63 0 19 50 100 0 0
48 101 63 1 19 25 50 0 0
48 101 63 2 19 100 200 0 0
48 101 63 3 19 50 100 0 0
48 101 64 0 19 50 100 0 0
48 101 64 1 19 25 50 0 0
48 101 64 2 19 100 200 0 0
48 101 64 3 19 50 100 0 0
49 101 1 0 2 100 100 0 0
49 101 1 1 2 50 50 0 0
49 101 1 2 2 200 200 0 0
49 101 1 3 2 100 100 0 0
49 101 3 0 3 50 100 0 0
49 101 3 1 3 25 50 0 0
49 101 3 2 3 100 200 0 0
49 101 3 3 3 50 100 0 0
49 101 18 0 26 100 200 0 0
49 101 18 1 26 50 100 0 0
49 101 18 2 26 200 400 0 0
49 101 18 3 26 100 200 0 0
49 101 23 0 4 100 100 0 0
49 101 23 1 4 50 50 0 0
49 101 23 2 4 200 200 0 0
49 101 23 3 4 100 100 0 0
49 101 43 0 16 50 200 0 0
49 101 43 1 16 25 100 0 0
49 101 43 2 16 100 400 0 0
49 101 43 3 16 50 200 0 0
49 101 50 0 98 50 200 0 0
49 101 50 1 98 25 100 0 0
49 101 50 2 98 100 400 0 0
49 101 50 3 98 50 200 0 0
49 101 63 0 19 50 100 0 0
49 101 63 1 19 25 50 0 0
49 101 63 2 19 100 200 0 0
49 101 63 3 19 50 100 0 0
49 101 64 0 19 50 100 0 0
49 101 64 1 19 25 50 0 0
49 101 64 2 19 100 200 0 0
49 101 64 3 19 50 100 0 0
50 101 1 0 2 100 100 0 0
50 101 1 1 2 50 50 0 0
50 101 1 2 2 200 200 0 0
50 101 1 3 2 100 100 0 0
50 101 3 0 3 50 100 0 0
50 101 3 1 3 25 50 0 0
50 101 3 2 3 100 200 0 0
50 101 3 3 3 50 100 0 0
50 101 18 0 27 100 200 0 0
50 101 18 1 27 50 100 0 0
50 101 18 2 27 200 400 0 0
50 101 18 3 27 100 200 0 0
50 101 23 0 4 100 100 0 0
50 101 23 1 4 50 50 0 0
50 101 23 2 4 200 200 0 0
50 101 23 3 4 100 100 0 0
50 101 43 0 17 50 200 0 0
50 101 43 1 17 25 100 0 0
50 101 43 2 17 100 400 0 0
50 101 43 3 17 50 200 0 0
50 101 50 0 99 50 200 0 0
50 101 50 1 99 25 100 0 0
50 101 50 2 99 100 400 0 0
50 101 50 3 99 50 200 0 0
50 101 63 0 19 50 100 0 0
50 101 63 1 19 25 50 0 0
50 101 63 2 19 100 200 0 0
50 101 63 3 19 50 100 0 0
50 101 64 0 19 50 100 0 0
50 101 64 1 19 25 50 0 0
50 101 64 2 19 100 200 0 0
50 101 64 3 19 50 100 0 0
51 101 1 0 3 100 100 0 0
51 101 1 1 3 50 50 0 0
51 101 1 2 3 200 200 0 0
51 101 1 3 3 100 100 0 0
51 101 3 0 4 50 100 0 0
51 101 3 1 4 25 50 0 0
51 101 3 2 4 100 200 0 0
51 101 3 3 4 50 100 0 0
51 101 18 0 27 100 200 0 0
51 101 18 1 27 50 100 0 0
51 101 18 2 27 200 400 0 0
51 101 18 3 27 100 200 0 0
51 101 23 0 5 100 100 0 0
51 101 23 1 5 50 50 0 0
51 101 23 2 5 200 200 0 0
51 101 23 3 5 100 100 0 0
51 101 43 0 17 50 200 0 0
51 101 43 1 17 25 100 0 0
51 101 43 2 17 100 400 0 0
51 101 43 3 17 50 200 0 0
51 101 50 0 100 50 200 0 0
51 101 50 1 100 25 100 0 0
51 101 50 2 100 100 400 0 0
51 101 50 3 100 50 200 0 0
51 101 63 0 20 50 100 0 0
51 101 63 1 20 25 50 0 0
51 101 63 2 20 100 200 0 0
51 101 63 3 20 50 100 0 0
51 101 64 0 20 50 100 0 0
51 101 64 1 20 25 50 0 0
51 101 64 2 20 100 200 0 0
51 101 64 3 20 50 100 0 0
52 101 1 0 3 100 100 0 0
52 101 1 1 3 50 50 0 0
52 101 1 2 3 200 200 0 0
52 101 1 3 3 100 100 0 0
52 101 3 0 4 50 100 0 0
52 101 3 1 4 25 50 0 0
52 101 3 2 4 100 200 0 0
52 101 3 3 4 50 100 0 0
52 101 18 0 28 100 200 0 0
52 101 18 1 28 50 100 0 0
52 101 18 2 28 200 400 0 0
52 101 18 3 28 100 200 0 0
52 101 23 0 5 100 100 0 0
52 101 23 1 5 50 50 0 0
52 101 23 2 5 200 200 0 0
52 101 23 3 5 100 100 0 0
52 101 43 0 17 50 200 0 0
52 101 43 1 17 25 100 0 0
52 101 43 2 17 100 400 0 0
52 101 43 3 17 50 200 0 0
52 101 50 0 101 50 200 0 0
52 101 50 1 101 25 100 0 0
52 101 50 2 101 100 400 0 0
52 101 50 3 101 50 200 0 0
52 101 63 0 20 50 100 0 0
52 101 63 1 20 25 50 0 0
52 101 63 2 20 100 200 0 0
52 101 63 3 20 50 100 0 0
52 101 64 0 20 50 100 0 0
52 101 64 1 20 25 50 0 0
52 101 64 2 20 100 200 0 0
52 101 64 3 20 50 100 0 0
53 101 1 0 3 100 100 0 0
53 101 1 1 3 50 50 0 0
53 101 1 2 3 200 200 0 0
53 101 1 3 3 100 100 0 0
53 101 3 0 4 50 100 0 0
53 101 3 1 4 25 50 0 0
53 101 3 2 4 100 200 0 0
53 101 3 3 4 50 100 0 0
53 101 18 0 28 100 200 0 0
53 101 18 1 28 50 100 0 0
53 101 18 2 28 200 400 0 0
53 101 18 3 28 100 200 0 0
53 101 23 0 5 100 100 0 0
53 101 23 1 5 50 50 0 0
53 101 23 2 5 200 200 0 0
53 101 23 3 5 100 100 0 0
53 101 43 0 18 50 200 0 0
53 101 43 1 18 25 100 0 0
53 101 43 2 18 100 400 0 0
53 101 43 3 18 50 200 0 0
53 101 50 0 102 50 200 0 0
53 101 50 1 102 25 100 0 0
53 101 50 2 102 100 400 0 0
53 101 50 3 102 50 200 0 0
53 101 63 0 20 50 100 0 0
53 101 63 1 20 25 50 0 0
53 101 63 2 20 100 200 0 0
53 101 63 3 20 50 100 0 0
53 101 64 0 20 50 100 0 0
53 101 64 1 20 25 50 0 0
53 101 64 2 20 100 200 0 0
53 101 64 3 20 50 100 0 0
54 101 1 0 3 100 100 0 0
54 101 1 1 3 50 50 0 0
54 101 1 2 3 200 200 0 0
54 101 1 3 3 100 100 0 0
54 101 3 0 4 50 100 0 0
54 101 3 1 4 25 50 0 0
54 101 3 2 4 100 200 0 0
54 101 3 3 4 50 100 0 0
54 101 18 0 29 100 200 0 0
54 101 18 1 29 50 100 0 0
54 101 18 2 29 200 400 0 0
54 101 18 3 29 100 200 0 0
54 101 23 0 5 100 100 0 0
54 101 23 1 5 50 50 0 0
54 101 23 2 5 200 200 0 0
54 101 23 3 5 100 100 0 0
54 101 43 0 18 50 200 0 0
54 101 43 1 18 25 100 0 0
54 101 43 2 18 100 400 0 0
54 101 43 3 18 50 200 0 0
54 101 50 0 103 50 200 0 0
54 101 50 1 103 25 100 0 0
54 101 50 2 103 100 400 0 0
54 101 50 3 103 50 200 0 0
54 101 63 0 21 50 100 0 0
54 101 63 1 21 25 50 0 0
54 101 63 2 21 100 200 0 0
54 101 63 3 21 50 100 0 0
54 101 64 0 21 50 100 0 0
54 101 64 1 21 25 50 0 0
54 101 64 2 21 100 200 0 0
54 101 64 3 21 50 100 0 0
55 101 1 0 3 100 100 0 0
55 101 1 1 3 50 50 0 0
55 101 1 2 3 200 200 0 0
55 101 1 3 3 100 100 0 0
55 101 3 0 4 50 100 0 0
55 101 3 1 4 25 50 0 0
55 101 3 2 4 100 200 0 0
55 101 3 3 4 50 100 0 0
55 101 18 0 29 100 200 0 0
55 101 18 1 29 50 100 0 0
55 101 18 2 29 200 400 0 0
55 101 18 3 29 100 200 0 0
55 101 23 0 5 100 100 0 0
55 101 23 1 5 50 50 0 0
55 101 23 2 5 200 200 0 0
55 101 23 3 5 100 100 0 0
55 101 43 0 19 50 200 0 0
55 101 43 1 19 25 100 0 0
55 101 43 2 19 100 400 0 0
55 101 43 3 19 50 200 0 0
55 101 50 0 104 50 200 0 0
55 101 50 1 104 25 100 0 0
55 101 50 2 104 100 400 0 0
55 101 50 3 104 50 200 0 0
55 101 63 0 21 50 100 0 0
55 101 63 1 21 25 50 0 0
55 101 63 2 21 100 200 0 0
55 101 63 3 21 50 100 0 0
55 101 64 0 21 50 100 0 0
55 101 64 1 21 25 50 0 0
55 101 64 2 21 100 200 0 0
55 101 64 3 21 50 100 0 0
56 101 1 0 3 100 100 0 0
56 101 1 1 3 50 50 0 0
56 101 1 2 3 200 200 0 0
56 101 1 3 3 100 100 0 0
56 101 3 0 4 50 100 0 0
56 101 3 1 4 25 50 0 0
56 101 3 2 4 100 200 0 0
56 101 3 3 4 50 100 0 0
56 101 18 0 30 100 200 0 0
56 101 18 1 30 50 100 0 0
56 101 18 2 30 200 400 0 0
56 101 18 3 30 100 200 0 0
56 101 23 0 5 100 100 0 0
56 101 23 1 5 50 50 0 0
56 101 23 2 5 200 200 0 0
56 101 23 3 5 100 100 0 0
56 101 43 0 19 50 200 0 0
56 101 43 1 19 25 100 0 0
56 101 43 2 19 100 400 0 0
56 101 43 3 19 50 200 0 0
56 101 50 0 105 50 200 0 0
56 101 50 1 105 25 100 0 0
56 101 50 2 105 100 400 0 0
56 101 50 3 105 50 200 0 0
56 101 63 0 22 50 100 0 0
56 101 63 1 22 25 50 0 0
56 101 63 2 22 100 200 0 0
56 101 63 3 22 50 100 0 0
56 101 64 0 22 50 100 0 0
56 101 64 1 22 25 50 0 0
56 101 64 2 22 100 200 0 0
56 101 64 3 22 50 100 0 0
57 101 1 0 3 100 100 0 0
57 101 1 1 3 50 50 0 0
57 101 1 2 3 200 200 0 0
57 101 1 3 3 100 100 0 0
57 101 3 0 4 50 100 0 0
57 101 3 1 4 25 50 0 0
57 101 3 2 4 100 200 0 0
57 101 3 3 4 50 100 0 0
57 101 18 0 31 100 200 0 0
57 101 18 1 31 50 100 0 0
57 101 18 2 31 200 400 0 0
57 101 18 3 31 100 200 0 0
57 101 23 0 5 100 100 0 0
57 101 23 1 5 50 50 0 0
57 101 23 2 5 200 200 0 0
57 101 23 3 5 100 100 0 0
57 101 43 0 19 50 200 0 0
57 101 43 1 19 25 100 0 0
57 101 43 2 19 100 400 0 0
57 101 43 3 19 50 200 0 0
57 101 50 0 106 50 200 0 0
57 101 50 1 106 25 100 0 0
57 101 50 2 106 100 400 0 0
57 101 50 3 106 50 200 0 0
57 101 63 0 22 50 100 0 0
57 101 63 1 22 25 50 0 0
57 101 63 2 22 100 200 0 0
57 101 63 3 22 50 100 0 0
57 101 64 0 22 50 100 0 0
57 101 64 1 22 25 50 0 0
57 101 64 2 22 100 200 0 0
57 101 64 3 22 50 100 0 0
58 101 1 0 3 100 100 0 0
58 101 1 1 3 50 50 0 0
58 101 1 2 3 200 200 0 0
58 101 1 3 3 100 100 0 0
58 101 3 0 4 50 100 0 0
58 101 3 1 4 25 50 0 0
58 101 3 2 4 100 200 0 0
58 101 3 3 4 50 100 0 0
58 101 18 0 31 100 200 0 0
58 101 18 1 31 50 100 0 0
58 101 18 2 31 200 400 0 0
58 101 18 3 31 100 200 0 0
58 101 23 0 5 100 100 0 0
58 101 23 1 5 50 50 0 0
58 101 23 2 5 200 200 0 0
58 101 23 3 5 100 100 0 0
58 101 43 0 20 50 200 0 0
58 101 43 1 20 25 100 0 0
58 101 43 2 20 100 400 0 0
58 101 43 3 20 50 200 0 0
58 101 50 0 107 50 200 0 0
58 101 50 1 107 25 100 0 0
58 101 50 2 107 100 400 0 0
58 101 50 3 107 50 200 0 0
58 101 63 0 22 50 100 0 0
58 101 63 1 22 25 50 0 0
58 101 63 2 22 100 200 0 0
58 101 63 3 22 50 100 0 0
58 101 64 0 22 50 100 0 0
58 101 64 1 22 25 50 0 0
58 101 64 2 22 100 200 0 0
58 101 64 3 22 50 100 0 0
59 101 1 0 3 100 100 0 0
59 101 1 1 3 50 50 0 0
59 101 1 2 3 200 200 0 0
59 101 1 3 3 100 100 0 0
59 101 3 0 4 50 100 0 0
59 101 3 1 4 25 50 0 0
59 101 3 2 4 100 200 0 0
59 101 3 3 4 50 100 0 0
59 101 18 0 32 100 200 0 0
59 101 18 1 32 50 100 0 0
59 101 18 2 32 200 400 0 0
59 101 18 3 32 100 200 0 0
59 101 23 0 5 100 100 0 0
59 101 23 1 5 50 50 0 0
59 101 23 2 5 200 200 0 0
59 101 23 3 5 100 100 0 0
59 101 43 0 20 50 200 0 0
59 101 43 1 20 25 100 0 0
59 101 43 2 20 100 400 0 0
59 101 43 3 20 50 200 0 0
59 101 50 0 108 50 200 0 0
59 101 50 1 108 25 100 0 0
59 101 50 2 108 100 400 0 0
59 101 50 3 108 50 200 0 0
59 101 63 0 23 50 100 0 0
59 101 63 1 23 25 50 0 0
59 101 63 2 23 100 200 0 0
59 101 63 3 23 50 100 0 0
59 101 64 0 23 50 100 0 0
59 101 64 1 23 25 50 0 0
59 101 64 2 23 100 200 0 0
59 101 64 3 23 50 100 0 0
60 101 1 0 3 100 100 0 0
60 101 1 1 3 50 50 0 0
60 101 1 2 3 200 200 0 0
60 101 1 3 3 100 100 0 0
60 101 3 0 4 50 100 0 0
60 101 3 1 4 25 50 0 0
60 101 3 2 4 100 200 0 0
60 101 3 3 4 50 100 0 0
60 101 18 0 32 100 200 0 0
60 101 18 1 32 50 100 0 0
60 101 18 2 32 200 400 0 0
60 101 18 3 32 100 200 0 0
60 101 23 0 5 100 100 0 0
60 101 23 1 5 50 50 0 0
60 101 23 2 5 200 200 0 0
60 101 23 3 5 100 100 0 0
60 101 43 0 20 50 200 0 0
60 101 43 1 20 25 100 0 0
60 101 43 2 20 100 400 0 0
60 101 43 3 20 50 200 0 0
60 101 50 0 109 50 200 0 0
60 101 50 1 109 25 100 0 0
60 101 50 2 109 100 400 0 0
60 101 50 3 109 50 200 0 0
60 101 63 0 23 50 100 0 0
60 101 63 1 23 25 50 0 0
60 101 63 2 23 100 200 0 0
60 101 63 3 23 50 100 0 0
60 101 64 0 23 50 100 0 0
60 101 64 1 23 25 50 0 0
60 101 64 2 23 100 200 0 0
60 101 64 3 23 50 100 0 0
61 101 1 0 3 100 100 0 0
61 101 1 1 3 50 50 0 0
61 101 1 2 3 200 200 0 0
61 101 1 3 3 100 100 0 0
61 101 3 0 4 50 100 0 0
61 101 3 1 4 25 50 0 0
61 101 3 2 4 100 200 0 0
61 101 3 3 4 50 100 0 0
61 101 18 0 33 100 200 0 0
61 101 18 1 33 50 100 0 0
61 101 18 2 33 200 400 0 0
61 101 18 3 33 100 200 0 0
61 101 23 0 6 100 100 0 0
61 101 23 1 6 50 50 0 0
61 101 23 2 6 200 200 0 0
61 101 23 3 6 100 100 0 0
61 101 43 0 21 50 200 0 0
61 101 43 1 21 25 100 0 0
61 101 43 2 21 100 400 0 0
61 101 43 3 21 50 200 0 0
61 101 50 0 110 50 200 0 0
61 101 50 1 110 25 100 0 0
61 101 50 2 110 100 400 0 0
61 101 50 3 110 50 200 0 0
61 101 63 0 24 50 100 0 0
61 101 63 1 24 25 50 0 0
61 101 63 2 24 100 200 0 0
61 101 63 3 24 50 100 0 0
61 101 64 0 24 50 100 0 0
61 101 64 1 24 25 50 0 0
61 101 64 2 24 100 200 0 0
61 101 64 3 24 50 100 0 0
62 101 1 0 3 100 100 0 0
62 101 1 1 3 50 50 0 0
62 101 1 2 3 200 200 0 0
62 101 1 3 3 100 100 0 0
62 101 3 0 4 50 100 0 0
62 101 3 1 4 25 50 0 0
62 101 3 2 4 100 200 0 0
62 101 3 3 4 50 100 0 0
62 101 18 0 33 100 200 0 0
62 101 18 1 33 50 100 0 0
62 101 18 2 33 200 400 0 0
62 101 18 3 33 100 200 0 0
62 101 23 0 6 100 100 0 0
62 101 23 1 6 50 50 0 0
62 101 23 2 6 200 200 0 0
62 101 23 3 6 100 100 0 0
62 101 43 0 21 50 200 0 0
62 101 43 1 21 25 100 0 0
62 101 43 2 21 100 400 0 0
62 101 43 3 21 50 200 0 0
62 101 50 0 111 50 200 0 0
62 101 50 1 111 25 100 0 0
62 101 50 2 111 100 400 0 0
62 101 50 3 111 50 200 0 0
62 101 63 0 24 50 100 0 0
62 101 63 1 24 25 50 0 0
62 101 63 2 24 100 200 0 0
62 101 63 3 24 50 100 0 0
62 101 64 0 24 50 100 0 0
62 101 64 1 24 25 50 0 0
62 101 64 2 24 100 200 0 0
62 101 64 3 24 50 100 0 0
63 101 1 0 3 100 100 0 0
63 101 1 1 3 50 50 0 0
63 101 1 2 3 200 200 0 0
63 101 1 3 3 100 100 0 0
63 101 3 0 4 50 100 0 0
63 101 3 1 4 25 50 0 0
63 101 3 2 4 100 200 0 0
63 101 3 3 4 50 100 0 0
63 101 18 0 34 100 200 0 0
63 101 18 1 34 50 100 0 0
63 101 18 2 34 200 400 0 0
63 101 18 3 34 100 200 0 0
63 101 23 0 6 100 100 0 0
63 101 23 1 6 50 50 0 0
63 101 23 2 6 200 200 0 0
63 101 23 3 6 100 100 0 0
63 101 43 0 21 50 200 0 0
63 101 43 1 21 25 100 0 0
63 101 43 2 21 100 400 0 0
63 101 43 3 21 50 200 0 0
63 101 50 0 112 50 200 0 0
63 101 50 1 112 25 100 0 0
63 101 50 2 112 100 400 0 0
63 101 50 3 112 50 200 0 0
63 101 63 0 24 50 100 0 0
63 101 63 1 24 25 50 0 0
63 101 63 2 24 100 200 0 0
63 101 63 3 24 50 100 0 0
63 101 64 0 24 50 100 0 0
63 101 64 1 24 25 50 0 0
63 101 64 2 24 100 200 0 0
63 101 64 3 24 50 100 0 0
64 101 1 0 3 100 100 0 0
64 101 1 1 3 50 50 0 0
64 101 1 2 3 200 200 0 0
64 101 1 3 3 100 100 0 0
64 101 3 0 5 50 100 0 0
64 101 3 1 5 25 50 0 0
64 101 3 2 5 100 200 0 0
64 101 3 3 5 50 100 0 0
64 101 18 0 34 100 200 0 0
64 101 18 1 34 50 100 0 0
64 101 18 2 34 200 400 0 0
64 101 18 3 34 100 200 0 0
64 101 23 0 6 100 100 0 0
64 101 23 1 6 50 50 0 0
64 101 23 2 6 200 200 0 0
64 101 23 3 6 100 100 0 0
64 101 43 0 22 50 200 0 0
64 101 43 1 22 25 100 0 0
64 101 43 2 22 100 400 0 0
64 101 43 3 22 50 200 0 0
64 101 50 0 113 50 200 0 0
64 101 50 1 113 25 100 0 0
64 101 50 2 113 100 400 0 0
64 101 50 3 113 50 200 0 0
64 101 63 0 25 50 100 0 0
64 101 63 1 25 25 50 0 0
64 101 63 2 25 100 200 0 0
64 101 63 3 25 50 100 0 0
64 101 64 0 25 50 100 0 0
64 101 64 1 25 25 50 0 0
64 101 64 2 25 100 200 0 0
64 101 64 3 25 50 100 0 0
65 101 1 0 3 100 100 0 0
65 101 1 1 3 50 50 0 0
65 101 1 2 3 200 200 0 0
65 101 1 3 3 100 100 0 0
65 101 3 0 5 50 100 0 0
65 101 3 1 5 25 50 0 0
65 101 3 2 5 100 200 0 0
65 101 3 3 5 50 100 0 0
65 101 18 0 35 100 200 0 0
65 101 18 1 35 50 100 0 0
65 101 18 2 35 200 400 0 0
65 101 18 3 35 100 200 0 0
65 101 23 0 6 100 100 0 0
65 101 23 1 6 50 50 0 0
65 101 23 2 6 200 200 0 0
65 101 23 3 6 100 100 0 0
65 101 43 0 22 50 200 0 0
65 101 43 1 22 25 100 0 0
65 101 43 2 22 100 400 0 0
65 101 43 3 22 50 200 0 0
65 101 50 0 114 50 200 0 0
65 101 50 1 114 25 100 0 0
65 101 50 2 114 100 400 0 0
65 101 50 3 114 50 200 0 0
65 101 63 0 25 50 100 0 0
65 101 63 1 25 25 50 0 0
65 101 63 2 25 100 200 0 0
65 101 63 3 25 50 100 0 0
65 101 64 0 25 50 100 0 0
65 101 64 1 25 25 50 0 0
65 101 64 2 25 100 200 0 0
65 101 64 3 25 50 100 0 0
66 101 1 0 3 100 100 0 0
66 101 1 1 3 50 50 0 0
66 101 1 2 3 200 200 0 0
66 101 1 3 3 100 100 0 0
66 101 3 0 5 50 100 0 0
66 101 3 1 5 25 50 0 0
66 101 3 2 5 100 200 0 0
66 101 3 3 5 50 100 0 0
66 101 18 0 35 100 200 0 0
66 101 18 1 35 50 100 0 0
66 101 18 2 35 200 400 0 0
66 101 18 3 35 100 200 0 0
66 101 23 0 6 100 100 0 0
66 101 23 1 6 50 50 0 0
66 101 23 2 6 200 200 0 0
66 101 23 3 6 100 100 0 0
66 101 43 0 22 50 200 0 0
66 101 43 1 22 25 100 0 0
66 101 43 2 22 100 400 0 0
66 101 43 3 22 50 200 0 0
66 101 50 0 115 50 200 0 0
66 101 50 1 115 25 100 0 0
66 101 50 2 115 100 400 0 0
66 101 50 3 115 50 200 0 0
66 101 63 0 26 50 100 0 0
66 101 63 1 26 25 50 0 0
66 101 63 2 26 100 200 0 0
66 101 63 3 26 50 100 0 0
66 101 64 0 26 50 100 0 0
66 101 64 1 26 25 50 0 0
66 101 64 2 26 100 200 0 0
66 101 64 3 26 50 100 0 0
67 101 1 0 3 100 100 0 0
67 101 1 1 3 50 50 0 0
67 101 1 2 3 200 200 0 0
67 101 1 3 3 100 100 0 0
67 101 3 0 5 50 100 0 0
67 101 3 1 5 25 50 0 0
67 101 3 2 5 100 200 0 0
67 101 3 3 5 50 100 0 0
67 101 18 0 36 100 200 0 0
67 101 18 1 36 50 100 0 0
67 101 18 2 36 200 400 0 0
67 101 18 3 36 100 200 0 0
67 101 23 0 6 100 100 0 0
67 101 23 1 6 50 50 0 0
67 101 23 2 6 200 200 0 0
67 101 23 3 6 100 100 0 0
67 101 43 0 23 50 200 0 0
67 101 43 1 23 25 100 0 0
67 101 43 2 23 100 400 0 0
67 101 43 3 23 50 200 0 0
67 101 50 0 116 50 200 0 0
67 101 50 1 116 25 100 0 0
67 101 50 2 116 100 400 0 0
67 101 50 3 116 50 200 0 0
67 101 63 0 26 50 100 0 0
67 101 63 1 26 25 50 0 0
67 101 63 2 26 100 200 0 0
67 101 63 3 26 50 100 0 0
67 101 64 0 26 50 100 0 0
67 101 64 1 26 25 50 0 0
67 101 64 2 26 100 200 0 0
67 101 64 3 26 50 100 0 0
68 101 1 0 4 100 100 0 0
68 101 1 1 4 50 50 0 0
68 101 1 2 4 200 200 0 0
68 101 1 3 4 100 100 0 0
68 101 3 0 5 50 100 0 0
68 101 3 1 5 25 50 0 0
68 101 3 2 5 100 200 0 0
68 101 3 3 5 50 100 0 0
68 101 18 0 37 100 200 0 0
68 101 18 1 37 50 100 0 0
68 101 18 2 37 200 400 0 0
68 101 18 3 37 100 200 0 0
68 101 23 0 6 100 100 0 0
68 101 23 1 6 50 50 0 0
68 101 23 2 6 200 200 0 0
68 101 23 3 6 100 100 0 0
68 101 43 0 23 50 200 0 0
68 101 43 1 23 25 100 0 0
68 101 43 2 23 100 400 0 0
68 101 43 3 23 50 200 0 0
68 101 50 0 117 50 200 0 0
68 101 50 1 117 25 100 0 0
68 101 50 2 117 100 400 0 0
68 101 50 3 117 50 200 0 0
68 101 63 0 26 50 100 0 0
68 101 63 1 26 25 50 0 0
68 101 63 2 26 100 200 0 0
68 101 63 3 26 50 100 0 0
68 101 64 0 26 50 100 0 0
68 101 64 1 26 25 50 0 0
68 101 64 2 26 100 200 0 0
68 101 64 3 26 50 100 0 0
69 101 1 0 4 100 100 0 0
69 101 1 1 4 50 50 0 0
69 101 1 2 4 200 200 0 0
69 101 1 3 4 100 100 0 0
69 101 3 0 5 50 100 0 0
69 101 3 1 5 25 50 0 0
69 101 3 2 5 100 200 0 0
69 101 3 3 5 50 100 0 0
69 101 18 0 37 100 200 0 0
69 101 18 1 37 50 100 0 0
69 101 18 2 37 200 400 0 0
69 101 18 3 37 100 200 0 0
69 101 23 0 6 100 100 0 0
69 101 23 1 6 50 50 0 0
69 101 23 2 6 200 200 0 0
69 101 23 3 6 100 100 0 0
69 101 43 0 23 50 200 0 0
69 101 43 1 23 25 100 0 0
69 101 43 2 23 100 400 0 0
69 101 43 3 23 50 200 0 0
69 101 50 0 118 50 200 0 0
69 101 50 1 118 25 100 0 0
69 101 50 2 118 100 400 0 0
69 101 50 3 118 50 200 0 0
69 101 63 0 27 50 100 0 0
69 101 63 1 27 25 50 0 0
69 101 63 2 27 100 200 0 0
69 101 63 3 27 50 100 0 0
69 101 64 0 27 50 100 0 0
69 101 64 1 27 25 50 0 0
69 101 64 2 27 100 200 0 0
69 101 64 3 27 50 100 0 0
70 101 1 0 4 100 100 0 0
70 101 1 1 4 50 50 0 0
70 101 1 2 4 200 200 0 0
70 101 1 3 4 100 100 0 0
70 101 3 0 5 50 100 0 0
70 101 3 1 5 25 50 0 0
70 101 3 2 5 100 200 0 0
70 101 3 3 5 50 100 0 0
70 101 18 0 38 100 200 0 0
70 101 18 1 38 50 100 0 0
70 101 18 2 38 200 400 0 0
70 101 18 3 38 100 200 0 0
70 101 23 0 6 100 100 0 0
70 101 23 1 6 50 50 0 0
70 101 23 2 6 200 200 0 0
70 101 23 3 6 100 100 0 0
70 101 43 0 24 50 200 0 0
70 101 43 1 24 25 100 0 0
70 101 43 2 24 100 400 0 0
70 101 43 3 24 50 200 0 0
70 101 50 0 119 50 200 0 0
70 101 50 1 119 25 100 0 0
70 101 50 2 119 100 400 0 0
70 101 50 3 119 50 200 0 0
70 101 63 0 27 50 100 0 0
70 101 63 1 27 25 50 0 0
70 101 63 2 27 100 200 0 0
70 101 63 3 27 50 100 0 0
70 101 64 0 27 50 100 0 0
70 101 64 1 27 25 50 0 0
70 101 64 2 27 100 200 0 0
70 101 64 3 27 50 100 0 0
71 101 1 0 4 100 100 0 0
71 101 1 1 4 50 50 0 0
71 101 1 2 4 200 200 0 0
71 101 1 3 4 100 100 0 0
71 101 3 0 5 50 100 0 0
71 101 3 1 5 25 50 0 0
71 101 3 2 5 100 200 0 0
71 101 3 3 5 50 100 0 0
71 101 18 0 38 100 200 0 0
71 101 18 1 38 50 100 0 0
71 101 18 2 38 200 400 0 0
71 101 18 3 38 100 200 0 0
71 101 23 0 7 100 100 0 0
71 101 23 1 7 50 50 0 0
71 101 23 2 7 200 200 0 0
71 101 23 3 7 100 100 0 0
71 101 43 0 24 50 200 0 0
71 101 43 1 24 25 100 0 0
71 101 43 2 24 100 400 0 0
71 101 43 3 24 50 200 0 0
71 101 50 0 120 50 200 0 0
71 101 50 1 120 25 100 0 0
71 101 50 2 120 100 400 0 0
71 101 50 3 120 50 200 0 0
71 101 63 0 28 50 100 0 0
71 101 63 1 28 25 50 0 0
71 101 63 2 28 100 200 0 0
71 101 63 3 28 50 100 0 0
71 101 64 0 28 50 100 0 0
71 101 64 1 28 25 50 0 0
71 101 64 2 28 100 200 0 0
71 101 64 3 28 50 100 0 0
72 101 1 0 4 100 100 0 0
72 101 1 1 4 50 50 0 0
72 101 1 2 4 200 200 0 0
72 101 1 3 4 100 100 0 0
72 101 3 0 5 50 100 0 0
72 101 3 1 5 25 50 0 0
72 101 3 2 5 100 200 0 0
72 101 3 3 5 50 100 0 0
72 101 18 0 39 100 200 0 0
72 101 18 1 39 50 100 0 0
72 101 18 2 39 200 400 0 0
72 101 18 3 39 100 200 0 0
72 101 23 0 7 100 100 0 0
72 101 23 1 7 50 50 0 0
72 101 23 2 7 200 200 0 0
72 101 23 3 7 100 100 0 0
72 101 43 0 24 50 200 0 0
72 101 43 1 24 25 100 0 0
72 101 43 2 24 100 400 0 0
72 101 43 3 24 50 200 0 0
72 101 50 0 121 50 200 0 0
72 101 50 1 121 25 100 0 0
72 101 50 2 121 100 400 0 0
72 101 50 3 121 50 200 0 0
72 101 63 0 28 50 100 0 0
72 101 63 1 28 25 50 0 0
72 101 63 2 28 100 200 0 0
72 101 63 3 28 50 100 0 0
72 101 64 0 28 50 100 0 0
72 101 64 1 28 25 50 0 0
72 101 64 2 28 100 200 0 0
72 101 64 3 28 50 100 0 0
73 101 1 0 4 100 100 0 0
73 101 1 1 4 50 50 0 0
73 101 1 2 4 200 200 0 0
73 101 1 3 4 100 100 0 0
73 101 3 0 5 50 100 0 0
73 101 3 1 5 25 50 0 0
73 101 3 2 5 100 200 0 0
73 101 3 3 5 50 100 0 0
73 101 18 0 39 100 200 0 0
73 101 18 1 39 50 100 0 0
73 101 18 2 39 200 400 0 0
73 101 18 3 39 100 200 0 0
73 101 23 0 7 100 100 0 0
73 101 23 1 7 50 50 0 0
73 101 23 2 7 200 200 0 0
73 101 23 3 7 100 100 0 0
73 101 43 0 25 50 200 0 0
73 101 43 1 25 25 100 0 0
73 101 43 2 25 100 400 0 0
73 101 43 3 25 50 200 0 0
73 101 50 0 122 50 200 0 0
73 101 50 1 122 25 100 0 0
73 101 50 2 122 100 400 0 0
73 101 50 3 122 50 200 0 0
73 101 63 0 28 50 100 0 0
73 101 63 1 28 25 50 0 0
73 101 63 2 28 100 200 0 0
73 101 63 3 28 50 100 0 0
73 101 64 0 28 50 100 0 0
73 101 64 1 28 25 50 0 0
73 101 64 2 28 100 200 0 0
73 101 64 3 28 50 100 0 0
74 101 1 0 4 100 100 0 0
74 101 1 1 4 50 50 0 0
74 101 1 2 4 200 200 0 0
74 101 1 3 4 100 100 0 0
74 101 3 0 5 50 100 0 0
74 101 3 1 5 25 50 0 0
74 101 3 2 5 100 200 0 0
74 101 3 3 5 50 100 0 0
74 101 18 0 40 100 200 0 0
74 101 18 1 40 50 100 0 0
74 101 18 2 40 200 400 0 0
74 101 18 3 40 100 200 0 0
74 101 23 0 7 100 100 0 0
74 101 23 1 7 50 50 0 0
74 101 23 2 7 200 200 0 0
74 101 23 3 7 100 100 0 0
74 101 43 0 25 50 200 0 0
74 101 43 1 25 25 100 0 0
74 101 43 2 25 100 400 0 0
74 101 43 3 25 50 200 0 0
74 101 50 0 123 50 200 0 0
74 101 50 1 123 25 100 0 0
74 101 50 2 123 100 400 0 0
74 101 50 3 123 50 200 0 0
74 101 63 0 29 50 100 0 0
74 101 63 1 29 25 50 0 0
74 101 63 2 29 100 200 0 0
74 101 63 3 29 50 100 0 0
74 101 64 0 29 50 100 0 0
74 101 64 1 29 25 50 0 0
74 101 64 2 29 100 200 0 0
74 101 64 3 29 50 100 0 0
75 101 1 0 4 100 100 0 0
75 101 1 1 4 50 50 0 0
75 101 1 2 4 200 200 0 0
75 101 1 3 4 100 100 0 0
75 101 3 0 5 50 100 0 0
75 101 3 1 5 25 50 0 0
75 101 3 2 5 100 200 0 0
75 101 3 3 5 50 100 0 0
75 101 18 0 40 100 200 0 0
75 101 18 1 40 50 100 0 0
75 101 18 2 40 200 400 0 0
75 101 18 3 40 100 200 0 0
75 101 23 0 7 100 100 0 0
75 101 23 1 7 50 50 0 0
75 101 23 2 7 200 200 0 0
75 101 23 3 7 100 100 0 0
75 101 43 0 25 50 200 0 0
75 101 43 1 25 25 100 0 0
75 101 43 2 25 100 400 0 0
75 101 43 3 25 50 200 0 0
75 101 50 0 124 50 200 0 0
75 101 50 1 124 25 100 0 0
75 101 50 2 124 100 400 0 0
75 101 50 3 124 50 200 0 0
75 101 63 0 29 50 100 0 0
75 101 63 1 29 25 50 0 0
75 101 63 2 29 100 200 0 0
75 101 63 3 29 50 100 0 0
75 101 64 0 29 50 100 0 0
75 101 64 1 29 25 50 0 0
75 101 64 2 29 100 200 0 0
75 101 64 3 29 50 100 0 0
76 101 1 0 4 100 100 0 0
76 101 1 1 4 50 50 0 0
76 101 1 2 4 200 200 0 0
76 101 1 3 4 100 100 0 0
76 101 3 0 6 50 100 0 0
76 101 3 1 6 25 50 0 0
76 101 3 2 6 100 200 0 0
76 101 3 3 6 50 100 0 0
76 101 18 0 41 100 200 0 0
76 101 18 1 41 50 100 0 0
76 101 18 2 41 200 400 0 0
76 101 18 3 41 100 200 0 0
76 101 23 0 7 100 100 0 0
76 101 23 1 7 50 50 0 0
76 101 23 2 7 200 200 0 0
76 101 23 3 7 100 100 0 0
76 101 43 0 26 50 200 0 0
76 101 43 1 26 25 100 0 0
76 101 43 2 26 100 400 0 0
76 101 43 3 26 50 200 0 0
76 101 50 0 125 50 200 0 0
76 101 50 1 125 25 100 0 0
76 101 50 2 125 100 400 0 0
76 101 50 3 125 50 200 0 0
76 101 63 0 30 50 100 0 0
76 101 63 1 30 25 50 0 0
76 101 63 2 30 100 200 0 0
76 101 63 3 30 50 100 0 0
76 101 64 0 30 50 100 0 0
76 101 64 1 30 25 50 0 0
76 101 64 2 30 100 200 0 0
76 101 64 3 30 50 100 0 0
77 101 1 0 4 100 100 0 0
77 101 1 1 4 50 50 0 0
77 101 1 2 4 200 200 0 0
77 101 1 3 4 100 100 0 0
77 101 3 0 6 50 100 0 0
77 101 3 1 6 25 50 0 0
77 101 3 2 6 100 200 0 0
77 101 3 3 6 50 100 0 0
77 101 18 0 41 100 200 0 0
77 101 18 1 41 50 100 0 0
77 101 18 2 41 200 400 0 0
77 101 18 3 41 100 200 0 0
77 101 23 0 7 100 100 0 0
77 101 23 1 7 50 50 0 0
77 101 23 2 7 200 200 0 0
77 101 23 3 7 100 100 0 0
77 101 43 0 26 50 200 0 0
77 101 43 1 26 25 100 0 0
77 101 43 2 26 100 400 0 0
77 101 43 3 26 50 200 0 0
77 101 50 0 126 50 200 0 0
77 101 50 1 126 25 100 0 0
77 101 50 2 126 100 400 0 0
77 101 50 3 126 50 200 0 0
77 101 63 0 30 50 100 0 0
77 101 63 1 30 25 50 0 0
77 101 63 2 30 100 200 0 0
77 101 63 3 30 50 100 0 0
77 101 64 0 30 50 100 0 0
77 101 64 1 30 25 50 0 0
77 101 64 2 30 100 200 0 0
77 101 64 3 30 50 100 0 0
78 101 1 0 4 100 100 0 0
78 101 1 1 4 50 50 0 0
78 101 1 2 4 200 200 0 0
78 101 1 3 4 100 100 0 0
78 101 3 0 6 50 100 0 0
78 101 3 1 6 25 50 0 0
78 101 3 2 6 100 200 0 0
78 101 3 3 6 50 100 0 0
78 101 18 0 42 100 200 0 0
78 101 18 1 42 50 100 0 0
78 101 18 2 42 200 400 0 0
78 101 18 3 42 100 200 0 0
78 101 23 0 7 100 100 0 0
78 101 23 1 7 50 50 0 0
78 101 23 2 7 200 200 0 0
78 101 23 3 7 100 100 0 0
78 101 43 0 27 50 200 0 0
78 101 43 1 27 25 100 0 0
78 101 43 2 27 100 400 0 0
78 101 43 3 27 50 200 0 0
78 101 50 0 127 50 200 0 0
78 101 50 1 127 25 100 0 0
78 101 50 2 127 100 400 0 0
78 101 50 3 127 50 200 0 0
78 101 63 0 30 50 100 0 0
78 101 63 1 30 25 50 0 0
78 101 63 2 30 100 200 0 0
78 101 63 3 30 50 100 0 0
78 101 64 0 30 50 100 0 0
78 101 64 1 30 25 50 0 0
78 101 64 2 30 100 200 0 0
78 101 64 3 30 50 100 0 0
79 101 1 0 4 100 100 0 0
79 101 1 1 4 50 50 0 0
79 101 1 2 4 200 200 0 0
79 101 1 3 4 100 100 0 0
79 101 3 0 6 50 100 0 0
79 101 3 1 6 25 50 0 0
79 101 3 2 6 100 200 0 0
79 101 3 3 6 50 100 0 0
79 101 18 0 43 100 200 0 0
79 101 18 1 43 50 100 0 0
79 101 18 2 43 200 400 0 0
79 101 18 3 43 100 200 0 0
79 101 23 0 7 100 100 0 0
79 101 23 1 7 50 50 0 0
79 101 23 2 7 200 200 0 0
79 101 23 3 7 100 100 0 0
79 101 43 0 27 50 200 0 0
79 101 43 1 27 25 100 0 0
79 101 43 2 27 100 400 0 0
79 101 43 3 27 50 200 0 0
79 101 50 0 128 50 200 0 0
79 101 50 1 128 25 100 0 0
79 101 50 2 128 100 400 0 0
79 101 50 3 128 50 200 0 0
79 101 63 0 31 50 100 0 0
79 101 63 1 31 25 50 0 0
79 101 63 2 31 100 200 0 0
79 101 63 3 31 50 100 0 0
79 101 64 0 31 50 100 0 0
79 101 64 1 31 25 50 0 0
79 101 64 2 31 100 200 0 0
79 101 64 3 31 50 100 0 0
80 101 1 0 4 100 100 0 0
80 101 1 1 4 50 50 0 0
80 101 1 2 4 200 200 0 0
80 101 1 3 4 100 100 0 0
80 101 3 0 6 50 100 0 0
80 101 3 1 6 25 50 0 0
80 101 3 2 6 100 200 0 0
80 101 3 3 6 50 100 0 0
80 101 18 0 43 100 200 0 0
80 101 18 1 43 50 100 0 0
80 101 18 2 43 200 400 0 0
80 101 18 3 43 100 200 0 0
80 101 23 0 7 100 100 0 0
80 101 23 1 7 50 50 0 0
80 101 23 2 7 200 200 0 0
80 101 23 3 7 100 100 0 0
80 101 43 0 27 50 200 0 0
80 101 43 1 27 25 100 0 0
80 101 43 2 27 100 400 0 0
80 101 43 3 27 50 200 0 0
80 101 50 0 129 50 200 0 0
80 101 50 1 129 25 100 0 0
80 101 50 2 129 100 400 0 0
80 101 50 3 129 50 200 0 0
80 101 63 0 31 50 100 0 0
80 101 63 1 31 25 50 0 0
80 101 63 2 31 100 200 0 0
80 101 63 3 31 50 100 0 0
80 101 64 0 31 50 100 0 0
80 101 64 1 31 25 50 0 0
80 101 64 2 31 100 200 0 0
80 101 64 3 31 50 100 0 0
81 101 1 0 4 100 100 0 0
81 101 1 1 4 50 50 0 0
81 101 1 2 4 200 200 0 0
81 101 1 3 4 100 100 0 0
81 101 3 0 6 50 100 0 0
81 101 3 1 6 25 50 0 0
81 101 3 2 6 100 200 0 0
81 101 3 3 6 50 100 0 0
81 101 18 0 44 100 200 0 0
81 101 18 1 44 50 100 0 0
81 101 18 2 44 200 400 0 0
81 101 18 3 44 100 200 0 0
81 101 23 0 8 100 100 0 0
81 101 23 1 8 50 50 0 0
81 101 23 2 8 200 200 0 0
81 101 23 3 8 100 100 0 0
81 101 43 0 28 50 200 0 0
81 101 43 1 28 25 100 0 0
81 101 43 2 28 100 400 0 0
81 101 43 3 28 50 200 0 0
81 101 50 0 130 50 200 0 0
81 101 50 1 130 25 100 0 0
81 101 50 2 130 100 400 0 0
81 101 50 3 130 50 200 0 0
81 101 63 0 32 50 100 0 0
81 101 63 1 32 25 50 0 0
81 101 63 2 32 100 200 0 0
81 101 63 3 32 50 100 0 0
81 101 64 0 32 50 100 0 0
81 101 64 1 32 25 50 0 0
81 101 64 2 32 100 200 0 0
81 101 64 3 32 50 100 0 0
82 101 1 0 4 100 100 0 0
82 101 1 1 4 50 50 0 0
82 101 1 2 4 200 200 0 0
82 101 1 3 4 100 100 0 0
82 101 3 0 6 50 100 0 0
82 101 3 1 6 25 50 0 0
82 101 3 2 6 100 200 0 0
82 101 3 3 6 50 100 0 0
82 101 18 0 44 100 200 0 0
82 101 18 1 44 50 100 0 0
82 101 18 2 44 200 400 0 0
82 101 18 3 44 100 200 0 0
82 101 23 0 8 100 100 0 0
82 101 23 1 8 50 50 0 0
82 101 23 2 8 200 200 0 0
82 101 23 3 8 100 100 0 0
82 101 43 0 28 50 200 0 0
82 101 43 1 28 25 100 0 0
82 101 43 2 28 100 400 0 0
82 101 43 3 28 50 200 0 0
82 101 50 0 131 50 200 0 0
82 101 50 1 131 25 100 0 0
82 101 50 2 131 100 400 0 0
82 101 50 3 131 50 200 0 0
82 101 63 0 32 50 100 0 0
82 101 63 1 32 25 50 0 0
82 101 63 2 32 100 200 0 0
82 101 63 3 32 50 100 0 0
82 101 64 0 32 50 100 0 0
82 101 64 1 32 25 50 0 0
82 101 64 2 32 100 200 0 0
82 101 64 3 32 50 100 0 0
83 101 1 0 4 100 100 0 0
83 101 1 1 4 50 50 0 0
83 101 1 2 4 200 200 0 0
83 101 1 3 4 100 100 0 0
83 101 3 0 6 50 100 0 0
83 101 3 1 6 25 50 0 0
83 101 3 2 6 100 200 0 0
83 101 3 3 6 50 100 0 0
83 101 18 0 45 100 200 0 0
83 101 18 1 45 50 100 0 0
83 101 18 2 45 200 400 0 0
83 101 18 3 45 100 200 0 0
83 101 23 0 8 100 100 0 0
83 101 23 1 8 50 50 0 0
83 101 23 2 8 200 200 0 0
83 101 23 3 8 100 100 0 0
83 101 43 0 28 50 200 0 0
83 101 43 1 28 25 100 0 0
83 101 43 2 28 100 400 0 0
83 101 43 3 28 50 200 0 0
83 101 50 0 132 50 200 0 0
83 101 50 1 132 25 100 0 0
83 101 50 2 132 100 400 0 0
83 101 50 3 132 50 200 0 0
83 101 63 0 32 50 100 0 0
83 101 63 1 32 25 50 0 0
83 101 63 2 32 100 200 0 0
83 101 63 3 32 50 100 0 0
83 101 64 0 32 50 100 0 0
83 101 64 1 32 25 50 0 0
83 101 64 2 32 100 200 0 0
83 101 64 3 32 50 100 0 0
84 101 1 0 4 100 100 0 0
84 101 1 1 4 50 50 0 0
84 101 1 2 4 200 200 0 0
84 101 1 3 4 100 100 0 0
84 101 3 0 6 50 100 0 0
84 101 3 1 6 25 50 0 0
84 101 3 2 6 100 200 0 0
84 101 3 3 6 50 100 0 0
84 101 18 0 45 100 200 0 0
84 101 18 1 45 50 100 0 0
84 101 18 2 45 200 400 0 0
84 101 18 3 45 100 200 0 0
84 101 23 0 8 100 100 0 0
84 101 23 1 8 50 50 0 0
84 101 23 2 8 200 200 0 0
84 101 23 3 8 100 100 0 0
84 101 43 0 29 50 200 0 0
84 101 43 1 29 25 100 0 0
84 101 43 2 29 100 400 0 0
84 101 43 3 29 50 200 0 0
84 101 50 0 133 50 200 0 0
84 101 50 1 133 25 100 0 0
84 101 50 2 133 100 400 0 0
84 101 50 3 133 50 200 0 0
84 101 63 0 33 50 100 0 0
84 101 63 1 33 25 50 0 0
84 101 63 2 33 100 200 0 0
84 101 63 3 33 50 100 0 0
84 101 64 0 33 50 100 0 0
84 101 64 1 33 25 50 0 0
84 101 64 2 33 100 200 0 0
84 101 64 3 33 50 100 0 0
85 101 1 0 5 100 100 0 0
85 101 1 1 5 50 50 0 0
85 101 1 2 5 200 200 0 0
85 101 1 3 5 100 100 0 0
85 101 3 0 6 50 100 0 0
85 101 3 1 6 25 50 0 0
85 101 3 2 6 100 200 0 0
85 101 3 3 6 50 100 0 0
85 101 18 0 46 100 200 0 0
85 101 18 1 46 50 100 0 0
85 101 18 2 46 200 400 0 0
85 101 18 3 46 100 200 0 0
85 101 23 0 8 100 100 0 0
85 101 23 1 8 50 50 0 0
85 101 23 2 8 200 200 0 0
85 101 23 3 8 100 100 0 0
85 101 43 0 29 50 200 0 0
85 101 43 1 29 25 100 0 0
85 101 43 2 29 100 400 0 0
85 101 43 3 29 50 200 0 0
85 101 50 0 134 50 200 0 0
85 101 50 1 134 25 100 0 0
85 101 50 2 134 100 400 0 0
85 101 50 3 134 50 200 0 0
85 101 63 0 33 50 100 0 0
85 101 63 1 33 25 50 0 0
85 101 63 2 33 100 200 0 0
85 101 63 3 33 50 100 0 0
85 101 64 0 33 50 100 0 0
85 101 64 1 33 25 50 0 0
85 101 64 2 33 100 200 0 0
85 101 64 3 33 50 100 0 0
86 101 1 0 5 100 100 0 0
86 101 1 1 5 50 50 0 0
86 101 1 2 5 200 200 0 0
86 101 1 3 5 100 100 0 0
86 101 3 0 6 50 100 0 0
86 101 3 1 6 25 50 0 0
86 101 3 2 6 100 200 0 0
86 101 3 3 6 50 100 0 0
86 101 18 0 46 100 200 0 0
86 101 18 1 46 50 100 0 0
86 101 18 2 46 200 400 0 0
86 101 18 3 46 100 200 0 0
86 101 23 0 8 100 100 0 0
86 101 23 1 8 50 50 0 0
86 101 23 2 8 200 200 0 0
86 101 23 3 8 100 100 0 0
86 101 43 0 29 50 200 0 0
86 101 43 1 29 25 100 0 0
86 101 43 2 29 100 400 0 0
86 101 43 3 29 50 200 0 0
86 101 50 0 135 50 200 0 0
86 101 50 1 135 25 100 0 0
86 101 50 2 135 100 400 0 0
86 101 50 3 135 50 200 0 0
86 101 63 0 34 50 100 0 0
86 101 63 1 34 25 50 0 0
86 101 63 2 34 100 200 0 0
86 101 63 3 34 50 100 0 0
86 101 64 0 34 50 100 0 0
86 101 64 1 34 25 50 0 0
86 101 64 2 34 100 200 0 0
86 101 64 3 34 50 100 0 0
87 101 1 0 5 100 100 0 0
87 101 1 1 5 50 50 0 0
87 101 1 2 5 200 200 0 0
87 101 1 3 5 100 100 0 0
87 101 3 0 6 50 100 0 0
87 101 3 1 6 25 50 0 0
87 101 3 2 6 100 200 0 0
87 101 3 3 6 50 100 0 0
87 101 18 0 47 100 200 0 0
87 101 18 1 47 50 100 0 0
87 101 18 2 47 200 400 0 0
87 101 18 3 47 100 200 0 0
87 101 23 0 8 100 100 0 0
87 101 23 1 8 50 50 0 0
87 101 23 2 8 200 200 0 0
87 101 23 3 8 100 100 0 0
87 101 43 0 30 50 200 0 0
87 101 43 1 30 25 100 0 0
87 101 43 2 30 100 400 0 0
87 101 43 3 30 50 200 0 0
87 101 50 0 136 50 200 0 0
87 101 50 1 136 25 100 0 0
87 101 50 2 136 100 400 0 0
87 101 50 3 136 50 200 0 0
87 101 63 0 34 50 100 0 0
87 101 63 1 34 25 50 0 0
87 101 63 2 34 100 200 0 0
87 101 63 3 34 50 100 0 0
87 101 64 0 34 50 100 0 0
87 101 64 1 34 25 50 0 0
87 101 64 2 34 100 200 0 0
87 101 64 3 34 50 100 0 0
88 101 1 0 5 100 100 0 0
88 101 1 1 5 50 50 0 0
88 101 1 2 5 200 200 0 0
88 101 1 3 5 100 100 0 0
88 101 3 0 6 50 100 0 0
88 101 3 1 6 25 50 0 0
88 101 3 2 6 100 200 0 0
88 101 3 3 6 50 100 0 0
88 101 18 0 47 100 200 0 0
88 101 18 1 47 50 100 0 0
88 101 18 2 47 200 400 0 0
88 101 18 3 47 100 200 0 0
88 101 23 0 8 100 100 0 0
88 101 23 1 8 50 50 0 0
88 101 23 2 8 200 200 0 0
88 101 23 3 8 100 100 0 0
88 101 43 0 30 50 200 0 0
88 101 43 1 30 25 100 0 0
88 101 43 2 30 100 400 0 0
88 101 43 3 30 50 200 0 0
88 101 50 0 137 50 200 0 0
88 101 50 1 137 25 100 0 0
88 101 50 2 137 100 400 0 0
88 101 50 3 137 50 200 0 0
88 101 63 0 34 50 100 0 0
88 101 63 1 34 25 50 0 0
88 101 63 2 34 100 200 0 0
88 101 63 3 34 50 100 0 0
88 101 64 0 34 50 100 0 0
88 101 64 1 34 25 50 0 0
88 101 64 2 34 100 200 0 0
88 101 64 3 34 50 100 0 0
89 101 1 0 5 100 100 0 0
89 101 1 1 5 50 50 0 0
89 101 1 2 5 200 200 0 0
89 101 1 3 5 100 100 0 0
89 101 3 0 7 50 100 0 0
89 101 3 1 7 25 50 0 0
89 101 3 2 7 100 200 0 0
89 101 3 3 7 50 100 0 0
89 101 18 0 48 100 200 0 0
89 101 18 1 48 50 100 0 0
89 101 18 2 48 200 400 0 0
89 101 18 3 48 100 200 0 0
89 101 23 0 8 100 100 0 0
89 101 23 1 8 50 50 0 0
89 101 23 2 8 200 200 0 0
89 101 23 3 8 100 100 0 0
89 101 43 0 30 50 200 0 0
89 101 43 1 30 25 100 0 0
89 101 43 2 30 100 400 0 0
89 101 43 3 30 50 200 0 0
89 101 50 0 138 50 200 0 0
89 101 50 1 138 25 100 0 0
89 101 50 2 138 100 400 0 0
89 101 50 3 138 50 200 0 0
89 101 63 0 35 50 100 0 0
89 101 63 1 35 25 50 0 0
89 101 63 2 35 100 200 0 0
89 101 63 3 35 50 100 0 0
89 101 64 0 35 50 100 0 0
89 101 64 1 35 25 50 0 0
89 101 64 2 35 100 200 0 0
89 101 64 3 35 50 100 0 0
90 101 1 0 5 100 100 0 0
90 101 1 1 5 50 50 0 0
90 101 1 2 5 200 200 0 0
90 101 1 3 5 100 100 0 0
90 101 3 0 7 50 100 0 0
90 101 3 1 7 25 50 0 0
90 101 3 2 7 100 200 0 0
90 101 3 3 7 50 100 0 0
90 101 18 0 49 100 200 0 0
90 101 18 1 49 50 100 0 0
90 101 18 2 49 200 400 0 0
90 101 18 3 49 100 200 0 0
90 101 23 0 8 100 100 0 0
90 101 23 1 8 50 50 0 0
90 101 23 2 8 200 200 0 0
90 101 23 3 8 100 100 0 0
90 101 43 0 31 50 200 0 0
90 101 43 1 31 25 100 0 0
90 101 43 2 31 100 400 0 0
90 101 43 3 31 50 200 0 0
90 101 50 0 139 50 200 0 0
90 101 50 1 139 25 100 0 0
90 101 50 2 139 100 400 0 0
90 101 50 3 139 50 200 0 0
90 101 63 0 35 50 100 0 0
90 101 63 1 35 25 50 0 0
90 101 63 2 35 100 200 0 0
90 101 63 3 35 50 100 0 0
90 101 64 0 35 50 100 0 0
90 101 64 1 35 25 50 0 0
90 101 64 2 35 100 200 0 0
90 101 64 3 35 50 100 0 0
91 101 1 0 5 100 100 0 0
91 101 1 1 5 50 50 0 0
91 101 1 2 5 200 200 0 0
91 101 1 3 5 100 100 0 0
91 101 3 0 7 50 100 0 0
91 101 3 1 7 25 50 0 0
91 101 3 2 7 100 200 0 0
91 101 3 3 7 50 100 0 0
91 101 18 0 49 100 200 0 0
91 101 18 1 49 50 100 0 0
91 101 18 2 49 200 400 0 0
91 101 18 3 49 100 200 0 0
91 101 23 0 9 100 100 0 0
91 101 23 1 9 50 50 0 0
91 101 23 2 9 200 200 0 0
91 101 23 3 9 100 100 0 0
91 101 43 0 31 50 200 0 0
91 101 43 1 31 25 100 0 0
91 101 43 2 31 100 400 0 0
91 101 43 3 31 50 200 0 0
91 101 50 0 140 50 200 0 0
91 101 50 1 140 25 100 0 0
91 101 50 2 140 100 400 0 0
91 101 50 3 140 50 200 0 0
91 101 63 0 36 50 100 0 0
91 101 63 1 36 25 50 0 0
91 101 63 2 36 100 200 0 0
91 101 63 3 36 50 100 0 0
91 101 64 0 36 50 100 0 0
91 101 64 1 36 25 50 0 0
91 101 64 2 36 100 200 0 0
91 101 64 3 36 50 100 0 0
92 101 1 0 5 100 100 0 0
92 101 1 1 5 50 50 0 0
92 101 1 2 5 200 200 0 0
92 101 1 3 5 100 100 0 0
92 101 3 0 7 50 100 0 0
92 101 3 1 7 25 50 0 0
92 101 3 2 7 100 200 0 0
92 101 3 3 7 50 100 0 0
92 101 18 0 50 100 200 0 0
92 101 18 1 50 50 100 0 0
92 101 18 2 50 200 400 0 0
92 101 18 3 50 100 200 0 0
92 101 23 0 9 100 100 0 0
92 101 23 1 9 50 50 0 0
92 101 23 2 9 200 200 0 0
92 101 23 3 9 100 100 0 0
92 101 43 0 31 50 200 0 0
92 101 43 1 31 25 100 0 0
92 101 43 2 31 100 400 0 0
92 101 43 3 31 50 200 0 0
92 101 50 0 141 50 200 0 0
92 101 50 1 141 25 100 0 0
92 101 50 2 141 100 400 0 0
92 101 50 3 141 50 200 0 0
92 101 63 0 36 50 100 0 0
92 101 63 1 36 25 50 0 0
92 101 63 2 36 100 200 0 0
92 101 63 3 36 50 100 0 0
92 101 64 0 36 50 100 0 0
92 101 64 1 36 25 50 0 0
92 101 64 2 36 100 200 0 0
92 101 64 3 36 50 100 0 0
93 101 1 0 5 100 100 0 0
93 101 1 1 5 50 50 0 0
93 101 1 2 5 200 200 0 0
93 101 1 3 5 100 100 0 0
93 101 3 0 7 50 100 0 0
93 101 3 1 7 25 50 0 0
93 101 3 2 7 100 200 0 0
93 101 3 3 7 50 100 0 0
93 101 18 0 50 100 200 0 0
93 101 18 1 50 50 100 0 0
93 101 18 2 50 200 400 0 0
93 101 18 3 50 100 200 0 0
93 101 23 0 9 100 100 0 0
93 101 23 1 9 50 50 0 0
93 101 23 2 9 200 200 0 0
93 101 23 3 9 100 100 0 0
93 101 43 0 32 50 200 0 0
93 101 43 1 32 25 100 0 0
93 101 43 2 32 100 400 0 0
93 101 43 3 32 50 200 0 0
93 101 50 0 142 50 200 0 0
93 101 50 1 142 25 100 0 0
93 101 50 2 142 100 400 0 0
93 101 50 3 142 50 200 0 0
93 101 63 0 36 50 100 0 0
93 101 63 1 36 25 50 0 0
93 101 63 2 36 100 200 0 0
93 101 63 3 36 50 100 0 0
93 101 64 0 36 50 100 0 0
93 101 64 1 36 25 50 0 0
93 101 64 2 36 100 200 0 0
93 101 64 3 36 50 100 0 0
94 101 1 0 5 100 100 0 0
94 101 1 1 5 50 50 0 0
94 101 1 2 5 200 200 0 0
94 101 1 3 5 100 100 0 0
94 101 3 0 7 50 100 0 0
94 101 3 1 7 25 50 0 0
94 101 3 2 7 100 200 0 0
94 101 3 3 7 50 100 0 0
94 101 18 0 51 100 200 0 0
94 101 18 1 51 50 100 0 0
94 101 18 2 51 200 400 0 0
94 101 18 3 51 100 200 0 0
94 101 23 0 9 100 100 0 0
94 101 23 1 9 50 50 0 0
94 101 23 2 9 200 200 0 0
94 101 23 3 9 100 100 0 0
94 101 43 0 32 50 200 0 0
94 101 43 1 32 25 100 0 0
94 101 43 2 32 100 400 0 0
94 101 43 3 32 50 200 0 0
94 101 50 0 143 50 200 0 0
94 101 50 1 143 25 100 0 0
94 101 50 2 143 100 400 0 0
94 101 50 3 143 50 200 0 0
94 101 63 0 37 50 100 0 0
94 101 63 1 37 25 50 0 0
94 101 63 2 37 100 200 0 0
94 101 63 3 37 50 100 0 0
94 101 64 0 37 50 100 0 0
94 101 64 1 37 25 50 0 0
94 101 64 2 37 100 200 0 0
94 101 64 3 37 50 100 0 0
95 101 1 0 5 100 100 0 0
95 101 1 1 5 50 50 0 0
95 101 1 2 5 200 200 0 0
95 101 1 3 5 100 100 0 0
95 101 3 0 7 50 100 0 0
95 101 3 1 7 25 50 0 0
95 101 3 2 7 100 200 0 0
95 101 3 3 7 50 100 0 0
95 101 18 0 51 100 200 0 0
95 101 18 1 51 50 100 0 0
95 101 18 2 51 200 400 0 0
95 101 18 3 51 100 200 0 0
95 101 23 0 9 100 100 0 0
95 101 23 1 9 50 50 0 0
95 101 23 2 9 200 200 0 0
95 101 23 3 9 100 100 0 0
95 101 43 0 32 50 200 0 0
95 101 43 1 32 25 100 0 0
95 101 43 2 32 100 400 0 0
95 101 43 3 32 50 200 0 0
95 101 50 0 144 50 200 0 0
95 101 50 1 144 25 100 0 0
95 101 50 2 144 100 400 0 0
95 101 50 3 144 50 200 0 0
95 101 63 0 37 50 100 0 0
95 101 63 1 37 25 50 0 0
95 101 63 2 37 100 200 0 0
95 101 63 3 37 50 100 0 0
95 101 64 0 37 50 100 0 0
95 101 64 1 37 25 50 0 0
95 101 64 2 37 100 200 0 0
95 101 64 3 37 50 100 0 0
96 101 1 0 5 100 100 0 0
96 101 1 1 5 50 50 0 0
96 101 1 2 5 200 200 0 0
96 101 1 3 5 100 100 0 0
96 101 3 0 7 50 100 0 0
96 101 3 1 7 25 50 0 0
96 101 3 2 7 100 200 0 0
96 101 3 3 7 50 100 0 0
96 101 18 0 52 100 200 0 0
96 101 18 1 52 50 100 0 0
96 101 18 2 52 200 400 0 0
96 101 18 3 52 100 200 0 0
96 101 23 0 9 100 100 0 0
96 101 23 1 9 50 50 0 0
96 101 23 2 9 200 200 0 0
96 101 23 3 9 100 100 0 0
96 101 43 0 33 50 200 0 0
96 101 43 1 33 25 100 0 0
96 101 43 2 33 100 400 0 0
96 101 43 3 33 50 200 0 0
96 101 50 0 145 50 200 0 0
96 101 50 1 145 25 100 0 0
96 101 50 2 145 100 400 0 0
96 101 50 3 145 50 200 0 0
96 101 63 0 38 50 100 0 0
96 101 63 1 38 25 50 0 0
96 101 63 2 38 100 200 0 0
96 101 63 3 38 50 100 0 0
96 101 64 0 38 50 100 0 0
96 101 64 1 38 25 50 0 0
96 101 64 2 38 100 200 0 0
96 101 64 3 38 50 100 0 0
97 101 1 0 5 100 100 0 0
97 101 1 1 5 50 50 0 0
97 101 1 2 5 200 200 0 0
97 101 1 3 5 100 100 0 0
97 101 3 0 7 50 100 0 0
97 101 3 1 7 25 50 0 0
97 101 3 2 7 100 200 0 0
97 101 3 3 7 50 100 0 0
97 101 18 0 52 100 200 0 0
97 101 18 1 52 50 100 0 0
97 101 18 2 52 200 400 0 0
97 101 18 3 52 100 200 0 0
97 101 23 0 9 100 100 0 0
97 101 23 1 9 50 50 0 0
97 101 23 2 9 200 200 0 0
97 101 23 3 9 100 100 0 0
97 101 43 0 33 50 200 0 0
97 101 43 1 33 25 100 0 0
97 101 43 2 33 100 400 0 0
97 101 43 3 33 50 200 0 0
97 101 50 0 146 50 200 0 0
97 101 50 1 146 25 100 0 0
97 101 50 2 146 100 400 0 0
97 101 50 3 146 50 200 0 0
97 101 63 0 38 50 100 0 0
97 101 63 1 38 25 50 0 0
97 101 63 2 38 100 200 0 0
97 101 63 3 38 50 100 0 0
97 101 64 0 38 50 100 0 0
97 101 64 1 38 25 50 0 0
97 101 64 2 38 100 200 0 0
97 101 64 3 38 50 100 0 0
98 101 1 0 5 100 100 0 0
98 101 1 1 5 50 50 0 0
98 101 1 2 5 200 200 0 0
98 101 1 3 5 100 100 0 0
98 101 3 0 7 50 100 0 0
98 101 3 1 7 25 50 0 0
98 101 3 2 7 100 200 0 0
98 101 3 3 7 50 100 0 0
98 101 18 0 53 100 200 0 0
98 101 18 1 53 50 100 0 0
98 101 18 2 53 200 400 0 0
98 101 18 3 53 100 200 0 0
98 101 23 0 9 100 100 0 0
98 101 23 1 9 50 50 0 0
98 101 23 2 9 200 200 0 0
98 101 23 3 9 100 100 0 0
98 101 43 0 33 50 200 0 0
98 101 43 1 33 25 100 0 0
98 101 43 2 33 100 400 0 0
98 101 43 3 33 50 200 0 0
98 101 50 0 147 50 200 0 0
98 101 50 1 147 25 100 0 0
98 101 50 2 147 100 400 0 0
98 101 50 3 147 50 200 0 0
98 101 63 0 38 50 100 0 0
98 101 63 1 38 25 50 0 0
98 101 63 2 38 100 200 0 0
98 101 63 3 38 50 100 0 0
98 101 64 0 38 50 100 0 0
98 101 64 1 38 25 50 0 0
98 101 64 2 38 100 200 0 0
98 101 64 3 38 50 100 0 0
99 101 1 0 5 100 100 0 0
99 101 1 1 5 50 50 0 0
99 101 1 2 5 200 200 0 0
99 101 1 3 5 100 100 0 0
99 101 3 0 7 50 100 0 0
99 101 3 1 7 25 50 0 0
99 101 3 2 7 100 200 0 0
99 101 3 3 7 50 100 0 0
99 101 18 0 53 100 200 0 0
99 101 18 1 53 50 100 0 0
99 101 18 2 53 200 400 0 0
99 101 18 3 53 100 200 0 0
99 101 23 0 9 100 100 0 0
99 101 23 1 9 50 50 0 0
99 101 23 2 9 200 200 0 0
99 101 23 3 9 100 100 0 0
99 101 43 0 34 50 200 0 0
99 101 43 1 34 25 100 0 0
99 101 43 2 34 100 400 0 0
99 101 43 3 34 50 200 0 0
99 101 50 0 148 50 200 0 0
99 101 50 1 148 25 100 0 0
99 101 50 2 148 100 400 0 0
99 101 50 3 148 50 200 0 0
99 101 63 0 39 50 100 0 0
99 101 63 1 39 25 50 0 0
99 101 63 2 39 100 200 0 0
99 101 63 3 39 50 100 0 0
99 101 64 0 39 50 100 0 0
99 101 64 1 39 25 50 0 0
99 101 64 2 39 100 200 0 0
99 101 64 3 39 50 100 0 0
100 101 1 0 5 100 100 0 0
100 101 1 1 5 50 50 0 0
100 101 1 2 5 200 200 0 0
100 101 1 3 5 100 100 0 0
100 101 3 0 7 50 100 0 0
100 101 3 1 7 25 50 0 0
100 101 3 2 7 100 200 0 0
100 101 3 3 7 50 100 0 0
100 101 18 0 54 100 200 0 0
100 101 18 1 54 50 100 0 0
100 101 18 2 54 200 400 0 0
100 101 18 3 54 100 200 0 0
100 101 23 0 9 100 100 0 0
100 101 23 1 9 50 50 0 0
100 101 23 2 9 200 200 0 0
100 101 23 3 9 100 100 0 0
100 101 43 0 34 50 200 0 0
100 101 43 1 34 25 100 0 0
100 101 43 2 34 100 400 0 0
100 101 43 3 34 50 200 0 0
100 101 50 0 149 50 200 0 0
100 101 50 1 149 25 100 0 0
100 101 50 2 149 100 400 0 0
100 101 50 3 149 50 200 0 0
100 101 63 0 39 50 100 0 0
100 101 63 1 39 25 50 0 0
100 101 63 2 39 100 200 0 0
100 101 63 3 39 50 100 0 0
100 101 64 0 39 50 100 0 0
100 101 64 1 39 25 50 0 0
100 101 64 2 39 100 200 0 0
100 101 64 3 39 50 100 0 0
101 101 1 0 6 100 100 0 0
101 101 1 1 6 50 50 0 0
101 101 1 2 6 200 200 0 0
101 101 1 3 6 100 100 0 0
101 101 3 0 8 50 100 0 0
101 101 3 1 8 25 50 0 0
101 101 3 2 8 100 200 0 0
101 101 3 3 8 50 100 0 0
101 101 18 0 55 100 200 0 0
101 101 18 1 55 50 100 0 0
101 101 18 2 55 200 400 0 0
101 101 18 3 55 100 200 0 0
101 101 23 0 10 100 100 0 0
101 101 23 1 10 50 50 0 0
101 101 23 2 10 200 200 0 0
101 101 23 3 10 100 100 0 0
101 101 43 0 35 50 200 0 0
101 101 43 1 35 25 100 0 0
101 101 43 2 35 100 400 0 0
101 101 43 3 35 50 200 0 0
101 101 50 0 150 50 200 0 0
101 101 50 1 150 25 100 0 0
101 101 50 2 150 100 400 0 0
101 101 50 3 150 50 200 0 0
101 101 63 0 40 50 100 0 0
101 101 63 1 40 25 50 0 0
101 101 63 2 40 100 200 0 0
101 101 63 3 40 50 100 0 0
101 101 64 0 40 50 100 0 0
101 101 64 1 40 25 50 0 0
101 101 64 2 40 100 200 0 0
101 101 64 3 40 50 100 0 0
102 101 1 0 7 100 100 0 0
102 101 1 1 7 50 50 0 0
102 101 1 2 7 200 200 0 0
102 101 1 3 7 100 100 0 0
102 101 3 0 9 50 100 0 0
102 101 3 1 9 25 50 0 0
102 101 3 2 9 100 200 0 0
102 101 3 3 9 50 100 0 0
102 101 18 0 56 100 200 0 0
102 101 18 1 56 50 100 0 0
102 101 18 2 56 200 400 0 0
102 101 18 3 56 100 200 0 0
102 101 23 0 11 100 100 0 0
102 101 23 1 11 50 50 0 0
102 101 23 2 11 200 200 0 0
102 101 23 3 11 100 100 0 0
102 101 43 0 36 50 200 0 0
102 101 43 1 36 25 100 0 0
102 101 43 2 36 100 400 0 0
102 101 43 3 36 50 200 0 0
102 101 50 0 151 50 200 0 0
102 101 50 1 151 25 100 0 0
102 101 50 2 151 100 400 0 0
102 101 50 3 151 50 200 0 0
102 101 63 0 41 50 100 0 0
102 101 63 1 41 25 50 0 0
102 101 63 2 41 100 200 0 0
102 101 63 3 41 50 100 0 0
102 101 64 0 41 50 100 0 0
102 101 64 1 41 25 50 0 0
102 101 64 2 41 100 200 0 0
102 101 64 3 41 50 100 0 0
1 137 1 0 1 100 100 0 0
1 137 1 1 1 50 50 0 0
1 137 1 2 1 200 200 0 0
1 137 1 3 1 100 100 0 0
1 137 3 0 1 50 100 0 0
1 137 3 1 1 25 50 0 0
1 137 3 2 1 100 200 0 0
1 137 3 3 1 50 100 0 0
1 137 18 0 1 100 200 0 0
1 137 18 1 1 50 100 0 0
1 137 18 2 1 200 400 0 0
1 137 18 3 1 100 200 0 0
1 137 23 0 1 100 100 0 0
1 137 23 1 1 50 50 0 0
1 137 23 2 1 200 200 0 0
1 137 23 3 1 100 100 0 0
1 137 43 0 1 50 200 0 0
1 137 43 1 1 25 100 0 0
1 137 43 2 1 100 400 0 0
1 137 43 3 1 50 200 0 0
1 137 50 0 14 50 200 0 0
1 137 50 1 14 25 100 0 0
1 137 50 2 14 100 400 0 0
1 137 50 3 14 50 200 0 0
1 137 63 0 1 50 100 0 0
1 137 63 1 1 25 50 0 0
1 137 63 2 1 100 200 0 0
1 137 63 3 1 50 100 0 0
1 137 64 0 1 50 100 0 0
1 137 64 1 1 25 50 0 0
1 137 64 2 1 100 200 0 0
1 137 64 3 1 50 100 0 0
2 137 1 0 1 100 100 0 0
2 137 1 1 1 50 50 0 0
2 137 1 2 1 200 200 0 0
2 137 1 3 1 100 100 0 0
2 137 3 0 1 50 100 0 0
2 137 3 1 1 25 50 0 0
2 137 3 2 1 100 200 0 0
2 137 3 3 1 50 100 0 0
2 137 18 0 1 100 200 0 0
2 137 18 1 1 50 100 0 0
2 137 18 2 1 200 400 0 0
2 137 18 3 1 100 200 0 0
2 137 23 0 1 100 100 0 0
2 137 23 1 1 50 50 0 0
2 137 23 2 1 200 200 0 0
2 137 23 3 1 100 100 0 0
2 137 43 0 1 50 200 0 0
2 137 43 1 1 25 100 0 0
2 137 43 2 1 100 400 0 0
2 137 43 3 1 50 200 0 0
2 137 50 0 15 50 200 0 0
2 137 50 1 15 25 100 0 0
2 137 50 2 15 100 400 0 0
2 137 50 3 15 50 200 0 0
2 137 63 0 1 50 100 0 0
2 137 63 1 1 25 50 0 0
2 137 63 2 1 100 200 0 0
2 137 63 3 1 50 100 0 0
2 137 64 0 1 50 100 0 0
2 137 64 1 1 25 50 0 0
2 137 64 2 1 100 200 0 0
2 137 64 3 1 50 100 0 0
3 137 1 0 1 100 100 0 0
3 137 1 1 1 50 50 0 0
3 137 1 2 1 200 200 0 0
3 137 1 3 1 100 100 0 0
3 137 3 0 1 50 100 0 0
3 137 3 1 1 25 50 0 0
3 137 3 2 1 100 200 0 0
3 137 3 3 1 50 100 0 0
3 137 18 0 1 100 200 0 0
3 137 18 1 1 50 100 0 0
3 137 18 2 1 200 400 0 0
3 137 18 3 1 100 200 0 0
3 137 23 0 1 100 100 0 0
3 137 23 1 1 50 50 0 0
3 137 23 2 1 200 200 0 0
3 137 23 3 1 100 100 0 0
3 137 43 0 1 50 200 0 0
3 137 43 1 1 25 100 0 0
3 137 43 2 1 100 400 0 0
3 137 43 3 1 50 200 0 0
3 137 50 0 16 50 200 0 0
3 137 50 1 16 25 100 0 0
3 137 50 2 16 100 400 0 0
3 137 50 3 16 50 200 0 0
3 137 63 0 1 50 100 0 0
3 137 63 1 1 25 50 0 0
3 137 63 2 1 100 200 0 0
3 137 63 3 1 50 100 0 0
3 137 64 0 1 50 100 0 0
3 137 64 1 1 25 50 0 0
3 137 64 2 1 100 200 0 0
3 137 64 3 1 50 100 0 0
4 137 1 0 1 100 100 0 0
4 137 1 1 1 50 50 0 0
4 137 1 2 1 200 200 0 0
4 137 1 3 1 100 100 0 0
4 137 3 0 1 50 100 0 0
4 137 3 1 1 25 50 0 0
4 137 3 2 1 100 200 0 0
4 137 3 3 1 50 100 0 0
4 137 18 0 1 100 200 0 0
4 137 18 1 1 50 100 0 0
4 137 18 2 1 200 400 0 0
4 137 18 3 1 100 200 0 0
4 137 23 0 1 100 100 0 0
4 137 23 1 1 50 50 0 0
4 137 23 2 1 200 200 0 0
4 137 23 3 1 100 100 0 0
4 137 43 0 1 50 200 0 0
4 137 43 1 1 25 100 0 0
4 137 43 2 1 100 400 0 0
4 137 43 3 1 50 200 0 0
4 137 50 0 17 50 200 0 0
4 137 50 1 17 25 100 0 0
4 137 50 2 17 100 400 0 0
4 137 50 3 17 50 200 0 0
4 137 63 0 1 50 100 0 0
4 137 63 1 1 25 50 0 0
4 137 63 2 1 100 200 0 0
4 137 63 3 1 50 100 0 0
4 137 64 0 1 50 100 0 0
4 137 64 1 1 25 50 0 0
4 137 64 2 1 100 200 0 0
4 137 64 3 1 50 100 0 0
5 137 1 0 1 100 100 0 0
5 137 1 1 1 50 50 0 0
5 137 1 2 1 200 200 0 0
5 137 1 3 1 100 100 0 0
5 137 3 0 1 50 100 0 0
5 137 3 1 1 25 50 0 0
5 137 3 2 1 100 200 0 0
5 137 3 3 1 50 100 0 0
5 137 18 0 1 100 200 0 0
5 137 18 1 1 50 100 0 0
5 137 18 2 1 200 400 0 0
5 137 18 3 1 100 200 0 0
5 137 23 0 1 100 100 0 0
5 137 23 1 1 50 50 0 0
5 137 23 2 1 200 200 0 0
5 137 23 3 1 100 100 0 0
5 137 43 0 1 50 200 0 0
5 137 43 1 1 25 100 0 0
5 137 43 2 1 100 400 0 0
5 137 43 3 1 50 200 0 0
5 137 50 0 18 50 200 0 0
5 137 50 1 18 25 100 0 0
5 137 50 2 18 100 400 0 0
5 137 50 3 18 50 200 0 0
5 137 63 0 1 50 100 0 0
5 137 63 1 1 25 50 0 0
5 137 63 2 1 100 200 0 0
5 137 63 3 1 50 100 0 0
5 137 64 0 1 50 100 0 0
5 137 64 1 1 25 50 0 0
5 137 64 2 1 100 200 0 0
5 137 64 3 1 50 100 0 0
6 137 1 0 1 100 100 0 0
6 137 1 1 1 50 50 0 0
6 137 1 2 1 200 200 0 0
6 137 1 3 1 100 100 0 0
6 137 3 0 1 50 100 0 0
6 137 3 1 1 25 50 0 0
6 137 3 2 1 100 200 0 0
6 137 3 3 1 50 100 0 0
6 137 18 0 2 100 200 0 0
6 137 18 1 2 50 100 0 0
6 137 18 2 2 200 400 0 0
6 137 18 3 2 100 200 0 0
6 137 23 0 1 100 100 0 0
6 137 23 1 1 50 50 0 0
6 137 23 2 1 200 200 0 0
6 137 23 3 1 100 100 0 0
6 137 43 0 1 50 200 0 0
6 137 43 1 1 25 100 0 0
6 137 43 2 1 100 400 0 0
6 137 43 3 1 50 200 0 0
6 137 50 0 19 50 200 0 0
6 137 50 1 19 25 100 0 0
6 137 50 2 19 100 400 0 0
6 137 50 3 19 50 200 0 0
6 137 63 0 1 50 100 0 0
6 137 63 1 1 25 50 0 0
6 137 63 2 1 100 200 0 0
6 137 63 3 1 50 100 0 0
6 137 64 0 1 50 100 0 0
6 137 64 1 1 25 50 0 0
6 137 64 2 1 100 200 0 0
6 137 64 3 1 50 100 0 0
7 137 1 0 1 100 100 0 0
7 137 1 1 1 50 50 0 0
7 137 1 2 1 200 200 0 0
7 137 1 3 1 100 100 0 0
7 137 3 0 1 50 100 0 0
7 137 3 1 1 25 50 0 0
7 137 3 2 1 100 200 0 0
7 137 3 3 1 50 100 0 0
7 137 18 0 2 100 200 0 0
7 137 18 1 2 50 100 0 0
7 137 18 2 2 200 400 0 0
7 137 18 3 2 100 200 0 0
7 137 23 0 1 100 100 0 0
7 137 23 1 1 50 50 0 0
7 137 23 2 1 200 200 0 0
7 137 23 3 1 100 100 0 0
7 137 43 0 1 50 200 0 0
7 137 43 1 1 25 100 0 0
7 137 43 2 1 100 400 0 0
7 137 43 3 1 50 200 0 0
7 137 50 0 20 50 200 0 0
7 137 50 1 20 25 100 0 0
7 137 50 2 20 100 400 0 0
7 137 50 3 20 50 200 0 0
7 137 63 0 2 50 100 0 0
7 137 63 1 2 25 50 0 0
7 137 63 2 2 100 200 0 0
7 137 63 3 2 50 100 0 0
7 137 64 0 2 50 100 0 0
7 137 64 1 2 25 50 0 0
7 137 64 2 2 100 200 0 0
7 137 64 3 2 50 100 0 0
8 137 1 0 1 100 100 0 0
8 137 1 1 1 50 50 0 0
8 137 1 2 1 200 200 0 0
8 137 1 3 1 100 100 0 0
8 137 3 0 1 50 100 0 0
8 137 3 1 1 25 50 0 0
8 137 3 2 1 100 200 0 0
8 137 3 3 1 50 100 0 0
8 137 18 0 3 100 200 0 0
8 137 18 1 3 50 100 0 0
8 137 18 2 3 200 400 0 0
8 137 18 3 3 100 200 0 0
8 137 23 0 1 100 100 0 0
8 137 23 1 1 50 50 0 0
8 137 23 2 1 200 200 0 0
8 137 23 3 1 100 100 0 0
8 137 43 0 2 50 200 0 0
8 137 43 1 2 25 100 0 0
8 137 43 2 2 100 400 0 0
8 137 43 3 2 50 200 0 0
8 137 50 0 21 50 200 0 0
8 137 50 1 21 25 100 0 0
8 137 50 2 21 100 400 0 0
8 137 50 3 21 50 200 0 0
8 137 63 0 2 50 100 0 0
8 137 63 1 2 25 50 0 0
8 137 63 2 2 100 200 0 0
8 137 63 3 2 50 100 0 0
8 137 64 0 2 50 100 0 0
8 137 64 1 2 25 50 0 0
8 137 64 2 2 100 200 0 0
8 137 64 3 2 50 100 0 0
9 137 1 0 1 100 100 0 0
9 137 1 1 1 50 50 0 0
9 137 1 2 1 200 200 0 0
9 137 1 3 1 100 100 0 0
9 137 3 0 1 50 100 0 0
9 137 3 1 1 25 50 0 0
9 137 3 2 1 100 200 0 0
9 137 3 3 1 50 100 0 0
9 137 18 0 3 100 200 0 0
9 137 18 1 3 50 100 0 0
9 137 18 2 3 200 400 0 0
9 137 18 3 3 100 200 0 0
9 137 23 0 1 100 100 0 0
9 137 23 1 1 50 50 0 0
9 137 23 2 1 200 200 0 0
9 137 23 3 1 100 100 0 0
9 137 43 0 2 50 200 0 0
9 137 43 1 2 25 100 0 0
9 137 43 2 2 100 400 0 0
9 137 43 3 2 50 200 0 0
9 137 50 0 22 50 200 0 0
9 137 50 1 22 25 100 0 0
9 137 50 2 22 100 400 0 0
9 137 50 3 22 50 200 0 0
9 137 63 0 2 50 100 0 0
9 137 63 1 2 25 50 0 0
9 137 63 2 2 100 200 0 0
9 137 63 3 2 50 100 0 0
9 137 64 0 2 50 100 0 0
9 137 64 1 2 25 50 0 0
9 137 64 2 2 100 200 0 0
9 137 64 3 2 50 100 0 0
10 137 1 0 1 100 100 0 0
10 137 1 1 1 50 50 0 0
10 137 1 2 1 200 200 0 0
10 137 1 3 1 100 100 0 0
10 137 3 0 1 50 100 0 0
10 137 3 1 1 25 50 0 0
10 137 3 2 1 100 200 0 0
10 137 3 3 1 50 100 0 0
10 137 18 0 3 100 200 0 0
10 137 18 1 3 50 100 0 0
10 137 18 2 3 200 400 0 0
10 137 18 3 3 100 200 0 0
10 137 23 0 1 100 100 0 0
10 137 23 1 1 50 50 0 0
10 137 23 2 1 200 200 0 0
10 137 23 3 1 100 100 0 0
10 137 43 0 2 50 200 0 0
10 137 43 1 2 25 100 0 0
10 137 43 2 2 100 400 0 0
10 137 43 3 2 50 200 0 0
10 137 50 0 23 50 200 0 0
10 137 50 1 23 25 100 0 0
10 137 50 2 23 100 400 0 0
10 137 50 3 23 50 200 0 0
10 137 63 0 2 50 100 0 0
10 137 63 1 2 25 50 0 0
10 137 63 2 2 100 200 0 0
10 137 63 3 2 50 100 0 0
10 137 64 0 2 50 100 0 0
10 137 64 1 2 25 50 0 0
10 137 64 2 2 100 200 0 0
10 137 64 3 2 50 100 0 0
11 137 1 0 1 100 100 0 0
11 137 1 1 1 50 50 0 0
11 137 1 2 1 200 200 0 0
11 137 1 3 1 100 100 0 0
11 137 3 0 1 50 100 0 0
11 137 3 1 1 25 50 0 0
11 137 3 2 1 100 200 0 0
11 137 3 3 1 50 100 0 0
11 137 18 0 4 100 200 0 0
11 137 18 1 4 50 100 0 0
11 137 18 2 4 200 400 0 0
11 137 18 3 4 100 200 0 0
11 137 23 0 1 100 100 0 0
11 137 23 1 1 50 50 0 0
11 137 23 2 1 200 200 0 0
11 137 23 3 1 100 100 0 0
11 137 43 0 2 50 200 0 0
11 137 43 1 2 25 100 0 0
11 137 43 2 2 100 400 0 0
11 137 43 3 2 50 200 0 0
11 137 50 0 24 50 200 0 0
11 137 50 1 24 25 100 0 0
11 137 50 2 24 100 400 0 0
11 137 50 3 24 50 200 0 0
11 137 63 0 3 50 100 0 0
11 137 63 1 3 25 50 0 0
11 137 63 2 3 100 200 0 0
11 137 63 3 3 50 100 0 0
11 137 64 0 3 50 100 0 0
11 137 64 1 3 25 50 0 0
11 137 64 2 3 100 200 0 0
11 137 64 3 3 50 100 0 0
12 137 1 0 1 100 100 0 0
12 137 1 1 1 50 50 0 0
12 137 1 2 1 200 200 0 0
12 137 1 3 1 100 100 0 0
12 137 3 0 1 50 100 0 0
12 137 3 1 1 25 50 0 0
12 137 3 2 1 100 200 0 0
12 137 3 3 1 50 100 0 0
12 137 18 0 4 100 200 0 0
12 137 18 1 4 50 100 0 0
12 137 18 2 4 200 400 0 0
12 137 18 3 4 100 200 0 0
12 137 23 0 1 100 100 0 0
12 137 23 1 1 50 50 0 0
12 137 23 2 1 200 200 0 0
12 137 23 3 1 100 100 0 0
12 137 43 0 3 50 200 0 0
12 137 43 1 3 25 100 0 0
12 137 43 2 3 100 400 0 0
12 137 43 3 3 50 200 0 0
12 137 50 0 25 50 200 0 0
12 137 50 1 25 25 100 0 0
12 137 50 2 25 100 400 0 0
12 137 50 3 25 50 200 0 0
12 137 63 0 3 50 100 0 0
12 137 63 1 3 25 50 0 0
12 137 63 2 3 100 200 0 0
12 137 63 3 3 50 100 0 0
12 137 64 0 3 50 100 0 0
12 137 64 1 3 25 50 0 0
12 137 64 2 3 100 200 0 0
12 137 64 3 3 50 100 0 0
13 137 1 0 1 100 100 0 0
13 137 1 1 1 50 50 0 0
13 137 1 2 1 200 200 0 0
13 137 1 3 1 100 100 0 0
13 137 3 0 1 50 100 0 0
13 137 3 1 1 25 50 0 0
13 137 3 2 1 100 200 0 0
13 137 3 3 1 50 100 0 0
13 137 18 0 5 100 200 0 0
13 137 18 1 5 50 100 0 0
13 137 18 2 5 200 400 0 0
13 137 18 3 5 100 200 0 0
13 137 23 0 1 100 100 0 0
13 137 23 1 1 50 50 0 0
13 137 23 2 1 200 200 0 0
13 137 23 3 1 100 100 0 0
13 137 43 0 3 50 200 0 0
13 137 43 1 3 25 100 0 0
13 137 43 2 3 100 400 0 0
13 137 43 3 3 50 200 0 0
13 137 50 0 26 50 200 0 0
13 137 50 1 26 25 100 0 0
13 137 50 2 26 100 400 0 0
13 137 50 3 26 50 200 0 0
13 137 63 0 3 50 100 0 0
13 137 63 1 3 25 50 0 0
13 137 63 2 3 100 200 0 0
13 137 63 3 3 50 100 0 0
13 137 64 0 3 50 100 0 0
13 137 64 1 3 25 50 0 0
13 137 64 2 3 100 200 0 0
13 137 64 3 3 50 100 0 0
14 137 1 0 1 100 100 0 0
14 137 1 1 1 50 50 0 0
14 137 1 2 1 200 200 0 0
14 137 1 3 1 100 100 0 0
14 137 3 0 1 50 100 0 0
14 137 3 1 1 25 50 0 0
14 137 3 2 1 100 200 0 0
14 137 3 3 1 50 100 0 0
14 137 18 0 5 100 200 0 0
14 137 18 1 5 50 100 0 0
14 137 18 2 5 200 400 0 0
14 137 18 3 5 100 200 0 0
14 137 23 0 1 100 100 0 0
14 137 23 1 1 50 50 0 0
14 137 23 2 1 200 200 0 0
14 137 23 3 1 100 100 0 0
14 137 43 0 3 50 200 0 0
14 137 43 1 3 25 100 0 0
14 137 43 2 3 100 400 0 0
14 137 43 3 3 50 200 0 0
14 137 50 0 27 50 200 0 0
14 137 50 1 27 25 100 0 0
14 137 50 2 27 100 400 0 0
14 137 50 3 27 50 200 0 0
14 137 63 0 4 50 100 0 0
14 137 63 1 4 25 50 0 0
14 137 63 2 4 100 200 0 0
14 137 63 3 4 50 100 0 0
14 137 64 0 4 50 100 0 0
14 137 64 1 4 25 50 0 0
14 137 64 2 4 100 200 0 0
14 137 64 3 4 50 100 0 0
15 137 1 0 1 100 100 0 0
15 137 1 1 1 50 50 0 0
15 137 1 2 1 200 200 0 0
15 137 1 3 1 100 100 0 0
15 137 3 0 1 50 100 0 0
15 137 3 1 1 25 50 0 0
15 137 3 2 1 100 200 0 0
15 137 3 3 1 50 100 0 0
15 137 18 0 5 100 200 0 0
15 137 18 1 5 50 100 0 0
15 137 18 2 5 200 400 0 0
15 137 18 3 5 100 200 0 0
15 137 23 0 1 100 100 0 0
15 137 23 1 1 50 50 0 0
15 137 23 2 1 200 200 0 0
15 137 23 3 1 100 100 0 0
15 137 43 0 3 50 200 0 0
15 137 43 1 3 25 100 0 0
15 137 43 2 3 100 400 0 0
15 137 43 3 3 50 200 0 0
15 137 50 0 28 50 200 0 0
15 137 50 1 28 25 100 0 0
15 137 50 2 28 100 400 0 0
15 137 50 3 28 50 200 0 0
15 137 63 0 4 50 100 0 0
15 137 63 1 4 25 50 0 0
15 137 63 2 4 100 200 0 0
15 137 63 3 4 50 100 0 0
15 137 64 0 4 50 100 0 0
15 137 64 1 4 25 50 0 0
15 137 64 2 4 100 200 0 0
15 137 64 3 4 50 100 0 0
16 137 1 0 1 100 100 0 0
16 137 1 1 1 50 50 0 0
16 137 1 2 1 200 200 0 0
16 137 1 3 1 100 100 0 0
16 137 3 0 1 50 100 0 0
16 137 3 1 1 25 50 0 0
16 137 3 2 1 100 200 0 0
16 137 3 3 1 50 100 0 0
16 137 18 0 6 100 200 0 0
16 137 18 1 6 50 100 0 0
16 137 18 2 6 200 400 0 0
16 137 18 3 6 100 200 0 0
16 137 23 0 1 100 100 0 0
16 137 23 1 1 50 50 0 0
16 137 23 2 1 200 200 0 0
16 137 23 3 1 100 100 0 0
16 137 43 0 4 50 200 0 0
16 137 43 1 4 25 100 0 0
16 137 43 2 4 100 400 0 0
16 137 43 3 4 50 200 0 0
16 137 50 0 29 50 200 0 0
16 137 50 1 29 25 100 0 0
16 137 50 2 29 100 400 0 0
16 137 50 3 29 50 200 0 0
16 137 63 0 4 50 100 0 0
16 137 63 1 4 25 50 0 0
16 137 63 2 4 100 200 0 0
16 137 63 3 4 50 100 0 0
16 137 64 0 4 50 100 0 0
16 137 64 1 4 25 50 0 0
16 137 64 2 4 100 200 0 0
16 137 64 3 4 50 100 0 0
17 137 1 0 1 100 100 0 0
17 137 1 1 1 50 50 0 0
17 137 1 2 1 200 200 0 0
17 137 1 3 1 100 100 0 0
17 137 3 0 1 50 100 0 0
17 137 3 1 1 25 50 0 0
17 137 3 2 1 100 200 0 0
17 137 3 3 1 50 100 0 0
17 137 18 0 6 100 200 0 0
17 137 18 1 6 50 100 0 0
17 137 18 2 6 200 400 0 0
17 137 18 3 6 100 200 0 0
17 137 23 0 1 100 100 0 0
17 137 23 1 1 50 50 0 0
17 137 23 2 1 200 200 0 0
17 137 23 3 1 100 100 0 0
17 137 43 0 4 50 200 0 0
17 137 43 1 4 25 100 0 0
17 137 43 2 4 100 400 0 0
17 137 43 3 4 50 200 0 0
17 137 50 0 30 50 200 0 0
17 137 50 1 30 25 100 0 0
17 137 50 2 30 100 400 0 0
17 137 50 3 30 50 200 0 0
17 137 63 0 4 50 100 0 0
17 137 63 1 4 25 50 0 0
17 137 63 2 4 100 200 0 0
17 137 63 3 4 50 100 0 0
17 137 64 0 4 50 100 0 0
17 137 64 1 4 25 50 0 0
17 137 64 2 4 100 200 0 0
17 137 64 3 4 50 100 0 0
18 137 1 0 1 100 100 0 0
18 137 1 1 1 50 50 0 0
18 137 1 2 1 200 200 0 0
18 137 1 3 1 100 100 0 0
18 137 3 0 1 50 100 0 0
18 137 3 1 1 25 50 0 0
18 137 3 2 1 100 200 0 0
18 137 3 3 1 50 100 0 0
18 137 18 0 7 100 200 0 0
18 137 18 1 7 50 100 0 0
18 137 18 2 7 200 400 0 0
18 137 18 3 7 100 200 0 0
18 137 23 0 1 100 100 0 0
18 137 23 1 1 50 50 0 0
18 137 23 2 1 200 200 0 0
18 137 23 3 1 100 100 0 0
18 137 43 0 4 50 200 0 0
18 137 43 1 4 25 100 0 0
18 137 43 2 4 100 400 0 0
18 137 43 3 4 50 200 0 0
18 137 50 0 31 50 200 0 0
18 137 50 1 31 25 100 0 0
18 137 50 2 31 100 400 0 0
18 137 50 3 31 50 200 0 0
18 137 63 0 5 50 100 0 0
18 137 63 1 5 25 50 0 0
18 137 63 2 5 100 200 0 0
18 137 63 3 5 50 100 0 0
18 137 64 0 5 50 100 0 0
18 137 64 1 5 25 50 0 0
18 137 64 2 5 100 200 0 0
18 137 64 3 5 50 100 0 0
19 137 1 0 1 100 100 0 0
19 137 1 1 1 50 50 0 0
19 137 1 2 1 200 200 0 0
19 137 1 3 1 100 100 0 0
19 137 3 0 1 50 100 0 0
19 137 3 1 1 25 50 0 0
19 137 3 2 1 100 200 0 0
19 137 3 3 1 50 100 0 0
19 137 18 0 7 100 200 0 0
19 137 18 1 7 50 100 0 0
19 137 18 2 7 200 400 0 0
19 137 18 3 7 100 200 0 0
19 137 23 0 1 100 100 0 0
19 137 23 1 1 50 50 0 0
19 137 23 2 1 200 200 0 0
19 137 23 3 1 100 100 0 0
19 137 43 0 4 50 200 0 0
19 137 43 1 4 25 100 0 0
19 137 43 2 4 100 400 0 0
19 137 43 3 4 50 200 0 0
19 137 50 0 32 50 200 0 0
19 137 50 1 32 25 100 0 0
19 137 50 2 32 100 400 0 0
19 137 50 3 32 50 200 0 0
19 137 63 0 5 50 100 0 0
19 137 63 1 5 25 50 0 0
19 137 63 2 5 100 200 0 0
19 137 63 3 5 50 100 0 0
19 137 64 0 5 50 100 0 0
19 137 64 1 5 25 50 0 0
19 137 64 2 5 100 200 0 0
19 137 64 3 5 50 100 0 0
20 137 1 0 1 100 100 0 0
20 137 1 1 1 50 50 0 0
20 137 1 2 1 200 200 0 0
20 137 1 3 1 100 100 0 0
20 137 3 0 1 50 100 0 0
20 137 3 1 1 25 50 0 0
20 137 3 2 1 100 200 0 0
20 137 3 3 1 50 100 0 0
20 137 18 0 7 100 200 0 0
20 137 18 1 7 50 100 0 0
20 137 18 2 7 200 400 0 0
20 137 18 3 7 100 200 0 0
20 137 23 0 1 100 100 0 0
20 137 23 1 1 50 50 0 0
20 137 23 2 1 200 200 0 0
20 137 23 3 1 100 100 0 0
20 137 43 0 5 50 200 0 0
20 137 43 1 5 25 100 0 0
20 137 43 2 5 100 400 0 0
20 137 43 3 5 50 200 0 0
20 137 50 0 33 50 200 0 0
20 137 50 1 33 25 100 0 0
20 137 50 2 33 100 400 0 0
20 137 50 3 33 50 200 0 0
20 137 63 0 5 50 100 0 0
20 137 63 1 5 25 50 0 0
20 137 63 2 5 100 200 0 0
20 137 63 3 5 50 100 0 0
20 137 64 0 5 50 100 0 0
20 137 64 1 5 25 50 0 0
20 137 64 2 5 100 200 0 0
20 137 64 3 5 50 100 0 0
21 137 1 0 1 100 100 0 0
21 137 1 1 1 50 50 0 0
21 137 1 2 1 200 200 0 0
21 137 1 3 1 100 100 0 0
21 137 3 0 1 50 100 0 0
21 137 3 1 1 25 50 0 0
21 137 3 2 1 100 200 0 0
21 137 3 3 1 50 100 0 0
21 137 18 0 8 100 200 0 0
21 137 18 1 8 50 100 0 0
21 137 18 2 8 200 400 0 0
21 137 18 3 8 100 200 0 0
21 137 23 0 1 100 100 0 0
21 137 23 1 1 50 50 0 0
21 137 23 2 1 200 200 0 0
21 137 23 3 1 100 100 0 0
21 137 43 0 5 50 200 0 0
21 137 43 1 5 25 100 0 0
21 137 43 2 5 100 400 0 0
21 137 43 3 5 50 200 0 0
21 137 50 0 34 50 200 0 0
21 137 50 1 34 25 100 0 0
21 137 50 2 34 100 400 0 0
21 137 50 3 34 50 200 0 0
21 137 63 0 6 50 100 0 0
21 137 63 1 6 25 50 0 0
21 137 63 2 6 100 200 0 0
21 137 63 3 6 50 100 0 0
21 137 64 0 6 50 100 0 0
21 137 64 1 6 25 50 0 0
21 137 64 2 6 100 200 0 0
21 137 64 3 6 50 100 0 0
22 137 1 0 1 100 100 0 0
22 137 1 1 1 50 50 0 0
22 137 1 2 1 200 200 0 0
22 137 1 3 1 100 100 0 0
22 137 3 0 1 50 100 0 0
22 137 3 1 1 25 50 0 0
22 137 3 2 1 100 200 0 0
22 137 3 3 1 50 100 0 0
22 137 18 0 8 100 200 0 0
22 137 18 1 8 50 100 0 0
22 137 18 2 8 200 400 0 0
22 137 18 3 8 100 200 0 0
22 137 23 0 1 100 100 0 0
22 137 23 1 1 50 50 0 0
22 137 23 2 1 200 200 0 0
22 137 23 3 1 100 100 0 0
22 137 43 0 5 50 200 0 0
22 137 43 1 5 25 100 0 0
22 137 43 2 5 100 400 0 0
22 137 43 3 5 50 200 0 0
22 137 50 0 35 50 200 0 0
22 137 50 1 35 25 100 0 0
22 137 50 2 35 100 400 0 0
22 137 50 3 35 50 200 0 0
22 137 63 0 6 50 100 0 0
22 137 63 1 6 25 50 0 0
22 137 63 2 6 100 200 0 0
22 137 63 3 6 50 100 0 0
22 137 64 0 6 50 100 0 0
22 137 64 1 6 25 50 0 0
22 137 64 2 6 100 200 0 0
22 137 64 3 6 50 100 0 0
23 137 1 0 1 100 100 0 0
23 137 1 1 1 50 50 0 0
23 137 1 2 1 200 200 0 0
23 137 1 3 1 100 100 0 0
23 137 3 0 1 50 100 0 0
23 137 3 1 1 25 50 0 0
23 137 3 2 1 100 200 0 0
23 137 3 3 1 50 100 0 0
23 137 18 0 9 100 200 0 0
23 137 18 1 9 50 100 0 0
23 137 18 2 9 200 400 0 0
23 137 18 3 9 100 200 0 0
23 137 23 0 1 100 100 0 0
23 137 23 1 1 50 50 0 0
23 137 23 2 1 200 200 0 0
23 137 23 3 1 100 100 0 0
23 137 43 0 5 50 200 0 0
23 137 43 1 5 25 100 0 0
23 137 43 2 5 100 400 0 0
23 137 43 3 5 50 200 0 0
23 137 50 0 36 50 200 0 0
23 137 50 1 36 25 100 0 0
23 137 50 2 36 100 400 0 0
23 137 50 3 36 50 200 0 0
23 137 63 0 6 50 100 0 0
23 137 63 1 6 25 50 0 0
23 137 63 2 6 100 200 0 0
23 137 63 3 6 50 100 0 0
23 137 64 0 6 50 100 0 0
23 137 64 1 6 25 50 0 0
23 137 64 2 6 100 200 0 0
23 137 64 3 6 50 100 0 0
24 137 1 0 1 100 100 0 0
24 137 1 1 1 50 50 0 0
24 137 1 2 1 200 200 0 0
24 137 1 3 1 100 100 0 0
24 137 3 0 1 50 100 0 0
24 137 3 1 1 25 50 0 0
24 137 3 2 1 100 200 0 0
24 137 3 3 1 50 100 0 0
24 137 18 0 9 100 200 0 0
24 137 18 1 9 50 100 0 0
24 137 18 2 9 200 400 0 0
24 137 18 3 9 100 200 0 0
24 137 23 0 1 100 100 0 0
24 137 23 1 1 50 50 0 0
24 137 23 2 1 200 200 0 0
24 137 23 3 1 100 100 0 0
24 137 43 0 6 50 200 0 0
24 137 43 1 6 25 100 0 0
24 137 43 2 6 100 400 0 0
24 137 43 3 6 50 200 0 0
24 137 50 0 37 50 200 0 0
24 137 50 1 37 25 100 0 0
24 137 50 2 37 100 400 0 0
24 137 50 3 37 50 200 0 0
24 137 63 0 7 50 100 0 0
24 137 63 1 7 25 50 0 0
24 137 63 2 7 100 200 0 0
24 137 63 3 7 50 100 0 0
24 137 64 0 7 50 100 0 0
24 137 64 1 7 25 50 0 0
24 137 64 2 7 100 200 0 0
24 137 64 3 7 50 100 0 0
25 137 1 0 1 100 100 0 0
25 137 1 1 1 50 50 0 0
25 137 1 2 1 200 200 0 0
25 137 1 3 1 100 100 0 0
25 137 3 0 1 50 100 0 0
25 137 3 1 1 25 50 0 0
25 137 3 2 1 100 200 0 0
25 137 3 3 1 50 100 0 0
25 137 18 0 10 100 200 0 0
25 137 18 1 10 50 100 0 0
25 137 18 2 10 200 400 0 0
25 137 18 3 10 100 200 0 0
25 137 23 0 1 100 100 0 0
25 137 23 1 1 50 50 0 0
25 137 23 2 1 200 200 0 0
25 137 23 3 1 100 100 0 0
25 137 43 0 6 50 200 0 0
25 137 43 1 6 25 100 0 0
25 137 43 2 6 100 400 0 0
25 137 43 3 6 50 200 0 0
25 137 50 0 38 50 200 0 0
25 137 50 1 38 25 100 0 0
25 137 50 2 38 100 400 0 0
25 137 50 3 38 50 200 0 0
25 137 63 0 7 50 100 0 0
25 137 63 1 7 25 50 0 0
25 137 63 2 7 100 200 0 0
25 137 63 3 7 50 100 0 0
25 137 64 0 7 50 100 0 0
25 137 64 1 7 25 50 0 0
25 137 64 2 7 100 200 0 0
25 137 64 3 7 50 100 0 0
26 137 1 0 1 100 100 0 0
26 137 1 1 1 50 50 0 0
26 137 1 2 1 200 200 0 0
26 137 1 3 1 100 100 0 0
26 137 3 0 1 50 100 0 0
26 137 3 1 1 25 50 0 0
26 137 3 2 1 100 200 0 0
26 137 3 3 1 50 100 0 0
26 137 18 0 10 100 200 0 0
26 137 18 1 10 50 100 0 0
26 137 18 2 10 200 400 0 0
26 137 18 3 10 100 200 0 0
26 137 23 0 1 100 100 0 0
26 137 23 1 1 50 50 0 0
26 137 23 2 1 200 200 0 0
26 137 23 3 1 100 100 0 0
26 137 43 0 6 50 200 0 0
26 137 43 1 6 25 100 0 0
26 137 43 2 6 100 400 0 0
26 137 43 3 6 50 200 0 0
26 137 50 0 39 50 200 0 0
26 137 50 1 39 25 100 0 0
26 137 50 2 39 100 400 0 0
26 137 50 3 39 50 200 0 0
26 137 63 0 7 50 100 0 0
26 137 63 1 7 25 50 0 0
26 137 63 2 7 100 200 0 0
26 137 63 3 7 50 100 0 0
26 137 64 0 7 50 100 0 0
26 137 64 1 7 25 50 0 0
26 137 64 2 7 100 200 0 0
26 137 64 3 7 50 100 0 0
27 137 1 0 1 100 100 0 0
27 137 1 1 1 50 50 0 0
27 137 1 2 1 200 200 0 0
27 137 1 3 1 100 100 0 0
27 137 3 0 1 50 100 0 0
27 137 3 1 1 25 50 0 0
27 137 3 2 1 100 200 0 0
27 137 3 3 1 50 100 0 0
27 137 18 0 10 100 200 0 0
27 137 18 1 10 50 100 0 0
27 137 18 2 10 200 400 0 0
27 137 18 3 10 100 200 0 0
27 137 23 0 1 100 100 0 0
27 137 23 1 1 50 50 0 0
27 137 23 2 1 200 200 0 0
27 137 23 3 1 100 100 0 0
27 137 43 0 6 50 200 0 0
27 137 43 1 6 25 100 0 0
27 137 43 2 6 100 400 0 0
27 137 43 3 6 50 200 0 0
27 137 50 0 40 50 200 0 0
27 137 50 1 40 25 100 0 0
27 137 50 2 40 100 400 0 0
27 137 50 3 40 50 200 0 0
27 137 63 0 7 50 100 0 0
27 137 63 1 7 25 50 0 0
27 137 63 2 7 100 200 0 0
27 137 63 3 7 50 100 0 0
27 137 64 0 7 50 100 0 0
27 137 64 1 7 25 50 0 0
27 137 64 2 7 100 200 0 0
27 137 64 3 7 50 100 0 0
28 137 1 0 1 100 100 0 0
28 137 1 1 1 50 50 0 0
28 137 1 2 1 200 200 0 0
28 137 1 3 1 100 100 0 0
28 137 3 0 1 50 100 0 0
28 137 3 1 1 25 50 0 0
28 137 3 2 1 100 200 0 0
28 137 3 3 1 50 100 0 0
28 137 18 0 11 100 200 0 0
28 137 18 1 11 50 100 0 0
28 137 18 2 11 200 400 0 0
28 137 18 3 11 100 200 0 0
28 137 23 0 2 100 100 0 0
28 137 23 1 2 50 50 0 0
28 137 23 2 2 200 200 0 0
28 137 23 3 2 100 100 0 0
28 137 43 0 7 50 200 0 0
28 137 43 1 7 25 100 0 0
28 137 43 2 7 100 400 0 0
28 137 43 3 7 50 200 0 0
28 137 50 0 41 50 200 0 0
28 137 50 1 41 25 100 0 0
28 137 50 2 41 100 400 0 0
28 137 50 3 41 50 200 0 0
28 137 63 0 8 50 100 0 0
28 137 63 1 8 25 50 0 0
28 137 63 2 8 100 200 0 0
28 137 63 3 8 50 100 0 0
28 137 64 0 8 50 100 0 0
28 137 64 1 8 25 50 0 0
28 137 64 2 8 100 200 0 0
28 137 64 3 8 50 100 0 0
29 137 1 0 1 100 100 0 0
29 137 1 1 1 50 50 0 0
29 137 1 2 1 200 200 0 0
29 137 1 3 1 100 100 0 0
29 137 3 0 1 50 100 0 0
29 137 3 1 1 25 50 0 0
29 137 3 2 1 100 200 0 0
29 137 3 3 1 50 100 0 0
29 137 18 0 11 100 200 0 0
29 137 18 1 11 50 100 0 0
29 137 18 2 11 200 400 0 0
29 137 18 3 11 100 200 0 0
29 137 23 0 2 100 100 0 0
29 137 23 1 2 50 50 0 0
29 137 23 2 2 200 200 0 0
29 137 23 3 2 100 100 0 0
29 137 43 0 7 50 200 0 0
29 137 43 1 7 25 100 0 0
29 137 43 2 7 100 400 0 0
29 137 43 3 7 50 200 0 0
29 137 50 0 42 50 200 0 0
29 137 50 1 42 25 100 0 0
29 137 50 2 42 100 400 0 0
29 137 50 3 42 50 200 0 0
29 137 63 0 8 50 100 0 0
29 137 63 1 8 25 50 0 0
29 137 63 2 8 100 200 0 0
29 137 63 3 8 50 100 0 0
29 137 64 0 8 50 100 0 0
29 137 64 1 8 25 50 0 0
29 137 64 2 8 100 200 0 0
29 137 64 3 8 50 100 0 0
30 137 1 0 1 100 100 0 0
30 137 1 1 1 50 50 0 0
30 137 1 2 1 200 200 0 0
30 137 1 3 1 100 100 0 0
30 137 3 0 1 50 100 0 0
30 137 3 1 1 25 50 0 0
30 137 3 2 1 100 200 0 0
30 137 3 3 1 50 100 0 0
30 137 18 0 11 100 200 0 0
30 137 18 1 11 50 100 0 0
30 137 18 2 11 200 400 0 0
30 137 18 3 11 100 200 0 0
30 137 23 0 2 100 100 0 0
30 137 23 1 2 50 50 0 0
30 137 23 2 2 200 200 0 0
30 137 23 3 2 100 100 0 0
30 137 43 0 7 50 200 0 0
30 137 43 1 7 25 100 0 0
30 137 43 2 7 100 400 0 0
30 137 43 3 7 50 200 0 0
30 137 50 0 43 50 200 0 0
30 137 50 1 43 25 100 0 0
30 137 50 2 43 100 400 0 0
30 137 50 3 43 50 200 0 0
30 137 63 0 8 50 100 0 0
30 137 63 1 8 25 50 0 0
30 137 63 2 8 100 200 0 0
30 137 63 3 8 50 100 0 0
30 137 64 0 8 50 100 0 0
30 137 64 1 8 25 50 0 0
30 137 64 2 8 100 200 0 0
30 137 64 3 8 50 100 0 0
31 137 1 0 1 100 100 0 0
31 137 1 1 1 50 50 0 0
31 137 1 2 1 200 200 0 0
31 137 1 3 1 100 100 0 0
31 137 3 0 1 50 100 0 0
31 137 3 1 1 25 50 0 0
31 137 3 2 1 100 200 0 0
31 137 3 3 1 50 100 0 0
31 137 18 0 12 100 200 0 0
31 137 18 1 12 50 100 0 0
31 137 18 2 12 200 400 0 0
31 137 18 3 12 100 200 0 0
31 137 23 0 2 100 100 0 0
31 137 23 1 2 50 50 0 0
31 137 23 2 2 200 200 0 0
31 137 23 3 2 100 100 0 0
31 137 43 0 7 50 200 0 0
31 137 43 1 7 25 100 0 0
31 137 43 2 7 100 400 0 0
31 137 43 3 7 50 200 0 0
31 137 50 0 44 50 200 0 0
31 137 50 1 44 25 100 0 0
31 137 50 2 44 100 400 0 0
31 137 50 3 44 50 200 0 0
31 137 63 0 9 50 100 0 0
31 137 63 1 9 25 50 0 0
31 137 63 2 9 100 200 0 0
31 137 63 3 9 50 100 0 0
31 137 64 0 9 50 100 0 0
31 137 64 1 9 25 50 0 0
31 137 64 2 9 100 200 0 0
31 137 64 3 9 50 100 0 0
32 137 1 0 1 100 100 0 0
32 137 1 1 1 50 50 0 0
32 137 1 2 1 200 200 0 0
32 137 1 3 1 100 100 0 0
32 137 3 0 1 50 100 0 0
32 137 3 1 1 25 50 0 0
32 137 3 2 1 100 200 0 0
32 137 3 3 1 50 100 0 0
32 137 18 0 12 100 200 0 0
32 137 18 1 12 50 100 0 0
32 137 18 2 12 200 400 0 0
32 137 18 3 12 100 200 0 0
32 137 23 0 2 100 100 0 0
32 137 23 1 2 50 50 0 0
32 137 23 2 2 200 200 0 0
32 137 23 3 2 100 100 0 0
32 137 43 0 8 50 200 0 0
32 137 43 1 8 25 100 0 0
32 137 43 2 8 100 400 0 0
32 137 43 3 8 50 200 0 0
32 137 50 0 45 50 200 0 0
32 137 50 1 45 25 100 0 0
32 137 50 2 45 100 400 0 0
32 137 50 3 45 50 200 0 0
32 137 63 0 9 50 100 0 0
32 137 63 1 9 25 50 0 0
32 137 63 2 9 100 200 0 0
32 137 63 3 9 50 100 0 0
32 137 64 0 9 50 100 0 0
32 137 64 1 9 25 50 0 0
32 137 64 2 9 100 200 0 0
32 137 64 3 9 50 100 0 0
33 137 1 0 1 100 100 0 0
33 137 1 1 1 50 50 0 0
33 137 1 2 1 200 200 0 0
33 137 1 3 1 100 100 0 0
33 137 3 0 1 50 100 0 0
33 137 3 1 1 25 50 0 0
33 137 3 2 1 100 200 0 0
33 137 3 3 1 50 100 0 0
33 137 18 0 13 100 200 0 0
33 137 18 1 13 50 100 0 0
33 137 18 2 13 200 400 0 0
33 137 18 3 13 100 200 0 0
33 137 23 0 2 100 100 0 0
33 137 23 1 2 50 50 0 0
33 137 23 2 2 200 200 0 0
33 137 23 3 2 100 100 0 0
33 137 43 0 8 50 200 0 0
33 137 43 1 8 25 100 0 0
33 137 43 2 8 100 400 0 0
33 137 43 3 8 50 200 0 0
33 137 50 0 46 50 200 0 0
33 137 50 1 46 25 100 0 0
33 137 50 2 46 100 400 0 0
33 137 50 3 46 50 200 0 0
33 137 63 0 9 50 100 0 0
33 137 63 1 9 25 50 0 0
33 137 63 2 9 100 200 0 0
33 137 63 3 9 50 100 0 0
33 137 64 0 9 50 100 0 0
33 137 64 1 9 25 50 0 0
33 137 64 2 9 100 200 0 0
33 137 64 3 9 50 100 0 0
34 137 1 0 1 100 100 0 0
34 137 1 1 1 50 50 0 0
34 137 1 2 1 200 200 0 0
34 137 1 3 1 100 100 0 0
34 137 3 0 1 50 100 0 0
34 137 3 1 1 25 50 0 0
34 137 3 2 1 100 200 0 0
34 137 3 3 1 50 100 0 0
34 137 18 0 13 100 200 0 0
34 137 18 1 13 50 100 0 0
34 137 18 2 13 200 400 0 0
34 137 18 3 13 100 200 0 0
34 137 23 0 2 100 100 0 0
34 137 23 1 2 50 50 0 0
34 137 23 2 2 200 200 0 0
34 137 23 3 2 100 100 0 0
34 137 43 0 8 50 200 0 0
34 137 43 1 8 25 100 0 0
34 137 43 2 8 100 400 0 0
34 137 43 3 8 50 200 0 0
34 137 50 0 47 50 200 0 0
34 137 50 1 47 25 100 0 0
34 137 50 2 47 100 400 0 0
34 137 50 3 47 50 200 0 0
34 137 63 0 9 50 100 0 0
34 137 63 1 9 25 50 0 0
34 137 63 2 9 100 200 0 0
34 137 63 3 9 50 100 0 0
34 137 64 0 9 50 100 0 0
34 137 64 1 9 25 50 0 0
34 137 64 2 9 100 200 0 0
34 137 64 3 9 50 100 0 0
35 137 1 0 1 100 100 0 0
35 137 1 1 1 50 50 0 0
35 137 1 2 1 200 200 0 0
35 137 1 3 1 100 100 0 0
35 137 3 0 2 50 100 0 0
35 137 3 1 2 25 50 0 0
35 137 3 2 2 100 200 0 0
35 137 3 3 2 50 100 0 0
35 137 18 0 14 100 200 0 0
35 137 18 1 14 50 100 0 0
35 137 18 2 14 200 400 0 0
35 137 18 3 14 100 200 0 0
35 137 23 0 2 100 100 0 0
35 137 23 1 2 50 50 0 0
35 137 23 2 2 200 200 0 0
35 137 23 3 2 100 100 0 0
35 137 43 0 8 50 200 0 0
35 137 43 1 8 25 100 0 0
35 137 43 2 8 100 400 0 0
35 137 43 3 8 50 200 0 0
35 137 50 0 48 50 200 0 0
35 137 50 1 48 25 100 0 0
35 137 50 2 48 100 400 0 0
35 137 50 3 48 50 200 0 0
35 137 63 0 10 50 100 0 0
35 137 63 1 10 25 50 0 0
35 137 63 2 10 100 200 0 0
35 137 63 3 10 50 100 0 0
35 137 64 0 10 50 100 0 0
35 137 64 1 10 25 50 0 0
35 137 64 2 10 100 200 0 0
35 137 64 3 10 50 100 0 0
36 137 1 0 1 100 100 0 0
36 137 1 1 1 50 50 0 0
36 137 1 2 1 200 200 0 0
36 137 1 3 1 100 100 0 0
36 137 3 0 2 50 100 0 0
36 137 3 1 2 25 50 0 0
36 137 3 2 2 100 200 0 0
36 137 3 3 2 50 100 0 0
36 137 18 0 14 100 200 0 0
36 137 18 1 14 50 100 0 0
36 137 18 2 14 200 400 0 0
36 137 18 3 14 100 200 0 0
36 137 23 0 2 100 100 0 0
36 137 23 1 2 50 50 0 0
36 137 23 2 2 200 200 0 0
36 137 23 3 2 100 100 0 0
36 137 43 0 9 50 200 0 0
36 137 43 1 9 25 100 0 0
36 137 43 2 9 100 400 0 0
36 137 43 3 9 50 200 0 0
36 137 50 0 49 50 200 0 0
36 137 50 1 49 25 100 0 0
36 137 50 2 49 100 400 0 0
36 137 50 3 49 50 200 0 0
36 137 63 0 10 50 100 0 0
36 137 63 1 10 25 50 0 0
36 137 63 2 10 100 200 0 0
36 137 63 3 10 50 100 0 0
36 137 64 0 10 50 100 0 0
36 137 64 1 10 25 50 0 0
36 137 64 2 10 100 200 0 0
36 137 64 3 10 50 100 0 0
37 137 1 0 1 100 100 0 0
37 137 1 1 1 50 50 0 0
37 137 1 2 1 200 200 0 0
37 137 1 3 1 100 100 0 0
37 137 3 0 2 50 100 0 0
37 137 3 1 2 25 50 0 0
37 137 3 2 2 100 200 0 0
37 137 3 3 2 50 100 0 0
37 137 18 0 14 100 200 0 0
37 137 18 1 14 50 100 0 0
37 137 18 2 14 200 400 0 0
37 137 18 3 14 100 200 0 0
37 137 23 0 2 100 100 0 0
37 137 23 1 2 50 50 0 0
37 137 23 2 2 200 200 0 0
37 137 23 3 2 100 100 0 0
37 137 43 0 9 50 200 0 0
37 137 43 1 9 25 100 0 0
37 137 43 2 9 100 400 0 0
37 137 43 3 9 50 200 0 0
37 137 50 0 50 50 200 0 0
37 137 50 1 50 25 100 0 0
37 137 50 2 50 100 400 0 0
37 137 50 3 50 50 200 0 0
37 137 63 0 10 50 100 0 0
37 137 63 1 10 25 50 0 0
37 137 63 2 10 100 200 0 0
37 137 63 3 10 50 100 0 0
37 137 64 0 10 50 100 0 0
37 137 64 1 10 25 50 0 0
37 137 64 2 10 100 200 0 0
37 137 64 3 10 50 100 0 0
38 137 1 0 1 100 100 0 0
38 137 1 1 1 50 50 0 0
38 137 1 2 1 200 200 0 0
38 137 1 3 1 100 100 0 0
38 137 3 0 2 50 100 0 0
38 137 3 1 2 25 50 0 0
38 137 3 2 2 100 200 0 0
38 137 3 3 2 50 100 0 0
38 137 18 0 15 100 200 0 0
38 137 18 1 15 50 100 0 0
38 137 18 2 15 200 400 0 0
38 137 18 3 15 100 200 0 0
38 137 23 0 2 100 100 0 0
38 137 23 1 2 50 50 0 0
38 137 23 2 2 200 200 0 0
38 137 23 3 2 100 100 0 0
38 137 43 0 9 50 200 0 0
38 137 43 1 9 25 100 0 0
38 137 43 2 9 100 400 0 0
38 137 43 3 9 50 200 0 0
38 137 50 0 51 50 200 0 0
38 137 50 1 51 25 100 0 0
38 137 50 2 51 100 400 0 0
38 137 50 3 51 50 200 0 0
38 137 63 0 11 50 100 0 0
38 137 63 1 11 25 50 0 0
38 137 63 2 11 100 200 0 0
38 137 63 3 11 50 100 0 0
38 137 64 0 11 50 100 0 0
38 137 64 1 11 25 50 0 0
38 137 64 2 11 100 200 0 0
38 137 64 3 11 50 100 0 0
39 137 1 0 1 100 100 0 0
39 137 1 1 1 50 50 0 0
39 137 1 2 1 200 200 0 0
39 137 1 3 1 100 100 0 0
39 137 3 0 2 50 100 0 0
39 137 3 1 2 25 50 0 0
39 137 3 2 2 100 200 0 0
39 137 3 3 2 50 100 0 0
39 137 18 0 15 100 200 0 0
39 137 18 1 15 50 100 0 0
39 137 18 2 15 200 400 0 0
39 137 18 3 15 100 200 0 0
39 137 23 0 2 100 100 0 0
39 137 23 1 2 50 50 0 0
39 137 23 2 2 200 200 0 0
39 137 23 3 2 100 100 0 0
39 137 43 0 9 50 200 0 0
39 137 43 1 9 25 100 0 0
39 137 43 2 9 100 400 0 0
39 137 43 3 9 50 200 0 0
39 137 50 0 52 50 200 0 0
39 137 50 1 52 25 100 0 0
39 137 50 2 52 100 400 0 0
39 137 50 3 52 50 200 0 0
39 137 63 0 11 50 100 0 0
39 137 63 1 11 25 50 0 0
39 137 63 2 11 100 200 0 0
39 137 63 3 11 50 100 0 0
39 137 64 0 11 50 100 0 0
39 137 64 1 11 25 50 0 0
39 137 64 2 11 100 200 0 0
39 137 64 3 11 50 100 0 0
40 137 1 0 1 100 100 0 0
40 137 1 1 1 50 50 0 0
40 137 1 2 1 200 200 0 0
40 137 1 3 1 100 100 0 0
40 137 3 0 2 50 100 0 0
40 137 3 1 2 25 50 0 0
40 137 3 2 2 100 200 0 0
40 137 3 3 2 50 100 0 0
40 137 18 0 16 100 200 0 0
40 137 18 1 16 50 100 0 0
40 137 18 2 16 200 400 0 0
40 137 18 3 16 100 200 0 0
40 137 23 0 2 100 100 0 0
40 137 23 1 2 50 50 0 0
40 137 23 2 2 200 200 0 0
40 137 23 3 2 100 100 0 0
40 137 43 0 10 50 200 0 0
40 137 43 1 10 25 100 0 0
40 137 43 2 10 100 400 0 0
40 137 43 3 10 50 200 0 0
40 137 50 0 53 50 200 0 0
40 137 50 1 53 25 100 0 0
40 137 50 2 53 100 400 0 0
40 137 50 3 53 50 200 0 0
40 137 63 0 11 50 100 0 0
40 137 63 1 11 25 50 0 0
40 137 63 2 11 100 200 0 0
40 137 63 3 11 50 100 0 0
40 137 64 0 11 50 100 0 0
40 137 64 1 11 25 50 0 0
40 137 64 2 11 100 200 0 0
40 137 64 3 11 50 100 0 0
41 137 1 0 1 100 100 0 0
41 137 1 1 1 50 50 0 0
41 137 1 2 1 200 200 0 0
41 137 1 3 1 100 100 0 0
41 137 3 0 2 50 100 0 0
41 137 3 1 2 25 50 0 0
41 137 3 2 2 100 200 0 0
41 137 3 3 2 50 100 0 0
41 137 18 0 16 100 200 0 0
41 137 18 1 16 50 100 0 0
41 137 18 2 16 200 400 0 0
41 137 18 3 16 100 200 0 0
41 137 23 0 2 100 100 0 0
41 137 23 1 2 50 50 0 0
41 137 23 2 2 200 200 0 0
41 137 23 3 2 100 100 0 0
41 137 43 0 10 50 200 0 0
41 137 43 1 10 25 100 0 0
41 137 43 2 10 100 400 0 0
41 137 43 3 10 50 200 0 0
41 137 50 0 54 50 200 0 0
41 137 50 1 54 25 100 0 0
41 137 50 2 54 100 400 0 0
41 137 50 3 54 50 200 0 0
41 137 63 0 11 50 100 0 0
41 137 63 1 11 25 50 0 0
41 137 63 2 11 100 200 0 0
41 137 63 3 11 50 100 0 0
41 137 64 0 11 50 100 0 0
41 137 64 1 11 25 50 0 0
41 137 64 2 11 100 200 0 0
41 137 64 3 11 50 100 0 0
42 137 1 0 1 100 100 0 0
42 137 1 1 1 50 50 0 0
42 137 1 2 1 200 200 0 0
42 137 1 3 1 100 100 0 0
42 137 3 0 2 50 100 0 0
42 137 3 1 2 25 50 0 0
42 137 3 2 2 100 200 0 0
42 137 3 3 2 50 100 0 0
42 137 18 0 16 100 200 0 0
42 137 18 1 16 50 100 0 0
42 137 18 2 16 200 400 0 0
42 137 18 3 16 100 200 0 0
42 137 23 0 3 100 100 0 0
42 137 23 1 3 50 50 0 0
42 137 23 2 3 200 200 0 0
42 137 23 3 3 100 100 0 0
42 137 43 0 10 50 200 0 0
42 137 43 1 10 25 100 0 0
42 137 43 2 10 100 400 0 0
42 137 43 3 10 50 200 0 0
42 137 50 0 55 50 200 0 0
42 137 50 1 55 25 100 0 0
42 137 50 2 55 100 400 0 0
42 137 50 3 55 50 200 0 0
42 137 63 0 12 50 100 0 0
42 137 63 1 12 25 50 0 0
42 137 63 2 12 100 200 0 0
42 137 63 3 12 50 100 0 0
42 137 64 0 12 50 100 0 0
42 137 64 1 12 25 50 0 0
42 137 64 2 12 100 200 0 0
42 137 64 3 12 50 100 0 0
43 137 1 0 1 100 100 0 0
43 137 1 1 1 50 50 0 0
43 137 1 2 1 200 200 0 0
43 137 1 3 1 100 100 0 0
43 137 3 0 2 50 100 0 0
43 137 3 1 2 25 50 0 0
43 137 3 2 2 100 200 0 0
43 137 3 3 2 50 100 0 0
43 137 18 0 17 100 200 0 0
43 137 18 1 17 50 100 0 0
43 137 18 2 17 200 400 0 0
43 137 18 3 17 100 200 0 0
43 137 23 0 3 100 100 0 0
43 137 23 1 3 50 50 0 0
43 137 23 2 3 200 200 0 0
43 137 23 3 3 100 100 0 0
43 137 43 0 10 50 200 0 0
43 137 43 1 10 25 100 0 0
43 137 43 2 10 100 400 0 0
43 137 43 3 10 50 200 0 0
43 137 50 0 56 50 200 0 0
43 137 50 1 56 25 100 0 0
43 137 50 2 56 100 400 0 0
43 137 50 3 56 50 200 0 0
43 137 63 0 12 50 100 0 0
43 137 63 1 12 25 50 0 0
43 137 63 2 12 100 200 0 0
43 137 63 3 12 50 100 0 0
43 137 64 0 12 50 100 0 0
43 137 64 1 12 25 50 0 0
43 137 64 2 12 100 200 0 0
43 137 64 3 12 50 100 0 0
44 137 1 0 1 100 100 0 0
44 137 1 1 1 50 50 0 0
44 137 1 2 1 200 200 0 0
44 137 1 3 1 100 100 0 0
44 137 3 0 2 50 100 0 0
44 137 3 1 2 25 50 0 0
44 137 3 2 2 100 200 0 0
44 137 3 3 2 50 100 0 0
44 137 18 0 17 100 200 0 0
44 137 18 1 17 50 100 0 0
44 137 18 2 17 200 400 0 0
44 137 18 3 17 100 200 0 0
44 137 23 0 3 100 100 0 0
44 137 23 1 3 50 50 0 0
44 137 23 2 3 200 200 0 0
44 137 23 3 3 100 100 0 0
44 137 43 0 11 50 200 0 0
44 137 43 1 11 25 100 0 0
44 137 43 2 11 100 400 0 0
44 137 43 3 11 50 200 0 0
44 137 50 0 57 50 200 0 0
44 137 50 1 57 25 100 0 0
44 137 50 2 57 100 400 0 0
44 137 50 3 57 50 200 0 0
44 137 63 0 12 50 100 0 0
44 137 63 1 12 25 50 0 0
44 137 63 2 12 100 200 0 0
44 137 63 3 12 50 100 0 0
44 137 64 0 12 50 100 0 0
44 137 64 1 12 25 50 0 0
44 137 64 2 12 100 200 0 0
44 137 64 3 12 50 100 0 0
45 137 1 0 1 100 100 0 0
45 137 1 1 1 50 50 0 0
45 137 1 2 1 200 200 0 0
45 137 1 3 1 100 100 0 0
45 137 3 0 2 50 100 0 0
45 137 3 1 2 25 50 0 0
45 137 3 2 2 100 200 0 0
45 137 3 3 2 50 100 0 0
45 137 18 0 18 100 200 0 0
45 137 18 1 18 50 100 0 0
45 137 18 2 18 200 400 0 0
45 137 18 3 18 100 200 0 0
45 137 23 0 3 100 100 0 0
45 137 23 1 3 50 50 0 0
45 137 23 2 3 200 200 0 0
45 137 23 3 3 100 100 0 0
45 137 43 0 11 50 200 0 0
45 137 43 1 11 25 100 0 0
45 137 43 2 11 100 400 0 0
45 137 43 3 11 50 200 0 0
45 137 50 0 58 50 200 0 0
45 137 50 1 58 25 100 0 0
45 137 50 2 58 100 400 0 0
45 137 50 3 58 50 200 0 0
45 137 63 0 13 50 100 0 0
45 137 63 1 13 25 50 0 0
45 137 63 2 13 100 200 0 0
45 137 63 3 13 50 100 0 0
45 137 64 0 13 50 100 0 0
45 137 64 1 13 25 50 0 0
45 137 64 2 13 100 200 0 0
45 137 64 3 13 50 100 0 0
46 137 1 0 2 100 100 0 0
46 137 1 1 2 50 50 0 0
46 137 1 2 2 200 200 0 0
46 137 1 3 2 100 100 0 0
46 137 3 0 2 50 100 0 0
46 137 3 1 2 25 50 0 0
46 137 3 2 2 100 200 0 0
46 137 3 3 2 50 100 0 0
46 137 18 0 18 100 200 0 0
46 137 18 1 18 50 100 0 0
46 137 18 2 18 200 400 0 0
46 137 18 3 18 100 200 0 0
46 137 23 0 3 100 100 0 0
46 137 23 1 3 50 50 0 0
46 137 23 2 3 200 200 0 0
46 137 23 3 3 100 100 0 0
46 137 43 0 11 50 200 0 0
46 137 43 1 11 25 100 0 0
46 137 43 2 11 100 400 0 0
46 137 43 3 11 50 200 0 0
46 137 50 0 59 50 200 0 0
46 137 50 1 59 25 100 0 0
46 137 50 2 59 100 400 0 0
46 137 50 3 59 50 200 0 0
46 137 63 0 13 50 100 0 0
46 137 63 1 13 25 50 0 0
46 137 63 2 13 100 200 0 0
46 137 63 3 13 50 100 0 0
46 137 64 0 13 50 100 0 0
46 137 64 1 13 25 50 0 0
46 137 64 2 13 100 200 0 0
46 137 64 3 13 50 100 0 0
47 137 1 0 2 100 100 0 0
47 137 1 1 2 50 50 0 0
47 137 1 2 2 200 200 0 0
47 137 1 3 2 100 100 0 0
47 137 3 0 2 50 100 0 0
47 137 3 1 2 25 50 0 0
47 137 3 2 2 100 200 0 0
47 137 3 3 2 50 100 0 0
47 137 18 0 18 100 200 0 0
47 137 18 1 18 50 100 0 0
47 137 18 2 18 200 400 0 0
47 137 18 3 18 100 200 0 0
47 137 23 0 3 100 100 0 0
47 137 23 1 3 50 50 0 0
47 137 23 2 3 200 200 0 0
47 137 23 3 3 100 100 0 0
47 137 43 0 12 50 200 0 0
47 137 43 1 12 25 100 0 0
47 137 43 2 12 100 400 0 0
47 137 43 3 12 50 200 0 0
47 137 50 0 60 50 200 0 0
47 137 50 1 60 25 100 0 0
47 137 50 2 60 100 400 0 0
47 137 50 3 60 50 200 0 0
47 137 63 0 13 50 100 0 0
47 137 63 1 13 25 50 0 0
47 137 63 2 13 100 200 0 0
47 137 63 3 13 50 100 0 0
47 137 64 0 13 50 100 0 0
47 137 64 1 13 25 50 0 0
47 137 64 2 13 100 200 0 0
47 137 64 3 13 50 100 0 0
48 137 1 0 2 100 100 0 0
48 137 1 1 2 50 50 0 0
48 137 1 2 2 200 200 0 0
48 137 1 3 2 100 100 0 0
48 137 3 0 2 50 100 0 0
48 137 3 1 2 25 50 0 0
48 137 3 2 2 100 200 0 0
48 137 3 3 2 50 100 0 0
48 137 18 0 19 100 200 0 0
48 137 18 1 19 50 100 0 0
48 137 18 2 19 200 400 0 0
48 137 18 3 19 100 200 0 0
48 137 23 0 3 100 100 0 0
48 137 23 1 3 50 50 0 0
48 137 23 2 3 200 200 0 0
48 137 23 3 3 100 100 0 0
48 137 43 0 12 50 200 0 0
48 137 43 1 12 25 100 0 0
48 137 43 2 12 100 400 0 0
48 137 43 3 12 50 200 0 0
48 137 50 0 61 50 200 0 0
48 137 50 1 61 25 100 0 0
48 137 50 2 61 100 400 0 0
48 137 50 3 61 50 200 0 0
48 137 63 0 14 50 100 0 0
48 137 63 1 14 25 50 0 0
48 137 63 2 14 100 200 0 0
48 137 63 3 14 50 100 0 0
48 137 64 0 14 50 100 0 0
48 137 64 1 14 25 50 0 0
48 137 64 2 14 100 200 0 0
48 137 64 3 14 50 100 0 0
49 137 1 0 2 100 100 0 0
49 137 1 1 2 50 50 0 0
49 137 1 2 2 200 200 0 0
49 137 1 3 2 100 100 0 0
49 137 3 0 2 50 100 0 0
49 137 3 1 2 25 50 0 0
49 137 3 2 2 100 200 0 0
49 137 3 3 2 50 100 0 0
49 137 18 0 19 100 200 0 0
49 137 18 1 19 50 100 0 0
49 137 18 2 19 200 400 0 0
49 137 18 3 19 100 200 0 0
49 137 23 0 3 100 100 0 0
49 137 23 1 3 50 50 0 0
49 137 23 2 3 200 200 0 0
49 137 23 3 3 100 100 0 0
49 137 43 0 12 50 200 0 0
49 137 43 1 12 25 100 0 0
49 137 43 2 12 100 400 0 0
49 137 43 3 12 50 200 0 0
49 137 50 0 62 50 200 0 0
49 137 50 1 62 25 100 0 0
49 137 50 2 62 100 400 0 0
49 137 50 3 62 50 200 0 0
49 137 63 0 14 50 100 0 0
49 137 63 1 14 25 50 0 0
49 137 63 2 14 100 200 0 0
49 137 63 3 14 50 100 0 0
49 137 64 0 14 50 100 0 0
49 137 64 1 14 25 50 0 0
49 137 64 2 14 100 200 0 0
49 137 64 3 14 50 100 0 0
50 137 1 0 2 100 100 0 0
50 137 1 1 2 50 50 0 0
50 137 1 2 2 200 200 0 0
50 137 1 3 2 100 100 0 0
50 137 3 0 2 50 100 0 0
50 137 3 1 2 25 50 0 0
50 137 3 2 2 100 200 0 0
50 137 3 3 2 50 100 0 0
50 137 18 0 20 100 200 0 0
50 137 18 1 20 50 100 0 0
50 137 18 2 20 200 400 0 0
50 137 18 3 20 100 200 0 0
50 137 23 0 3 100 100 0 0
50 137 23 1 3 50 50 0 0
50 137 23 2 3 200 200 0 0
50 137 23 3 3 100 100 0 0
50 137 43 0 12 50 200 0 0
50 137 43 1 12 25 100 0 0
50 137 43 2 12 100 400 0 0
50 137 43 3 12 50 200 0 0
50 137 50 0 63 50 200 0 0
50 137 50 1 63 25 100 0 0
50 137 50 2 63 100 400 0 0
50 137 50 3 63 50 200 0 0
50 137 63 0 14 50 100 0 0
50 137 63 1 14 25 50 0 0
50 137 63 2 14 100 200 0 0
50 137 63 3 14 50 100 0 0
50 137 64 0 14 50 100 0 0
50 137 64 1 14 25 50 0 0
50 137 64 2 14 100 200 0 0
50 137 64 3 14 50 100 0 0
51 137 1 0 2 100 100 0 0
51 137 1 1 2 50 50 0 0
51 137 1 2 2 200 200 0 0
51 137 1 3 2 100 100 0 0
51 137 3 0 2 50 100 0 0
51 137 3 1 2 25 50 0 0
51 137 3 2 2 100 200 0 0
51 137 3 3 2 50 100 0 0
51 137 18 0 20 100 200 0 0
51 137 18 1 20 50 100 0 0
51 137 18 2 20 200 400 0 0
51 137 18 3 20 100 200 0 0
51 137 23 0 3 100 100 0 0
51 137 23 1 3 50 50 0 0
51 137 23 2 3 200 200 0 0
51 137 23 3 3 100 100 0 0
51 137 43 0 13 50 200 0 0
51 137 43 1 13 25 100 0 0
51 137 43 2 13 100 400 0 0
51 137 43 3 13 50 200 0 0
51 137 50 0 64 50 200 0 0
51 137 50 1 64 25 100 0 0
51 137 50 2 64 100 400 0 0
51 137 50 3 64 50 200 0 0
51 137 63 0 14 50 100 0 0
51 137 63 1 14 25 50 0 0
51 137 63 2 14 100 200 0 0
51 137 63 3 14 50 100 0 0
51 137 64 0 14 50 100 0 0
51 137 64 1 14 25 50 0 0
51 137 64 2 14 100 200 0 0
51 137 64 3 14 50 100 0 0
52 137 1 0 2 100 100 0 0
52 137 1 1 2 50 50 0 0
52 137 1 2 2 200 200 0 0
52 137 1 3 2 100 100 0 0
52 137 3 0 3 50 100 0 0
52 137 3 1 3 25 50 0 0
52 137 3 2 3 100 200 0 0
52 137 3 3 3 50 100 0 0
52 137 18 0 20 100 200 0 0
52 137 18 1 20 50 100 0 0
52 137 18 2 20 200 400 0 0
52 137 18 3 20 100 200 0 0
52 137 23 0 3 100 100 0 0
52 137 23 1 3 50 50 0 0
52 137 23 2 3 200 200 0 0
52 137 23 3 3 100 100 0 0
52 137 43 0 13 50 200 0 0
52 137 43 1 13 25 100 0 0
52 137 43 2 13 100 400 0 0
52 137 43 3 13 50 200 0 0
52 137 50 0 65 50 200 0 0
52 137 50 1 65 25 100 0 0
52 137 50 2 65 100 400 0 0
52 137 50 3 65 50 200 0 0
52 137 63 0 15 50 100 0 0
52 137 63 1 15 25 50 0 0
52 137 63 2 15 100 200 0 0
52 137 63 3 15 50 100 0 0
52 137 64 0 15 50 100 0 0
52 137 64 1 15 25 50 0 0
52 137 64 2 15 100 200 0 0
52 137 64 3 15 50 100 0 0
53 137 1 0 2 100 100 0 0
53 137 1 1 2 50 50 0 0
53 137 1 2 2 200 200 0 0
53 137 1 3 2 100 100 0 0
53 137 3 0 3 50 100 0 0
53 137 3 1 3 25 50 0 0
53 137 3 2 3 100 200 0 0
53 137 3 3 3 50 100 0 0
53 137 18 0 21 100 200 0 0
53 137 18 1 21 50 100 0 0
53 137 18 2 21 200 400 0 0
53 137 18 3 21 100 200 0 0
53 137 23 0 3 100 100 0 0
53 137 23 1 3 50 50 0 0
53 137 23 2 3 200 200 0 0
53 137 23 3 3 100 100 0 0
53 137 43 0 13 50 200 0 0
53 137 43 1 13 25 100 0 0
53 137 43 2 13 100 400 0 0
53 137 43 3 13 50 200 0 0
53 137 50 0 66 50 200 0 0
53 137 50 1 66 25 100 0 0
53 137 50 2 66 100 400 0 0
53 137 50 3 66 50 200 0 0
53 137 63 0 15 50 100 0 0
53 137 63 1 15 25 50 0 0
53 137 63 2 15 100 200 0 0
53 137 63 3 15 50 100 0 0
53 137 64 0 15 50 100 0 0
53 137 64 1 15 25 50 0 0
53 137 64 2 15 100 200 0 0
53 137 64 3 15 50 100 0 0
54 137 1 0 2 100 100 0 0
54 137 1 1 2 50 50 0 0
54 137 1 2 2 200 200 0 0
54 137 1 3 2 100 100 0 0
54 137 3 0 3 50 100 0 0
54 137 3 1 3 25 50 0 0
54 137 3 2 3 100 200 0 0
54 137 3 3 3 50 100 0 0
54 137 18 0 21 100 200 0 0
54 137 18 1 21 50 100 0 0
54 137 18 2 21 200 400 0 0
54 137 18 3 21 100 200 0 0
54 137 23 0 3 100 100 0 0
54 137 23 1 3 50 50 0 0
54 137 23 2 3 200 200 0 0
54 137 23 3 3 100 100 0 0
54 137 43 0 13 50 200 0 0
54 137 43 1 13 25 100 0 0
54 137 43 2 13 100 400 0 0
54 137 43 3 13 50 200 0 0
54 137 50 0 67 50 200 0 0
54 137 50 1 67 25 100 0 0
54 137 50 2 67 100 400 0 0
54 137 50 3 67 50 200 0 0
54 137 63 0 15 50 100 0 0
54 137 63 1 15 25 50 0 0
54 137 63 2 15 100 200 0 0
54 137 63 3 15 50 100 0 0
54 137 64 0 15 50 100 0 0
54 137 64 1 15 25 50 0 0
54 137 64 2 15 100 200 0 0
54 137 64 3 15 50 100 0 0
55 137 1 0 2 100 100 0 0
55 137 1 1 2 50 50 0 0
55 137 1 2 2 200 200 0 0
55 137 1 3 2 100 100 0 0
55 137 3 0 3 50 100 0 0
55 137 3 1 3 25 50 0 0
55 137 3 2 3 100 200 0 0
55 137 3 3 3 50 100 0 0
55 137 18 0 22 100 200 0 0
55 137 18 1 22 50 100 0 0
55 137 18 2 22 200 400 0 0
55 137 18 3 22 100 200 0 0
55 137 23 0 4 100 100 0 0
55 137 23 1 4 50 50 0 0
55 137 23 2 4 200 200 0 0
55 137 23 3 4 100 100 0 0
55 137 43 0 14 50 200 0 0
55 137 43 1 14 25 100 0 0
55 137 43 2 14 100 400 0 0
55 137 43 3 14 50 200 0 0
55 137 50 0 68 50 200 0 0
55 137 50 1 68 25 100 0 0
55 137 50 2 68 100 400 0 0
55 137 50 3 68 50 200 0 0
55 137 63 0 16 50 100 0 0
55 137 63 1 16 25 50 0 0
55 137 63 2 16 100 200 0 0
55 137 63 3 16 50 100 0 0
55 137 64 0 16 50 100 0 0
55 137 64 1 16 25 50 0 0
55 137 64 2 16 100 200 0 0
55 137 64 3 16 50 100 0 0
56 137 1 0 2 100 100 0 0
56 137 1 1 2 50 50 0 0
56 137 1 2 2 200 200 0 0
56 137 1 3 2 100 100 0 0
56 137 3 0 3 50 100 0 0
56 137 3 1 3 25 50 0 0
56 137 3 2 3 100 200 0 0
56 137 3 3 3 50 100 0 0
56 137 18 0 22 100 200 0 0
56 137 18 1 22 50 100 0 0
56 137 18 2 22 200 400 0 0
56 137 18 3 22 100 200 0 0
56 137 23 0 4 100 100 0 0
56 137 23 1 4 50 50 0 0
56 137 23 2 4 200 200 0 0
56 137 23 3 4 100 100 0 0
56 137 43 0 14 50 200 0 0
56 137 43 1 14 25 100 0 0
56 137 43 2 14 100 400 0 0
56 137 43 3 14 50 200 0 0
56 137 50 0 69 50 200 0 0
56 137 50 1 69 25 100 0 0
56 137 50 2 69 100 400 0 0
56 137 50 3 69 50 200 0 0
56 137 63 0 16 50 100 0 0
56 137 63 1 16 25 50 0 0
56 137 63 2 16 100 200 0 0
56 137 63 3 16 50 100 0 0
56 137 64 0 16 50 100 0 0
56 137 64 1 16 25 50 0 0
56 137 64 2 16 100 200 0 0
56 137 64 3 16 50 100 0 0
57 137 1 0 2 100 100 0 0
57 137 1 1 2 50 50 0 0
57 137 1 2 2 200 200 0 0
57 137 1 3 2 100 100 0 0
57 137 3 0 3 50 100 0 0
57 137 3 1 3 25 50 0 0
57 137 3 2 3 100 200 0 0
57 137 3 3 3 50 100 0 0
57 137 18 0 22 100 200 0 0
57 137 18 1 22 50 100 0 0
57 137 18 2 22 200 400 0 0
57 137 18 3 22 100 200 0 0
57 137 23 0 4 100 100 0 0
57 137 23 1 4 50 50 0 0
57 137 23 2 4 200 200 0 0
57 137 23 3 4 100 100 0 0
57 137 43 0 14 50 200 0 0
57 137 43 1 14 25 100 0 0
57 137 43 2 14 100 400 0 0
57 137 43 3 14 50 200 0 0
57 137 50 0 70 50 200 0 0
57 137 50 1 70 25 100 0 0
57 137 50 2 70 100 400 0 0
57 137 50 3 70 50 200 0 0
57 137 63 0 16 50 100 0 0
57 137 63 1 16 25 50 0 0
57 137 63 2 16 100 200 0 0
57 137 63 3 16 50 100 0 0
57 137 64 0 16 50 100 0 0
57 137 64 1 16 25 50 0 0
57 137 64 2 16 100 200 0 0
57 137 64 3 16 50 100 0 0
58 137 1 0 2 100 100 0 0
58 137 1 1 2 50 50 0 0
58 137 1 2 2 200 200 0 0
58 137 1 3 2 100 100 0 0
58 137 3 0 3 50 100 0 0
58 137 3 1 3 25 50 0 0
58 137 3 2 3 100 200 0 0
58 137 3 3 3 50 100 0 0
58 137 18 0 23 100 200 0 0
58 137 18 1 23 50 100 0 0
58 137 18 2 23 200 400 0 0
58 137 18 3 23 100 200 0 0
58 137 23 0 4 100 100 0 0
58 137 23 1 4 50 50 0 0
58 137 23 2 4 200 200 0 0
58 137 23 3 4 100 100 0 0
58 137 43 0 14 50 200 0 0
58 137 43 1 14 25 100 0 0
58 137 43 2 14 100 400 0 0
58 137 43 3 14 50 200 0 0
58 137 50 0 71 50 200 0 0
58 137 50 1 71 25 100 0 0
58 137 50 2 71 100 400 0 0
58 137 50 3 71 50 200 0 0
58 137 63 0 16 50 100 0 0
58 137 63 1 16 25 50 0 0
58 137 63 2 16 100 200 0 0
58 137 63 3 16 50 100 0 0
58 137 64 0 16 50 100 0 0
58 137 64 1 16 25 50 0 0
58 137 64 2 16 100 200 0 0
58 137 64 3 16 50 100 0 0
59 137 1 0 2 100 100 0 0
59 137 1 1 2 50 50 0 0
59 137 1 2 2 200 200 0 0
59 137 1 3 2 100 100 0 0
59 137 3 0 3 50 100 0 0
59 137 3 1 3 25 50 0 0
59 137 3 2 3 100 200 0 0
59 137 3 3 3 50 100 0 0
59 137 18 0 23 100 200 0 0
59 137 18 1 23 50 100 0 0
59 137 18 2 23 200 400 0 0
59 137 18 3 23 100 200 0 0
59 137 23 0 4 100 100 0 0
59 137 23 1 4 50 50 0 0
59 137 23 2 4 200 200 0 0
59 137 23 3 4 100 100 0 0
59 137 43 0 15 50 200 0 0
59 137 43 1 15 25 100 0 0
59 137 43 2 15 100 400 0 0
59 137 43 3 15 50 200 0 0
59 137 50 0 72 50 200 0 0
59 137 50 1 72 25 100 0 0
59 137 50 2 72 100 400 0 0
59 137 50 3 72 50 200 0 0
59 137 63 0 17 50 100 0 0
59 137 63 1 17 25 50 0 0
59 137 63 2 17 100 200 0 0
59 137 63 3 17 50 100 0 0
59 137 64 0 17 50 100 0 0
59 137 64 1 17 25 50 0 0
59 137 64 2 17 100 200 0 0
59 137 64 3 17 50 100 0 0
60 137 1 0 2 100 100 0 0
60 137 1 1 2 50 50 0 0
60 137 1 2 2 200 200 0 0
60 137 1 3 2 100 100 0 0
60 137 3 0 3 50 100 0 0
60 137 3 1 3 25 50 0 0
60 137 3 2 3 100 200 0 0
60 137 3 3 3 50 100 0 0
60 137 18 0 24 100 200 0 0
60 137 18 1 24 50 100 0 0
60 137 18 2 24 200 400 0 0
60 137 18 3 24 100 200 0 0
60 137 23 0 4 100 100 0 0
60 137 23 1 4 50 50 0 0
60 137 23 2 4 200 200 0 0
60 137 23 3 4 100 100 0 0
60 137 43 0 15 50 200 0 0
60 137 43 1 15 25 100 0 0
60 137 43 2 15 100 400 0 0
60 137 43 3 15 50 200 0 0
60 137 50 0 73 50 200 0 0
60 137 50 1 73 25 100 0 0
60 137 50 2 73 100 400 0 0
60 137 50 3 73 50 200 0 0
60 137 63 0 17 50 100 0 0
60 137 63 1 17 25 50 0 0
60 137 63 2 17 100 200 0 0
60 137 63 3 17 50 100 0 0
60 137 64 0 17 50 100 0 0
60 137 64 1 17 25 50 0 0
60 137 64 2 17 100 200 0 0
60 137 64 3 17 50 100 0 0
61 137 1 0 2 100 100 0 0
61 137 1 1 2 50 50 0 0
61 137 1 2 2 200 200 0 0
61 137 1 3 2 100 100 0 0
61 137 3 0 3 50 100 0 0
61 137 3 1 3 25 50 0 0
61 137 3 2 3 100 200 0 0
61 137 3 3 3 50 100 0 0
61 137 18 0 24 100 200 0 0
61 137 18 1 24 50 100 0 0
61 137 18 2 24 200 400 0 0
61 137 18 3 24 100 200 0 0
61 137 23 0 4 100 100 0 0
61 137 23 1 4 50 50 0 0
61 137 23 2 4 200 200 0 0
61 137 23 3 4 100 100 0 0
61 137 43 0 15 50 200 0 0
61 137 43 1 15 25 100 0 0
61 137 43 2 15 100 400 0 0
61 137 43 3 15 50 200 0 0
61 137 50 0 74 50 200 0 0
61 137 50 1 74 25 100 0 0
61 137 50 2 74 100 400 0 0
61 137 50 3 74 50 200 0 0
61 137 63 0 17 50 100 0 0
61 137 63 1 17 25 50 0 0
61 137 63 2 17 100 200 0 0
61 137 63 3 17 50 100 0 0
61 137 64 0 17 50 100 0 0
61 137 64 1 17 25 50 0 0
61 137 64 2 17 100 200 0 0
61 137 64 3 17 50 100 0 0
62 137 1 0 2 100 100 0 0
62 137 1 1 2 50 50 0 0
62 137 1 2 2 200 200 0 0
62 137 1 3 2 100 100 0 0
62 137 3 0 3 50 100 0 0
62 137 3 1 3 25 50 0 0
62 137 3 2 3 100 200 0 0
62 137 3 3 3 50 100 0 0
62 137 18 0 24 100 200 0 0
62 137 18 1 24 50 100 0 0
62 137 18 2 24 200 400 0 0
62 137 18 3 24 100 200 0 0
62 137 23 0 4 100 100 0 0
62 137 23 1 4 50 50 0 0
62 137 23 2 4 200 200 0 0
62 137 23 3 4 100 100 0 0
62 137 43 0 15 50 200 0 0
62 137 43 1 15 25 100 0 0
62 137 43 2 15 100 400 0 0
62 137 43 3 15 50 200 0 0
62 137 50 0 75 50 200 0 0
62 137 50 1 75 25 100 0 0
62 137 50 2 75 100 400 0 0
62 137 50 3 75 50 200 0 0
62 137 63 0 18 50 100 0 0
62 137 63 1 18 25 50 0 0
62 137 63 2 18 100 200 0 0
62 137 63 3 18 50 100 0 0
62 137 64 0 18 50 100 0 0
62 137 64 1 18 25 50 0 0
62 137 64 2 18 100 200 0 0
62 137 64 3 18 50 100 0 0
63 137 1 0 2 100 100 0 0
63 137 1 1 2 50 50 0 0
63 137 1 2 2 200 200 0 0
63 137 1 3 2 100 100 0 0
63 137 3 0 3 50 100 0 0
63 137 3 1 3 25 50 0 0
63 137 3 2 3 100 200 0 0
63 137 3 3 3 50 100 0 0
63 137 18 0 25 100 200 0 0
63 137 18 1 25 50 100 0 0
63 137 18 2 25 200 400 0 0
63 137 18 3 25 100 200 0 0
63 137 23 0 4 100 100 0 0
63 137 23 1 4 50 50 0 0
63 137 23 2 4 200 200 0 0
63 137 23 3 4 100 100 0 0
63 137 43 0 16 50 200 0 0
63 137 43 1 16 25 100 0 0
63 137 43 2 16 100 400 0 0
63 137 43 3 16 50 200 0 0
63 137 50 0 76 50 200 0 0
63 137 50 1 76 25 100 0 0
63 137 50 2 76 100 400 0 0
63 137 50 3 76 50 200 0 0
63 137 63 0 18 50 100 0 0
63 137 63 1 18 25 50 0 0
63 137 63 2 18 100 200 0 0
63 137 63 3 18 50 100 0 0
63 137 64 0 18 50 100 0 0
63 137 64 1 18 25 50 0 0
63 137 64 2 18 100 200 0 0
63 137 64 3 18 50 100 0 0
64 137 1 0 2 100 100 0 0
64 137 1 1 2 50 50 0 0
64 137 1 2 2 200 200 0 0
64 137 1 3 2 100 100 0 0
64 137 3 0 3 50 100 0 0
64 137 3 1 3 25 50 0 0
64 137 3 2 3 100 200 0 0
64 137 3 3 3 50 100 0 0
64 137 18 0 25 100 200 0 0
64 137 18 1 25 50 100 0 0
64 137 18 2 25 200 400 0 0
64 137 18 3 25 100 200 0 0
64 137 23 0 4 100 100 0 0
64 137 23 1 4 50 50 0 0
64 137 23 2 4 200 200 0 0
64 137 23 3 4 100 100 0 0
64 137 43 0 16 50 200 0 0
64 137 43 1 16 25 100 0 0
64 137 43 2 16 100 400 0 0
64 137 43 3 16 50 200 0 0
64 137 50 0 77 50 200 0 0
64 137 50 1 77 25 100 0 0
64 137 50 2 77 100 400 0 0
64 137 50 3 77 50 200 0 0
64 137 63 0 18 50 100 0 0
64 137 63 1 18 25 50 0 0
64 137 63 2 18 100 200 0 0
64 137 63 3 18 50 100 0 0
64 137 64 0 18 50 100 0 0
64 137 64 1 18 25 50 0 0
64 137 64 2 18 100 200 0 0
64 137 64 3 18 50 100 0 0
65 137 1 0 2 100 100 0 0
65 137 1 1 2 50 50 0 0
65 137 1 2 2 200 200 0 0
65 137 1 3 2 100 100 0 0
65 137 3 0 3 50 100 0 0
65 137 3 1 3 25 50 0 0
65 137 3 2 3 100 200 0 0
65 137 3 3 3 50 100 0 0
65 137 18 0 26 100 200 0 0
65 137 18 1 26 50 100 0 0
65 137 18 2 26 200 400 0 0
65 137 18 3 26 100 200 0 0
65 137 23 0 4 100 100 0 0
65 137 23 1 4 50 50 0 0
65 137 23 2 4 200 200 0 0
65 137 23 3 4 100 100 0 0
65 137 43 0 16 50 200 0 0
65 137 43 1 16 25 100 0 0
65 137 43 2 16 100 400 0 0
65 137 43 3 16 50 200 0 0
65 137 50 0 78 50 200 0 0
65 137 50 1 78 25 100 0 0
65 137 50 2 78 100 400 0 0
65 137 50 3 78 50 200 0 0
65 137 63 0 18 50 100 0 0
65 137 63 1 18 25 50 0 0
65 137 63 2 18 100 200 0 0
65 137 63 3 18 50 100 0 0
65 137 64 0 18 50 100 0 0
65 137 64 1 18 25 50 0 0
65 137 64 2 18 100 200 0 0
65 137 64 3 18 50 100 0 0
66 137 1 0 2 100 100 0 0
66 137 1 1 2 50 50 0 0
66 137 1 2 2 200 200 0 0
66 137 1 3 2 100 100 0 0
66 137 3 0 3 50 100 0 0
66 137 3 1 3 25 50 0 0
66 137 3 2 3 100 200 0 0
66 137 3 3 3 50 100 0 0
66 137 18 0 26 100 200 0 0
66 137 18 1 26 50 100 0 0
66 137 18 2 26 200 400 0 0
66 137 18 3 26 100 200 0 0
66 137 23 0 4 100 100 0 0
66 137 23 1 4 50 50 0 0
66 137 23 2 4 200 200 0 0
66 137 23 3 4 100 100 0 0
66 137 43 0 16 50 200 0 0
66 137 43 1 16 25 100 0 0
66 137 43 2 16 100 400 0 0
66 137 43 3 16 50 200 0 0
66 137 50 0 79 50 200 0 0
66 137 50 1 79 25 100 0 0
66 137 50 2 79 100 400 0 0
66 137 50 3 79 50 200 0 0
66 137 63 0 19 50 100 0 0
66 137 63 1 19 25 50 0 0
66 137 63 2 19 100 200 0 0
66 137 63 3 19 50 100 0 0
66 137 64 0 19 50 100 0 0
66 137 64 1 19 25 50 0 0
66 137 64 2 19 100 200 0 0
66 137 64 3 19 50 100 0 0
67 137 1 0 2 100 100 0 0
67 137 1 1 2 50 50 0 0
67 137 1 2 2 200 200 0 0
67 137 1 3 2 100 100 0 0
67 137 3 0 3 50 100 0 0
67 137 3 1 3 25 50 0 0
67 137 3 2 3 100 200 0 0
67 137 3 3 3 50 100 0 0
67 137 18 0 26 100 200 0 0
67 137 18 1 26 50 100 0 0
67 137 18 2 26 200 400 0 0
67 137 18 3 26 100 200 0 0
67 137 23 0 4 100 100 0 0
67 137 23 1 4 50 50 0 0
67 137 23 2 4 200 200 0 0
67 137 23 3 4 100 100 0 0
67 137 43 0 17 50 200 0 0
67 137 43 1 17 25 100 0 0
67 137 43 2 17 100 400 0 0
67 137 43 3 17 50 200 0 0
67 137 50 0 80 50 200 0 0
67 137 50 1 80 25 100 0 0
67 137 50 2 80 100 400 0 0
67 137 50 3 80 50 200 0 0
67 137 63 0 19 50 100 0 0
67 137 63 1 19 25 50 0 0
67 137 63 2 19 100 200 0 0
67 137 63 3 19 50 100 0 0
67 137 64 0 19 50 100 0 0
67 137 64 1 19 25 50 0 0
67 137 64 2 19 100 200 0 0
67 137 64 3 19 50 100 0 0
68 137 1 0 2 100 100 0 0
68 137 1 1 2 50 50 0 0
68 137 1 2 2 200 200 0 0
68 137 1 3 2 100 100 0 0
68 137 3 0 3 50 100 0 0
68 137 3 1 3 25 50 0 0
68 137 3 2 3 100 200 0 0
68 137 3 3 3 50 100 0 0
68 137 18 0 27 100 200 0 0
68 137 18 1 27 50 100 0 0
68 137 18 2 27 200 400 0 0
68 137 18 3 27 100 200 0 0
68 137 23 0 4 100 100 0 0
68 137 23 1 4 50 50 0 0
68 137 23 2 4 200 200 0 0
68 137 23 3 4 100 100 0 0
68 137 43 0 17 50 200 0 0
68 137 43 1 17 25 100 0 0
68 137 43 2 17 100 400 0 0
68 137 43 3 17 50 200 0 0
68 137 50 0 81 50 200 0 0
68 137 50 1 81 25 100 0 0
68 137 50 2 81 100 400 0 0
68 137 50 3 81 50 200 0 0
68 137 63 0 19 50 100 0 0
68 137 63 1 19 25 50 0 0
68 137 63 2 19 100 200 0 0
68 137 63 3 19 50 100 0 0
68 137 64 0 19 50 100 0 0
68 137 64 1 19 25 50 0 0
68 137 64 2 19 100 200 0 0
68 137 64 3 19 50 100 0 0
69 137 1 0 3 100 100 0 0
69 137 1 1 3 50 50 0 0
69 137 1 2 3 200 200 0 0
69 137 1 3 3 100 100 0 0
69 137 3 0 4 50 100 0 0
69 137 3 1 4 25 50 0 0
69 137 3 2 4 100 200 0 0
69 137 3 3 4 50 100 0 0
69 137 18 0 27 100 200 0 0
69 137 18 1 27 50 100 0 0
69 137 18 2 27 200 400 0 0
69 137 18 3 27 100 200 0 0
69 137 23 0 5 100 100 0 0
69 137 23 1 5 50 50 0 0
69 137 23 2 5 200 200 0 0
69 137 23 3 5 100 100 0 0
69 137 43 0 17 50 200 0 0
69 137 43 1 17 25 100 0 0
69 137 43 2 17 100 400 0 0
69 137 43 3 17 50 200 0 0
69 137 50 0 82 50 200 0 0
69 137 50 1 82 25 100 0 0
69 137 50 2 82 100 400 0 0
69 137 50 3 82 50 200 0 0
69 137 63 0 20 50 100 0 0
69 137 63 1 20 25 50 0 0
69 137 63 2 20 100 200 0 0
69 137 63 3 20 50 100 0 0
69 137 64 0 20 50 100 0 0
69 137 64 1 20 25 50 0 0
69 137 64 2 20 100 200 0 0
69 137 64 3 20 50 100 0 0
70 137 1 0 3 100 100 0 0
70 137 1 1 3 50 50 0 0
70 137 1 2 3 200 200 0 0
70 137 1 3 3 100 100 0 0
70 137 3 0 4 50 100 0 0
70 137 3 1 4 25 50 0 0
70 137 3 2 4 100 200 0 0
70 137 3 3 4 50 100 0 0
70 137 18 0 28 100 200 0 0
70 137 18 1 28 50 100 0 0
70 137 18 2 28 200 400 0 0
70 137 18 3 28 100 200 0 0
70 137 23 0 5 100 100 0 0
70 137 23 1 5 50 50 0 0
70 137 23 2 5 200 200 0 0
70 137 23 3 5 100 100 0 0
70 137 43 0 17 50 200 0 0
70 137 43 1 17 25 100 0 0
70 137 43 2 17 100 400 0 0
70 137 43 3 17 50 200 0 0
70 137 50 0 83 50 200 0 0
70 137 50 1 83 25 100 0 0
70 137 50 2 83 100 400 0 0
70 137 50 3 83 50 200 0 0
70 137 63 0 20 50 100 0 0
70 137 63 1 20 25 50 0 0
70 137 63 2 20 100 200 0 0
70 137 63 3 20 50 100 0 0
70 137 64 0 20 50 100 0 0
70 137 64 1 20 25 50 0 0
70 137 64 2 20 100 200 0 0
70 137 64 3 20 50 100 0 0
71 137 1 0 3 100 100 0 0
71 137 1 1 3 50 50 0 0
71 137 1 2 3 200 200 0 0
71 137 1 3 3 100 100 0 0
71 137 3 0 4 50 100 0 0
71 137 3 1 4 25 50 0 0
71 137 3 2 4 100 200 0 0
71 137 3 3 4 50 100 0 0
71 137 18 0 28 100 200 0 0
71 137 18 1 28 50 100 0 0
71 137 18 2 28 200 400 0 0
71 137 18 3 28 100 200 0 0
71 137 23 0 5 100 100 0 0
71 137 23 1 5 50 50 0 0
71 137 23 2 5 200 200 0 0
71 137 23 3 5 100 100 0 0
71 137 43 0 18 50 200 0 0
71 137 43 1 18 25 100 0 0
71 137 43 2 18 100 400 0 0
71 137 43 3 18 50 200 0 0
71 137 50 0 84 50 200 0 0
71 137 50 1 84 25 100 0 0
71 137 50 2 84 100 400 0 0
71 137 50 3 84 50 200 0 0
71 137 63 0 20 50 100 0 0
71 137 63 1 20 25 50 0 0
71 137 63 2 20 100 200 0 0
71 137 63 3 20 50 100 0 0
71 137 64 0 20 50 100 0 0
71 137 64 1 20 25 50 0 0
71 137 64 2 20 100 200 0 0
71 137 64 3 20 50 100 0 0
72 137 1 0 3 100 100 0 0
72 137 1 1 3 50 50 0 0
72 137 1 2 3 200 200 0 0
72 137 1 3 3 100 100 0 0
72 137 3 0 4 50 100 0 0
72 137 3 1 4 25 50 0 0
72 137 3 2 4 100 200 0 0
72 137 3 3 4 50 100 0 0
72 137 18 0 28 100 200 0 0
72 137 18 1 28 50 100 0 0
72 137 18 2 28 200 400 0 0
72 137 18 3 28 100 200 0 0
72 137 23 0 5 100 100 0 0
72 137 23 1 5 50 50 0 0
72 137 23 2 5 200 200 0 0
72 137 23 3 5 100 100 0 0
72 137 43 0 18 50 200 0 0
72 137 43 1 18 25 100 0 0
72 137 43 2 18 100 400 0 0
72 137 43 3 18 50 200 0 0
72 137 50 0 85 50 200 0 0
72 137 50 1 85 25 100 0 0
72 137 50 2 85 100 400 0 0
72 137 50 3 85 50 200 0 0
72 137 63 0 21 50 100 0 0
72 137 63 1 21 25 50 0 0
72 137 63 2 21 100 200 0 0
72 137 63 3 21 50 100 0 0
72 137 64 0 21 50 100 0 0
72 137 64 1 21 25 50 0 0
72 137 64 2 21 100 200 0 0
72 137 64 3 21 50 100 0 0
73 137 1 0 3 100 100 0 0
73 137 1 1 3 50 50 0 0
73 137 1 2 3 200 200 0 0
73 137 1 3 3 100 100 0 0
73 137 3 0 4 50 100 0 0
73 137 3 1 4 25 50 0 0
73 137 3 2 4 100 200 0 0
73 137 3 3 4 50 100 0 0
73 137 18 0 29 100 200 0 0
73 137 18 1 29 50 100 0 0
73 137 18 2 29 200 400 0 0
73 137 18 3 29 100 200 0 0
73 137 23 0 5 100 100 0 0
73 137 23 1 5 50 50 0 0
73 137 23 2 5 200 200 0 0
73 137 23 3 5 100 100 0 0
73 137 43 0 18 50 200 0 0
73 137 43 1 18 25 100 0 0
73 137 43 2 18 100 400 0 0
73 137 43 3 18 50 200 0 0
73 137 50 0 86 50 200 0 0
73 137 50 1 86 25 100 0 0
73 137 50 2 86 100 400 0 0
73 137 50 3 86 50 200 0 0
73 137 63 0 21 50 100 0 0
73 137 63 1 21 25 50 0 0
73 137 63 2 21 100 200 0 0
73 137 63 3 21 50 100 0 0
73 137 64 0 21 50 100 0 0
73 137 64 1 21 25 50 0 0
73 137 64 2 21 100 200 0 0
73 137 64 3 21 50 100 0 0
74 137 1 0 3 100 100 0 0
74 137 1 1 3 50 50 0 0
74 137 1 2 3 200 200 0 0
74 137 1 3 3 100 100 0 0
74 137 3 0 4 50 100 0 0
74 137 3 1 4 25 50 0 0
74 137 3 2 4 100 200 0 0
74 137 3 3 4 50 100 0 0
74 137 18 0 29 100 200 0 0
74 137 18 1 29 50 100 0 0
74 137 18 2 29 200 400 0 0
74 137 18 3 29 100 200 0 0
74 137 23 0 5 100 100 0 0
74 137 23 1 5 50 50 0 0
74 137 23 2 5 200 200 0 0
74 137 23 3 5 100 100 0 0
74 137 43 0 18 50 200 0 0
74 137 43 1 18 25 100 0 0
74 137 43 2 18 100 400 0 0
74 137 43 3 18 50 200 0 0
74 137 50 0 87 50 200 0 0
74 137 50 1 87 25 100 0 0
74 137 50 2 87 100 400 0 0
74 137 50 3 87 50 200 0 0
74 137 63 0 21 50 100 0 0
74 137 63 1 21 25 50 0 0
74 137 63 2 21 100 200 0 0
74 137 63 3 21 50 100 0 0
74 137 64 0 21 50 100 0 0
74 137 64 1 21 25 50 0 0
74 137 64 2 21 100 200 0 0
74 137 64 3 21 50 100 0 0
75 137 1 0 3 100 100 0 0
75 137 1 1 3 50 50 0 0
75 137 1 2 3 200 200 0 0
75 137 1 3 3 100 100 0 0
75 137 3 0 4 50 100 0 0
75 137 3 1 4 25 50 0 0
75 137 3 2 4 100 200 0 0
75 137 3 3 4 50 100 0 0
75 137 18 0 30 100 200 0 0
75 137 18 1 30 50 100 0 0
75 137 18 2 30 200 400 0 0
75 137 18 3 30 100 200 0 0
75 137 23 0 5 100 100 0 0
75 137 23 1 5 50 50 0 0
75 137 23 2 5 200 200 0 0
75 137 23 3 5 100 100 0 0
75 137 43 0 19 50 200 0 0
75 137 43 1 19 25 100 0 0
75 137 43 2 19 100 400 0 0
75 137 43 3 19 50 200 0 0
75 137 50 0 88 50 200 0 0
75 137 50 1 88 25 100 0 0
75 137 50 2 88 100 400 0 0
75 137 50 3 88 50 200 0 0
75 137 63 0 21 50 100 0 0
75 137 63 1 21 25 50 0 0
75 137 63 2 21 100 200 0 0
75 137 63 3 21 50 100 0 0
75 137 64 0 21 50 100 0 0
75 137 64 1 21 25 50 0 0
75 137 64 2 21 100 200 0 0
75 137 64 3 21 50 100 0 0
76 137 1 0 3 100 100 0 0
76 137 1 1 3 50 50 0 0
76 137 1 2 3 200 200 0 0
76 137 1 3 3 100 100 0 0
76 137 3 0 4 50 100 0 0
76 137 3 1 4 25 50 0 0
76 137 3 2 4 100 200 0 0
76 137 3 3 4 50 100 0 0
76 137 18 0 30 100 200 0 0
76 137 18 1 30 50 100 0 0
76 137 18 2 30 200 400 0 0
76 137 18 3 30 100 200 0 0
76 137 23 0 5 100 100 0 0
76 137 23 1 5 50 50 0 0
76 137 23 2 5 200 200 0 0
76 137 23 3 5 100 100 0 0
76 137 43 0 19 50 200 0 0
76 137 43 1 19 25 100 0 0
76 137 43 2 19 100 400 0 0
76 137 43 3 19 50 200 0 0
76 137 50 0 89 50 200 0 0
76 137 50 1 89 25 100 0 0
76 137 50 2 89 100 400 0 0
76 137 50 3 89 50 200 0 0
76 137 63 0 22 50 100 0 0
76 137 63 1 22 25 50 0 0
76 137 63 2 22 100 200 0 0
76 137 63 3 22 50 100 0 0
76 137 64 0 22 50 100 0 0
76 137 64 1 22 25 50 0 0
76 137 64 2 22 100 200 0 0
76 137 64 3 22 50 100 0 0
77 137 1 0 3 100 100 0 0
77 137 1 1 3 50 50 0 0
77 137 1 2 3 200 200 0 0
77 137 1 3 3 100 100 0 0
77 137 3 0 4 50 100 0 0
77 137 3 1 4 25 50 0 0
77 137 3 2 4 100 200 0 0
77 137 3 3 4 50 100 0 0
77 137 18 0 30 100 200 0 0
77 137 18 1 30 50 100 0 0
77 137 18 2 30 200 400 0 0
77 137 18 3 30 100 200 0 0
77 137 23 0 5 100 100 0 0
77 137 23 1 5 50 50 0 0
77 137 23 2 5 200 200 0 0
77 137 23 3 5 100 100 0 0
77 137 43 0 19 50 200 0 0
77 137 43 1 19 25 100 0 0
77 137 43 2 19 100 400 0 0
77 137 43 3 19 50 200 0 0
77 137 50 0 90 50 200 0 0
77 137 50 1 90 25 100 0 0
77 137 50 2 90 100 400 0 0
77 137 50 3 90 50 200 0 0
77 137 63 0 22 50 100 0 0
77 137 63 1 22 25 50 0 0
77 137 63 2 22 100 200 0 0
77 137 63 3 22 50 100 0 0
77 137 64 0 22 50 100 0 0
77 137 64 1 22 25 50 0 0
77 137 64 2 22 100 200 0 0
77 137 64 3 22 50 100 0 0
78 137 1 0 3 100 100 0 0
78 137 1 1 3 50 50 0 0
78 137 1 2 3 200 200 0 0
78 137 1 3 3 100 100 0 0
78 137 3 0 4 50 100 0 0
78 137 3 1 4 25 50 0 0
78 137 3 2 4 100 200 0 0
78 137 3 3 4 50 100 0 0
78 137 18 0 31 100 200 0 0
78 137 18 1 31 50 100 0 0
78 137 18 2 31 200 400 0 0
78 137 18 3 31 100 200 0 0
78 137 23 0 5 100 100 0 0
78 137 23 1 5 50 50 0 0
78 137 23 2 5 200 200 0 0
78 137 23 3 5 100 100 0 0
78 137 43 0 19 50 200 0 0
78 137 43 1 19 25 100 0 0
78 137 43 2 19 100 400 0 0
78 137 43 3 19 50 200 0 0
78 137 50 0 91 50 200 0 0
78 137 50 1 91 25 100 0 0
78 137 50 2 91 100 400 0 0
78 137 50 3 91 50 200 0 0
78 137 63 0 22 50 100 0 0
78 137 63 1 22 25 50 0 0
78 137 63 2 22 100 200 0 0
78 137 63 3 22 50 100 0 0
78 137 64 0 22 50 100 0 0
78 137 64 1 22 25 50 0 0
78 137 64 2 22 100 200 0 0
78 137 64 3 22 50 100 0 0
79 137 1 0 3 100 100 0 0
79 137 1 1 3 50 50 0 0
79 137 1 2 3 200 200 0 0
79 137 1 3 3 100 100 0 0
79 137 3 0 4 50 100 0 0
79 137 3 1 4 25 50 0 0
79 137 3 2 4 100 200 0 0
79 137 3 3 4 50 100 0 0
79 137 18 0 31 100 200 0 0
79 137 18 1 31 50 100 0 0
79 137 18 2 31 200 400 0 0
79 137 18 3 31 100 200 0 0
79 137 23 0 5 100 100 0 0
79 137 23 1 5 50 50 0 0
79 137 23 2 5 200 200 0 0
79 137 23 3 5 100 100 0 0
79 137 43 0 20 50 200 0 0
79 137 43 1 20 25 100 0 0
79 137 43 2 20 100 400 0 0
79 137 43 3 20 50 200 0 0
79 137 50 0 92 50 200 0 0
79 137 50 1 92 25 100 0 0
79 137 50 2 92 100 400 0 0
79 137 50 3 92 50 200 0 0
79 137 63 0 23 50 100 0 0
79 137 63 1 23 25 50 0 0
79 137 63 2 23 100 200 0 0
79 137 63 3 23 50 100 0 0
79 137 64 0 23 50 100 0 0
79 137 64 1 23 25 50 0 0
79 137 64 2 23 100 200 0 0
79 137 64 3 23 50 100 0 0
80 137 1 0 3 100 100 0 0
80 137 1 1 3 50 50 0 0
80 137 1 2 3 200 200 0 0
80 137 1 3 3 100 100 0 0
80 137 3 0 4 50 100 0 0
80 137 3 1 4 25 50 0 0
80 137 3 2 4 100 200 0 0
80 137 3 3 4 50 100 0 0
80 137 18 0 32 100 200 0 0
80 137 18 1 32 50 100 0 0
80 137 18 2 32 200 400 0 0
80 137 18 3 32 100 200 0 0
80 137 23 0 5 100 100 0 0
80 137 23 1 5 50 50 0 0
80 137 23 2 5 200 200 0 0
80 137 23 3 5 100 100 0 0
80 137 43 0 20 50 200 0 0
80 137 43 1 20 25 100 0 0
80 137 43 2 20 100 400 0 0
80 137 43 3 20 50 200 0 0
80 137 50 0 93 50 200 0 0
80 137 50 1 93 25 100 0 0
80 137 50 2 93 100 400 0 0
80 137 50 3 93 50 200 0 0
80 137 63 0 23 50 100 0 0
80 137 63 1 23 25 50 0 0
80 137 63 2 23 100 200 0 0
80 137 63 3 23 50 100 0 0
80 137 64 0 23 50 100 0 0
80 137 64 1 23 25 50 0 0
80 137 64 2 23 100 200 0 0
80 137 64 3 23 50 100 0 0
81 137 1 0 3 100 100 0 0
81 137 1 1 3 50 50 0 0
81 137 1 2 3 200 200 0 0
81 137 1 3 3 100 100 0 0
81 137 3 0 4 50 100 0 0
81 137 3 1 4 25 50 0 0
81 137 3 2 4 100 200 0 0
81 137 3 3 4 50 100 0 0
81 137 18 0 32 100 200 0 0
81 137 18 1 32 50 100 0 0
81 137 18 2 32 200 400 0 0
81 137 18 3 32 100 200 0 0
81 137 23 0 5 100 100 0 0
81 137 23 1 5 50 50 0 0
81 137 23 2 5 200 200 0 0
81 137 23 3 5 100 100 0 0
81 137 43 0 20 50 200 0 0
81 137 43 1 20 25 100 0 0
81 137 43 2 20 100 400 0 0
81 137 43 3 20 50 200 0 0
81 137 50 0 94 50 200 0 0
81 137 50 1 94 25 100 0 0
81 137 50 2 94 100 400 0 0
81 137 50 3 94 50 200 0 0
81 137 63 0 23 50 100 0 0
81 137 63 1 23 25 50 0 0
81 137 63 2 23 100 200 0 0
81 137 63 3 23 50 100 0 0
81 137 64 0 23 50 100 0 0
81 137 64 1 23 25 50 0 0
81 137 64 2 23 100 200 0 0
81 137 64 3 23 50 100 0 0
82 137 1 0 3 100 100 0 0
82 137 1 1 3 50 50 0 0
82 137 1 2 3 200 200 0 0
82 137 1 3 3 100 100 0 0
82 137 3 0 4 50 100 0 0
82 137 3 1 4 25 50 0 0
82 137 3 2 4 100 200 0 0
82 137 3 3 4 50 100 0 0
82 137 18 0 32 100 200 0 0
82 137 18 1 32 50 100 0 0
82 137 18 2 32 200 400 0 0
82 137 18 3 32 100 200 0 0
82 137 23 0 5 100 100 0 0
82 137 23 1 5 50 50 0 0
82 137 23 2 5 200 200 0 0
82 137 23 3 5 100 100 0 0
82 137 43 0 20 50 200 0 0
82 137 43 1 20 25 100 0 0
82 137 43 2 20 100 400 0 0
82 137 43 3 20 50 200 0 0
82 137 50 0 95 50 200 0 0
82 137 50 1 95 25 100 0 0
82 137 50 2 95 100 400 0 0
82 137 50 3 95 50 200 0 0
82 137 63 0 23 50 100 0 0
82 137 63 1 23 25 50 0 0
82 137 63 2 23 100 200 0 0
82 137 63 3 23 50 100 0 0
82 137 64 0 23 50 100 0 0
82 137 64 1 23 25 50 0 0
82 137 64 2 23 100 200 0 0
82 137 64 3 23 50 100 0 0
83 137 1 0 3 100 100 0 0
83 137 1 1 3 50 50 0 0
83 137 1 2 3 200 200 0 0
83 137 1 3 3 100 100 0 0
83 137 3 0 4 50 100 0 0
83 137 3 1 4 25 50 0 0
83 137 3 2 4 100 200 0 0
83 137 3 3 4 50 100 0 0
83 137 18 0 33 100 200 0 0
83 137 18 1 33 50 100 0 0
83 137 18 2 33 200 400 0 0
83 137 18 3 33 100 200 0 0
83 137 23 0 6 100 100 0 0
83 137 23 1 6 50 50 0 0
83 137 23 2 6 200 200 0 0
83 137 23 3 6 100 100 0 0
83 137 43 0 21 50 200 0 0
83 137 43 1 21 25 100 0 0
83 137 43 2 21 100 400 0 0
83 137 43 3 21 50 200 0 0
83 137 50 0 96 50 200 0 0
83 137 50 1 96 25 100 0 0
83 137 50 2 96 100 400 0 0
83 137 50 3 96 50 200 0 0
83 137 63 0 24 50 100 0 0
83 137 63 1 24 25 50 0 0
83 137 63 2 24 100 200 0 0
83 137 63 3 24 50 100 0 0
83 137 64 0 24 50 100 0 0
83 137 64 1 24 25 50 0 0
83 137 64 2 24 100 200 0 0
83 137 64 3 24 50 100 0 0
84 137 1 0 3 100 100 0 0
84 137 1 1 3 50 50 0 0
84 137 1 2 3 200 200 0 0
84 137 1 3 3 100 100 0 0
84 137 3 0 4 50 100 0 0
84 137 3 1 4 25 50 0 0
84 137 3 2 4 100 200 0 0
84 137 3 3 4 50 100 0 0
84 137 18 0 33 100 200 0 0
84 137 18 1 33 50 100 0 0
84 137 18 2 33 200 400 0 0
84 137 18 3 33 100 200 0 0
84 137 23 0 6 100 100 0 0
84 137 23 1 6 50 50 0 0
84 137 23 2 6 200 200 0 0
84 137 23 3 6 100 100 0 0
84 137 43 0 21 50 200 0 0
84 137 43 1 21 25 100 0 0
84 137 43 2 21 100 400 0 0
84 137 43 3 21 50 200 0 0
84 137 50 0 97 50 200 0 0
84 137 50 1 97 25 100 0 0
84 137 50 2 97 100 400 0 0
84 137 50 3 97 50 200 0 0
84 137 63 0 24 50 100 0 0
84 137 63 1 24 25 50 0 0
84 137 63 2 24 100 200 0 0
84 137 63 3 24 50 100 0 0
84 137 64 0 24 50 100 0 0
84 137 64 1 24 25 50 0 0
84 137 64 2 24 100 200 0 0
84 137 64 3 24 50 100 0 0
85 137 1 0 3 100 100 0 0
85 137 1 1 3 50 50 0 0
85 137 1 2 3 200 200 0 0
85 137 1 3 3 100 100 0 0
85 137 3 0 4 50 100 0 0
85 137 3 1 4 25 50 0 0
85 137 3 2 4 100 200 0 0
85 137 3 3 4 50 100 0 0
85 137 18 0 34 100 200 0 0
85 137 18 1 34 50 100 0 0
85 137 18 2 34 200 400 0 0
85 137 18 3 34 100 200 0 0
85 137 23 0 6 100 100 0 0
85 137 23 1 6 50 50 0 0
85 137 23 2 6 200 200 0 0
85 137 23 3 6 100 100 0 0
85 137 43 0 21 50 200 0 0
85 137 43 1 21 25 100 0 0
85 137 43 2 21 100 400 0 0
85 137 43 3 21 50 200 0 0
85 137 50 0 98 50 200 0 0
85 137 50 1 98 25 100 0 0
85 137 50 2 98 100 400 0 0
85 137 50 3 98 50 200 0 0
85 137 63 0 24 50 100 0 0
85 137 63 1 24 25 50 0 0
85 137 63 2 24 100 200 0 0
85 137 63 3 24 50 100 0 0
85 137 64 0 24 50 100 0 0
85 137 64 1 24 25 50 0 0
85 137 64 2 24 100 200 0 0
85 137 64 3 24 50 100 0 0
86 137 1 0 3 100 100 0 0
86 137 1 1 3 50 50 0 0
86 137 1 2 3 200 200 0 0
86 137 1 3 3 100 100 0 0
86 137 3 0 5 50 100 0 0
86 137 3 1 5 25 50 0 0
86 137 3 2 5 100 200 0 0
86 137 3 3 5 50 100 0 0
86 137 18 0 34 100 200 0 0
86 137 18 1 34 50 100 0 0
86 137 18 2 34 200 400 0 0
86 137 18 3 34 100 200 0 0
86 137 23 0 6 100 100 0 0
86 137 23 1 6 50 50 0 0
86 137 23 2 6 200 200 0 0
86 137 23 3 6 100 100 0 0
86 137 43 0 21 50 200 0 0
86 137 43 1 21 25 100 0 0
86 137 43 2 21 100 400 0 0
86 137 43 3 21 50 200 0 0
86 137 50 0 99 50 200 0 0
86 137 50 1 99 25 100 0 0
86 137 50 2 99 100 400 0 0
86 137 50 3 99 50 200 0 0
86 137 63 0 25 50 100 0 0
86 137 63 1 25 25 50 0 0
86 137 63 2 25 100 200 0 0
86 137 63 3 25 50 100 0 0
86 137 64 0 25 50 100 0 0
86 137 64 1 25 25 50 0 0
86 137 64 2 25 100 200 0 0
86 137 64 3 25 50 100 0 0
87 137 1 0 3 100 100 0 0
87 137 1 1 3 50 50 0 0
87 137 1 2 3 200 200 0 0
87 137 1 3 3 100 100 0 0
87 137 3 0 5 50 100 0 0
87 137 3 1 5 25 50 0 0
87 137 3 2 5 100 200 0 0
87 137 3 3 5 50 100 0 0
87 137 18 0 34 100 200 0 0
87 137 18 1 34 50 100 0 0
87 137 18 2 34 200 400 0 0
87 137 18 3 34 100 200 0 0
87 137 23 0 6 100 100 0 0
87 137 23 1 6 50 50 0 0
87 137 23 2 6 200 200 0 0
87 137 23 3 6 100 100 0 0
87 137 43 0 22 50 200 0 0
87 137 43 1 22 25 100 0 0
87 137 43 2 22 100 400 0 0
87 137 43 3 22 50 200 0 0
87 137 50 0 100 50 200 0 0
87 137 50 1 100 25 100 0 0
87 137 50 2 100 100 400 0 0
87 137 50 3 100 50 200 0 0
87 137 63 0 25 50 100 0 0
87 137 63 1 25 25 50 0 0
87 137 63 2 25 100 200 0 0
87 137 63 3 25 50 100 0 0
87 137 64 0 25 50 100 0 0
87 137 64 1 25 25 50 0 0
87 137 64 2 25 100 200 0 0
87 137 64 3 25 50 100 0 0
88 137 1 0 3 100 100 0 0
88 137 1 1 3 50 50 0 0
88 137 1 2 3 200 200 0 0
88 137 1 3 3 100 100 0 0
88 137 3 0 5 50 100 0 0
88 137 3 1 5 25 50 0 0
88 137 3 2 5 100 200 0 0
88 137 3 3 5 50 100 0 0
88 137 18 0 35 100 200 0 0
88 137 18 1 35 50 100 0 0
88 137 18 2 35 200 400 0 0
88 137 18 3 35 100 200 0 0
88 137 23 0 6 100 100 0 0
88 137 23 1 6 50 50 0 0
88 137 23 2 6 200 200 0 0
88 137 23 3 6 100 100 0 0
88 137 43 0 22 50 200 0 0
88 137 43 1 22 25 100 0 0
88 137 43 2 22 100 400 0 0
88 137 43 3 22 50 200 0 0
88 137 50 0 101 50 200 0 0
88 137 50 1 101 25 100 0 0
88 137 50 2 101 100 400 0 0
88 137 50 3 101 50 200 0 0
88 137 63 0 25 50 100 0 0
88 137 63 1 25 25 50 0 0
88 137 63 2 25 100 200 0 0
88 137 63 3 25 50 100 0 0
88 137 64 0 25 50 100 0 0
88 137 64 1 25 25 50 0 0
88 137 64 2 25 100 200 0 0
88 137 64 3 25 50 100 0 0
89 137 1 0 3 100 100 0 0
89 137 1 1 3 50 50 0 0
89 137 1 2 3 200 200 0 0
89 137 1 3 3 100 100 0 0
89 137 3 0 5 50 100 0 0
89 137 3 1 5 25 50 0 0
89 137 3 2 5 100 200 0 0
89 137 3 3 5 50 100 0 0
89 137 18 0 35 100 200 0 0
89 137 18 1 35 50 100 0 0
89 137 18 2 35 200 400 0 0
89 137 18 3 35 100 200 0 0
89 137 23 0 6 100 100 0 0
89 137 23 1 6 50 50 0 0
89 137 23 2 6 200 200 0 0
89 137 23 3 6 100 100 0 0
89 137 43 0 22 50 200 0 0
89 137 43 1 22 25 100 0 0
89 137 43 2 22 100 400 0 0
89 137 43 3 22 50 200 0 0
89 137 50 0 102 50 200 0 0
89 137 50 1 102 25 100 0 0
89 137 50 2 102 100 400 0 0
89 137 50 3 102 50 200 0 0
89 137 63 0 25 50 100 0 0
89 137 63 1 25 25 50 0 0
89 137 63 2 25 100 200 0 0
89 137 63 3 25 50 100 0 0
89 137 64 0 25 50 100 0 0
89 137 64 1 25 25 50 0 0
89 137 64 2 25 100 200 0 0
89 137 64 3 25 50 100 0 0
90 137 1 0 3 100 100 0 0
90 137 1 1 3 50 50 0 0
90 137 1 2 3 200 200 0 0
90 137 1 3 3 100 100 0 0
90 137 3 0 5 50 100 0 0
90 137 3 1 5 25 50 0 0
90 137 3 2 5 100 200 0 0
90 137 3 3 5 50 100 0 0
90 137 18 0 36 100 200 0 0
90 137 18 1 36 50 100 0 0
90 137 18 2 36 200 400 0 0
90 137 18 3 36 100 200 0 0
90 137 23 0 6 100 100 0 0
90 137 23 1 6 50 50 0 0
90 137 23 2 6 200 200 0 0
90 137 23 3 6 100 100 0 0
90 137 43 0 22 50 200 0 0
90 137 43 1 22 25 100 0 0
90 137 43 2 22 100 400 0 0
90 137 43 3 22 50 200 0 0
90 137 50 0 103 50 200 0 0
90 137 50 1 103 25 100 0 0
90 137 50 2 103 100 400 0 0
90 137 50 3 103 50 200 0 0
90 137 63 0 26 50 100 0 0
90 137 63 1 26 25 50 0 0
90 137 63 2 26 100 200 0 0
90 137 63 3 26 50 100 0 0
90 137 64 0 26 50 100 0 0
90 137 64 1 26 25 50 0 0
90 137 64 2 26 100 200 0 0
90 137 64 3 26 50 100 0 0
91 137 1 0 3 100 100 0 0
91 137 1 1 3 50 50 0 0
91 137 1 2 3 200 200 0 0
91 137 1 3 3 100 100 0 0
91 137 3 0 5 50 100 0 0
91 137 3 1 5 25 50 0 0
91 137 3 2 5 100 200 0 0
91 137 3 3 5 50 100 0 0
91 137 18 0 36 100 200 0 0
91 137 18 1 36 50 100 0 0
91 137 18 2 36 200 400 0 0
91 137 18 3 36 100 200 0 0
91 137 23 0 6 100 100 0 0
91 137 23 1 6 50 50 0 0
91 137 23 2 6 200 200 0 0
91 137 23 3 6 100 100 0 0
91 137 43 0 23 50 200 0 0
91 137 43 1 23 25 100 0 0
91 137 43 2 23 100 400 0 0
91 137 43 3 23 50 200 0 0
91 137 50 0 104 50 200 0 0
91 137 50 1 104 25 100 0 0
91 137 50 2 104 100 400 0 0
91 137 50 3 104 50 200 0 0
91 137 63 0 26 50 100 0 0
91 137 63 1 26 25 50 0 0
91 137 63 2 26 100 200 0 0
91 137 63 3 26 50 100 0 0
91 137 64 0 26 50 100 0 0
91 137 64 1 26 25 50 0 0
91 137 64 2 26 100 200 0 0
91 137 64 3 26 50 100 0 0
92 137 1 0 4 100 100 0 0
92 137 1 1 4 50 50 0 0
92 137 1 2 4 200 200 0 0
92 137 1 3 4 100 100 0 0
92 137 3 0 5 50 100 0 0
92 137 3 1 5 25 50 0 0
92 137 3 2 5 100 200 0 0
92 137 3 3 5 50 100 0 0
92 137 18 0 36 100 200 0 0
92 137 18 1 36 50 100 0 0
92 137 18 2 36 200 400 0 0
92 137 18 3 36 100 200 0 0
92 137 23 0 6 100 100 0 0
92 137 23 1 6 50 50 0 0
92 137 23 2 6 200 200 0 0
92 137 23 3 6 100 100 0 0
92 137 43 0 23 50 200 0 0
92 137 43 1 23 25 100 0 0
92 137 43 2 23 100 400 0 0
92 137 43 3 23 50 200 0 0
92 137 50 0 105 50 200 0 0
92 137 50 1 105 25 100 0 0
92 137 50 2 105 100 400 0 0
92 137 50 3 105 50 200 0 0
92 137 63 0 26 50 100 0 0
92 137 63 1 26 25 50 0 0
92 137 63 2 26 100 200 0 0
92 137 63 3 26 50 100 0 0
92 137 64 0 26 50 100 0 0
92 137 64 1 26 25 50 0 0
92 137 64 2 26 100 200 0 0
92 137 64 3 26 50 100 0 0
93 137 1 0 4 100 100 0 0
93 137 1 1 4 50 50 0 0
93 137 1 2 4 200 200 0 0
93 137 1 3 4 100 100 0 0
93 137 3 0 5 50 100 0 0
93 137 3 1 5 25 50 0 0
93 137 3 2 5 100 200 0 0
93 137 3 3 5 50 100 0 0
93 137 18 0 37 100 200 0 0
93 137 18 1 37 50 100 0 0
93 137 18 2 37 200 400 0 0
93 137 18 3 37 100 200 0 0
93 137 23 0 6 100 100 0 0
93 137 23 1 6 50 50 0 0
93 137 23 2 6 200 200 0 0
93 137 23 3 6 100 100 0 0
93 137 43 0 23 50 200 0 0
93 137 43 1 23 25 100 0 0
93 137 43 2 23 100 400 0 0
93 137 43 3 23 50 200 0 0
93 137 50 0 106 50 200 0 0
93 137 50 1 106 25 100 0 0
93 137 50 2 106 100 400 0 0
93 137 50 3 106 50 200 0 0
93 137 63 0 27 50 100 0 0
93 137 63 1 27 25 50 0 0
93 137 63 2 27 100 200 0 0
93 137 63 3 27 50 100 0 0
93 137 64 0 27 50 100 0 0
93 137 64 1 27 25 50 0 0
93 137 64 2 27 100 200 0 0
93 137 64 3 27 50 100 0 0
94 137 1 0 4 100 100 0 0
94 137 1 1 4 50 50 0 0
94 137 1 2 4 200 200 0 0
94 137 1 3 4 100 100 0 0
94 137 3 0 5 50 100 0 0
94 137 3 1 5 25 50 0 0
94 137 3 2 5 100 200 0 0
94 137 3 3 5 50 100 0 0
94 137 18 0 37 100 200 0 0
94 137 18 1 37 50 100 0 0
94 137 18 2 37 200 400 0 0
94 137 18 3 37 100 200 0 0
94 137 23 0 6 100 100 0 0
94 137 23 1 6 50 50 0 0
94 137 23 2 6 200 200 0 0
94 137 23 3 6 100 100 0 0
94 137 43 0 24 50 200 0 0
94 137 43 1 24 25 100 0 0
94 137 43 2 24 100 400 0 0
94 137 43 3 24 50 200 0 0
94 137 50 0 107 50 200 0 0
94 137 50 1 107 25 100 0 0
94 137 50 2 107 100 400 0 0
94 137 50 3 107 50 200 0 0
94 137 63 0 27 50 100 0 0
94 137 63 1 27 25 50 0 0
94 137 63 2 27 100 200 0 0
94 137 63 3 27 50 100 0 0
94 137 64 0 27 50 100 0 0
94 137 64 1 27 25 50 0 0
94 137 64 2 27 100 200 0 0
94 137 64 3 27 50 100 0 0
95 137 1 0 4 100 100 0 0
95 137 1 1 4 50 50 0 0
95 137 1 2 4 200 200 0 0
95 137 1 3 4 100 100 0 0
95 137 3 0 5 50 100 0 0
95 137 3 1 5 25 50 0 0
95 137 3 2 5 100 200 0 0
95 137 3 3 5 50 100 0 0
95 137 18 0 38 100 200 0 0
95 137 18 1 38 50 100 0 0
95 137 18 2 38 200 400 0 0
95 137 18 3 38 100 200 0 0
95 137 23 0 6 100 100 0 0
95 137 23 1 6 50 50 0 0
95 137 23 2 6 200 200 0 0
95 137 23 3 6 100 100 0 0
95 137 43 0 24 50 200 0 0
95 137 43 1 24 25 100 0 0
95 137 43 2 24 100 400 0 0
95 137 43 3 24 50 200 0 0
95 137 50 0 108 50 200 0 0
95 137 50 1 108 25 100 0 0
95 137 50 2 108 100 400 0 0
95 137 50 3 108 50 200 0 0
95 137 63 0 27 50 100 0 0
95 137 63 1 27 25 50 0 0
95 137 63 2 27 100 200 0 0
95 137 63 3 27 50 100 0 0
95 137 64 0 27 50 100 0 0
95 137 64 1 27 25 50 0 0
95 137 64 2 27 100 200 0 0
95 137 64 3 27 50 100 0 0
96 137 1 0 4 100 100 0 0
96 137 1 1 4 50 50 0 0
96 137 1 2 4 200 200 0 0
96 137 1 3 4 100 100 0 0
96 137 3 0 5 50 100 0 0
96 137 3 1 5 25 50 0 0
96 137 3 2 5 100 200 0 0
96 137 3 3 5 50 100 0 0
96 137 18 0 38 100 200 0 0
96 137 18 1 38 50 100 0 0
96 137 18 2 38 200 400 0 0
96 137 18 3 38 100 200 0 0
96 137 23 0 7 100 100 0 0
96 137 23 1 7 50 50 0 0
96 137 23 2 7 200 200 0 0
96 137 23 3 7 100 100 0 0
96 137 43 0 24 50 200 0 0
96 137 43 1 24 25 100 0 0
96 137 43 2 24 100 400 0 0
96 137 43 3 24 50 200 0 0
96 137 50 0 109 50 200 0 0
96 137 50 1 109 25 100 0 0
96 137 50 2 109 100 400 0 0
96 137 50 3 109 50 200 0 0
96 137 63 0 28 50 100 0 0
96 137 63 1 28 25 50 0 0
96 137 63 2 28 100 200 0 0
96 137 63 3 28 50 100 0 0
96 137 64 0 28 50 100 0 0
96 137 64 1 28 25 50 0 0
96 137 64 2 28 100 200 0 0
96 137 64 3 28 50 100 0 0
97 137 1 0 4 100 100 0 0
97 137 1 1 4 50 50 0 0
97 137 1 2 4 200 200 0 0
97 137 1 3 4 100 100 0 0
97 137 3 0 5 50 100 0 0
97 137 3 1 5 25 50 0 0
97 137 3 2 5 100 200 0 0
97 137 3 3 5 50 100 0 0
97 137 18 0 38 100 200 0 0
97 137 18 1 38 50 100 0 0
97 137 18 2 38 200 400 0 0
97 137 18 3 38 100 200 0 0
97 137 23 0 7 100 100 0 0
97 137 23 1 7 50 50 0 0
97 137 23 2 7 200 200 0 0
97 137 23 3 7 100 100 0 0
97 137 43 0 24 50 200 0 0
97 137 43 1 24 25 100 0 0
97 137 43 2 24 100 400 0 0
97 137 43 3 24 50 200 0 0
97 137 50 0 110 50 200 0 0
97 137 50 1 110 25 100 0 0
97 137 50 2 110 100 400 0 0
97 137 50 3 110 50 200 0 0
97 137 63 0 28 50 100 0 0
97 137 63 1 28 25 50 0 0
97 137 63 2 28 100 200 0 0
97 137 63 3 28 50 100 0 0
97 137 64 0 28 50 100 0 0
97 137 64 1 28 25 50 0 0
97 137 64 2 28 100 200 0 0
97 137 64 3 28 50 100 0 0
98 137 1 0 4 100 100 0 0
98 137 1 1 4 50 50 0 0
98 137 1 2 4 200 200 0 0
98 137 1 3 4 100 100 0 0
98 137 3 0 5 50 100 0 0
98 137 3 1 5 25 50 0 0
98 137 3 2 5 100 200 0 0
98 137 3 3 5 50 100 0 0
98 137 18 0 39 100 200 0 0
98 137 18 1 39 50 100 0 0
98 137 18 2 39 200 400 0 0
98 137 18 3 39 100 200 0 0
98 137 23 0 7 100 100 0 0
98 137 23 1 7 50 50 0 0
98 137 23 2 7 200 200 0 0
98 137 23 3 7 100 100 0 0
98 137 43 0 25 50 200 0 0
98 137 43 1 25 25 100 0 0
98 137 43 2 25 100 400 0 0
98 137 43 3 25 50 200 0 0
98 137 50 0 111 50 200 0 0
98 137 50 1 111 25 100 0 0
98 137 50 2 111 100 400 0 0
98 137 50 3 111 50 200 0 0
98 137 63 0 28 50 100 0 0
98 137 63 1 28 25 50 0 0
98 137 63 2 28 100 200 0 0
98 137 63 3 28 50 100 0 0
98 137 64 0 28 50 100 0 0
98 137 64 1 28 25 50 0 0
98 137 64 2 28 100 200 0 0
98 137 64 3 28 50 100 0 0
99 137 1 0 4 100 100 0 0
99 137 1 1 4 50 50 0 0
99 137 1 2 4 200 200 0 0
99 137 1 3 4 100 100 0 0
99 137 3 0 5 50 100 0 0
99 137 3 1 5 25 50 0 0
99 137 3 2 5 100 200 0 0
99 137 3 3 5 50 100 0 0
99 137 18 0 39 100 200 0 0
99 137 18 1 39 50 100 0 0
99 137 18 2 39 200 400 0 0
99 137 18 3 39 100 200 0 0
99 137 23 0 7 100 100 0 0
99 137 23 1 7 50 50 0 0
99 137 23 2 7 200 200 0 0
99 137 23 3 7 100 100 0 0
99 137 43 0 25 50 200 0 0
99 137 43 1 25 25 100 0 0
99 137 43 2 25 100 400 0 0
99 137 43 3 25 50 200 0 0
99 137 50 0 112 50 200 0 0
99 137 50 1 112 25 100 0 0
99 137 50 2 112 100 400 0 0
99 137 50 3 112 50 200 0 0
99 137 63 0 28 50 100 0 0
99 137 63 1 28 25 50 0 0
99 137 63 2 28 100 200 0 0
99 137 63 3 28 50 100 0 0
99 137 64 0 28 50 100 0 0
99 137 64 1 28 25 50 0 0
99 137 64 2 28 100 200 0 0
99 137 64 3 28 50 100 0 0
100 137 1 0 4 100 100 0 0
100 137 1 1 4 50 50 0 0
100 137 1 2 4 200 200 0 0
100 137 1 3 4 100 100 0 0
100 137 3 0 5 50 100 0 0
100 137 3 1 5 25 50 0 0
100 137 3 2 5 100 200 0 0
100 137 3 3 5 50 100 0 0
100 137 18 0 40 100 200 0 0
100 137 18 1 40 50 100 0 0
100 137 18 2 40 200 400 0 0
100 137 18 3 40 100 200 0 0
100 137 23 0 7 100 100 0 0
100 137 23 1 7 50 50 0 0
100 137 23 2 7 200 200 0 0
100 137 23 3 7 100 100 0 0
100 137 43 0 25 50 200 0 0
100 137 43 1 25 25 100 0 0
100 137 43 2 25 100 400 0 0
100 137 43 3 25 50 200 0 0
100 137 50 0 113 50 200 0 0
100 137 50 1 113 25 100 0 0
100 137 50 2 113 100 400 0 0
100 137 50 3 113 50 200 0 0
100 137 63 0 29 50 100 0 0
100 137 63 1 29 25 50 0 0
100 137 63 2 29 100 200 0 0
100 137 63 3 29 50 100 0 0
100 137 64 0 29 50 100 0 0
100 137 64 1 29 25 50 0 0
100 137 64 2 29 100 200 0 0
100 137 64 3 29 50 100 0 0
101 137 1 0 4 100 100 0 0
101 137 1 1 4 50 50 0 0
101 137 1 2 4 200 200 0 0
101 137 1 3 4 100 100 0 0
101 137 3 0 5 50 100 0 0
101 137 3 1 5 25 50 0 0
101 137 3 2 5 100 200 0 0
101 137 3 3 5 50 100 0 0
101 137 18 0 40 100 200 0 0
101 137 18 1 40 50 100 0 0
101 137 18 2 40 200 400 0 0
101 137 18 3 40 100 200 0 0
101 137 23 0 7 100 100 0 0
101 137 23 1 7 50 50 0 0
101 137 23 2 7 200 200 0 0
101 137 23 3 7 100 100 0 0
101 137 43 0 25 50 200 0 0
101 137 43 1 25 25 100 0 0
101 137 43 2 25 100 400 0 0
101 137 43 3 25 50 200 0 0
101 137 50 0 114 50 200 0 0
101 137 50 1 114 25 100 0 0
101 137 50 2 114 100 400 0 0
101 137 50 3 114 50 200 0 0
101 137 63 0 29 50 100 0 0
101 137 63 1 29 25 50 0 0
101 137 63 2 29 100 200 0 0
101 137 63 3 29 50 100 0 0
101 137 64 0 29 50 100 0 0
101 137 64 1 29 25 50 0 0
101 137 64 2 29 100 200 0 0
101 137 64 3 29 50 100 0 0
102 137 1 0 4 100 100 0 0
102 137 1 1 4 50 50 0 0
102 137 1 2 4 200 200 0 0
102 137 1 3 4 100 100 0 0
102 137 3 0 5 50 100 0 0
102 137 3 1 5 25 50 0 0
102 137 3 2 5 100 200 0 0
102 137 3 3 5 50 100 0 0
102 137 18 0 40 100 200 0 0
102 137 18 1 40 50 100 0 0
102 137 18 2 40 200 400 0 0
102 137 18 3 40 100 200 0 0
102 137 23 0 7 100 100 0 0
102 137 23 1 7 50 50 0 0
102 137 23 2 7 200 200 0 0
102 137 23 3 7 100 100 0 0
102 137 43 0 26 50 200 0 0
102 137 43 1 26 25 100 0 0
102 137 43 2 26 100 400 0 0
102 137 43 3 26 50 200 0 0
102 137 50 0 115 50 200 0 0
102 137 50 1 115 25 100 0 0
102 137 50 2 115 100 400 0 0
102 137 50 3 115 50 200 0 0
102 137 63 0 29 50 100 0 0
102 137 63 1 29 25 50 0 0
102 137 63 2 29 100 200 0 0
102 137 63 3 29 50 100 0 0
102 137 64 0 29 50 100 0 0
102 137 64 1 29 25 50 0 0
102 137 64 2 29 100 200 0 0
102 137 64 3 29 50 100 0 0
103 137 1 0 4 100 100 0 0
103 137 1 1 4 50 50 0 0
103 137 1 2 4 200 200 0 0
103 137 1 3 4 100 100 0 0
103 137 3 0 6 50 100 0 0
103 137 3 1 6 25 50 0 0
103 137 3 2 6 100 200 0 0
103 137 3 3 6 50 100 0 0
103 137 18 0 41 100 200 0 0
103 137 18 1 41 50 100 0 0
103 137 18 2 41 200 400 0 0
103 137 18 3 41 100 200 0 0
103 137 23 0 7 100 100 0 0
103 137 23 1 7 50 50 0 0
103 137 23 2 7 200 200 0 0
103 137 23 3 7 100 100 0 0
103 137 43 0 26 50 200 0 0
103 137 43 1 26 25 100 0 0
103 137 43 2 26 100 400 0 0
103 137 43 3 26 50 200 0 0
103 137 50 0 116 50 200 0 0
103 137 50 1 116 25 100 0 0
103 137 50 2 116 100 400 0 0
103 137 50 3 116 50 200 0 0
103 137 63 0 30 50 100 0 0
103 137 63 1 30 25 50 0 0
103 137 63 2 30 100 200 0 0
103 137 63 3 30 50 100 0 0
103 137 64 0 30 50 100 0 0
103 137 64 1 30 25 50 0 0
103 137 64 2 30 100 200 0 0
103 137 64 3 30 50 100 0 0
104 137 1 0 4 100 100 0 0
104 137 1 1 4 50 50 0 0
104 137 1 2 4 200 200 0 0
104 137 1 3 4 100 100 0 0
104 137 3 0 6 50 100 0 0
104 137 3 1 6 25 50 0 0
104 137 3 2 6 100 200 0 0
104 137 3 3 6 50 100 0 0
104 137 18 0 41 100 200 0 0
104 137 18 1 41 50 100 0 0
104 137 18 2 41 200 400 0 0
104 137 18 3 41 100 200 0 0
104 137 23 0 7 100 100 0 0
104 137 23 1 7 50 50 0 0
104 137 23 2 7 200 200 0 0
104 137 23 3 7 100 100 0 0
104 137 43 0 26 50 200 0 0
104 137 43 1 26 25 100 0 0
104 137 43 2 26 100 400 0 0
104 137 43 3 26 50 200 0 0
104 137 50 0 117 50 200 0 0
104 137 50 1 117 25 100 0 0
104 137 50 2 117 100 400 0 0
104 137 50 3 117 50 200 0 0
104 137 63 0 30 50 100 0 0
104 137 63 1 30 25 50 0 0
104 137 63 2 30 100 200 0 0
104 137 63 3 30 50 100 0 0
104 137 64 0 30 50 100 0 0
104 137 64 1 30 25 50 0 0
104 137 64 2 30 100 200 0 0
104 137 64 3 30 50 100 0 0
105 137 1 0 4 100 100 0 0
105 137 1 1 4 50 50 0 0
105 137 1 2 4 200 200 0 0
105 137 1 3 4 100 100 0 0
105 137 3 0 6 50 100 0 0
105 137 3 1 6 25 50 0 0
105 137 3 2 6 100 200 0 0
105 137 3 3 6 50 100 0 0
105 137 18 0 42 100 200 0 0
105 137 18 1 42 50 100 0 0
105 137 18 2 42 200 400 0 0
105 137 18 3 42 100 200 0 0
105 137 23 0 7 100 100 0 0
105 137 23 1 7 50 50 0 0
105 137 23 2 7 200 200 0 0
105 137 23 3 7 100 100 0 0
105 137 43 0 26 50 200 0 0
105 137 43 1 26 25 100 0 0
105 137 43 2 26 100 400 0 0
105 137 43 3 26 50 200 0 0
105 137 50 0 118 50 200 0 0
105 137 50 1 118 25 100 0 0
105 137 50 2 118 100 400 0 0
105 137 50 3 118 50 200 0 0
105 137 63 0 30 50 100 0 0
105 137 63 1 30 25 50 0 0
105 137 63 2 30 100 200 0 0
105 137 63 3 30 50 100 0 0
105 137 64 0 30 50 100 0 0
105 137 64 1 30 25 50 0 0
105 137 64 2 30 100 200 0 0
105 137 64 3 30 50 100 0 0
106 137 1 0 4 100 100 0 0
106 137 1 1 4 50 50 0 0
106 137 1 2 4 200 200 0 0
106 137 1 3 4 100 100 0 0
106 137 3 0 6 50 100 0 0
106 137 3 1 6 25 50 0 0
106 137 3 2 6 100 200 0 0
106 137 3 3 6 50 100 0 0
106 137 18 0 42 100 200 0 0
106 137 18 1 42 50 100 0 0
106 137 18 2 42 200 400 0 0
106 137 18 3 42 100 200 0 0
106 137 23 0 7 100 100 0 0
106 137 23 1 7 50 50 0 0
106 137 23 2 7 200 200 0 0
106 137 23 3 7 100 100 0 0
106 137 43 0 27 50 200 0 0
106 137 43 1 27 25 100 0 0
106 137 43 2 27 100 400 0 0
106 137 43 3 27 50 200 0 0
106 137 50 0 119 50 200 0 0
106 137 50 1 119 25 100 0 0
106 137 50 2 119 100 400 0 0
106 137 50 3 119 50 200 0 0
106 137 63 0 30 50 100 0 0
106 137 63 1 30 25 50 0 0
106 137 63 2 30 100 200 0 0
106 137 63 3 30 50 100 0 0
106 137 64 0 30 50 100 0 0
106 137 64 1 30 25 50 0 0
106 137 64 2 30 100 200 0 0
106 137 64 3 30 50 100 0 0
107 137 1 0 4 100 100 0 0
107 137 1 1 4 50 50 0 0
107 137 1 2 4 200 200 0 0
107 137 1 3 4 100 100 0 0
107 137 3 0 6 50 100 0 0
107 137 3 1 6 25 50 0 0
107 137 3 2 6 100 200 0 0
107 137 3 3 6 50 100 0 0
107 137 18 0 42 100 200 0 0
107 137 18 1 42 50 100 0 0
107 137 18 2 42 200 400 0 0
107 137 18 3 42 100 200 0 0
107 137 23 0 7 100 100 0 0
107 137 23 1 7 50 50 0 0
107 137 23 2 7 200 200 0 0
107 137 23 3 7 100 100 0 0
107 137 43 0 27 50 200 0 0
107 137 43 1 27 25 100 0 0
107 137 43 2 27 100 400 0 0
107 137 43 3 27 50 200 0 0
107 137 50 0 120 50 200 0 0
107 137 50 1 120 25 100 0 0
107 137 50 2 120 100 400 0 0
107 137 50 3 120 50 200 0 0
107 137 63 0 31 50 100 0 0
107 137 63 1 31 25 50 0 0
107 137 63 2 31 100 200 0 0
107 137 63 3 31 50 100 0 0
107 137 64 0 31 50 100 0 0
107 137 64 1 31 25 50 0 0
107 137 64 2 31 100 200 0 0
107 137 64 3 31 50 100 0 0
108 137 1 0 4 100 100 0 0
108 137 1 1 4 50 50 0 0
108 137 1 2 4 200 200 0 0
108 137 1 3 4 100 100 0 0
108 137 3 0 6 50 100 0 0
108 137 3 1 6 25 50 0 0
108 137 3 2 6 100 200 0 0
108 137 3 3 6 50 100 0 0
108 137 18 0 43 100 200 0 0
108 137 18 1 43 50 100 0 0
108 137 18 2 43 200 400 0 0
108 137 18 3 43 100 200 0 0
108 137 23 0 7 100 100 0 0
108 137 23 1 7 50 50 0 0
108 137 23 2 7 200 200 0 0
108 137 23 3 7 100 100 0 0
108 137 43 0 27 50 200 0 0
108 137 43 1 27 25 100 0 0
108 137 43 2 27 100 400 0 0
108 137 43 3 27 50 200 0 0
108 137 50 0 121 50 200 0 0
108 137 50 1 121 25 100 0 0
108 137 50 2 121 100 400 0 0
108 137 50 3 121 50 200 0 0
108 137 63 0 31 50 100 0 0
108 137 63 1 31 25 50 0 0
108 137 63 2 31 100 200 0 0
108 137 63 3 31 50 100 0 0
108 137 64 0 31 50 100 0 0
108 137 64 1 31 25 50 0 0
108 137 64 2 31 100 200 0 0
108 137 64 3 31 50 100 0 0
109 137 1 0 4 100 100 0 0
109 137 1 1 4 50 50 0 0
109 137 1 2 4 200 200 0 0
109 137 1 3 4 100 100 0 0
109 137 3 0 6 50 100 0 0
109 137 3 1 6 25 50 0 0
109 137 3 2 6 100 200 0 0
109 137 3 3 6 50 100 0 0
109 137 18 0 43 100 200 0 0
109 137 18 1 43 50 100 0 0
109 137 18 2 43 200 400 0 0
109 137 18 3 43 100 200 0 0
109 137 23 0 7 100 100 0 0
109 137 23 1 7 50 50 0 0
109 137 23 2 7 200 200 0 0
109 137 23 3 7 100 100 0 0
109 137 43 0 27 50 200 0 0
109 137 43 1 27 25 100 0 0
109 137 43 2 27 100 400 0 0
109 137 43 3 27 50 200 0 0
109 137 50 0 122 50 200 0 0
109 137 50 1 122 25 100 0 0
109 137 50 2 122 100 400 0 0
109 137 50 3 122 50 200 0 0
109 137 63 0 31 50 100 0 0
109 137 63 1 31 25 50 0 0
109 137 63 2 31 100 200 0 0
109 137 63 3 31 50 100 0 0
109 137 64 0 31 50 100 0 0
109 137 64 1 31 25 50 0 0
109 137 64 2 31 100 200 0 0
109 137 64 3 31 50 100 0 0
110 137 1 0 4 100 100 0 0
110 137 1 1 4 50 50 0 0
110 137 1 2 4 200 200 0 0
110 137 1 3 4 100 100 0 0
110 137 3 0 6 50 100 0 0
110 137 3 1 6 25 50 0 0
110 137 3 2 6 100 200 0 0
110 137 3 3 6 50 100 0 0
110 137 18 0 44 100 200 0 0
110 137 18 1 44 50 100 0 0
110 137 18 2 44 200 400 0 0
110 137 18 3 44 100 200 0 0
110 137 23 0 8 100 100 0 0
110 137 23 1 8 50 50 0 0
110 137 23 2 8 200 200 0 0
110 137 23 3 8 100 100 0 0
110 137 43 0 28 50 200 0 0
110 137 43 1 28 25 100 0 0
110 137 43 2 28 100 400 0 0
110 137 43 3 28 50 200 0 0
110 137 50 0 123 50 200 0 0
110 137 50 1 123 25 100 0 0
110 137 50 2 123 100 400 0 0
110 137 50 3 123 50 200 0 0
110 137 63 0 32 50 100 0 0
110 137 63 1 32 25 50 0 0
110 137 63 2 32 100 200 0 0
110 137 63 3 32 50 100 0 0
110 137 64 0 32 50 100 0 0
110 137 64 1 32 25 50 0 0
110 137 64 2 32 100 200 0 0
110 137 64 3 32 50 100 0 0
111 137 1 0 4 100 100 0 0
111 137 1 1 4 50 50 0 0
111 137 1 2 4 200 200 0 0
111 137 1 3 4 100 100 0 0
111 137 3 0 6 50 100 0 0
111 137 3 1 6 25 50 0 0
111 137 3 2 6 100 200 0 0
111 137 3 3 6 50 100 0 0
111 137 18 0 44 100 200 0 0
111 137 18 1 44 50 100 0 0
111 137 18 2 44 200 400 0 0
111 137 18 3 44 100 200 0 0
111 137 23 0 8 100 100 0 0
111 137 23 1 8 50 50 0 0
111 137 23 2 8 200 200 0 0
111 137 23 3 8 100 100 0 0
111 137 43 0 28 50 200 0 0
111 137 43 1 28 25 100 0 0
111 137 43 2 28 100 400 0 0
111 137 43 3 28 50 200 0 0
111 137 50 0 124 50 200 0 0
111 137 50 1 124 25 100 0 0
111 137 50 2 124 100 400 0 0
111 137 50 3 124 50 200 0 0
111 137 63 0 32 50 100 0 0
111 137 63 1 32 25 50 0 0
111 137 63 2 32 100 200 0 0
111 137 63 3 32 50 100 0 0
111 137 64 0 32 50 100 0 0
111 137 64 1 32 25 50 0 0
111 137 64 2 32 100 200 0 0
111 137 64 3 32 50 100 0 0
112 137 1 0 4 100 100 0 0
112 137 1 1 4 50 50 0 0
112 137 1 2 4 200 200 0 0
112 137 1 3 4 100 100 0 0
112 137 3 0 6 50 100 0 0
112 137 3 1 6 25 50 0 0
112 137 3 2 6 100 200 0 0
112 137 3 3 6 50 100 0 0
112 137 18 0 44 100 200 0 0
112 137 18 1 44 50 100 0 0
112 137 18 2 44 200 400 0 0
112 137 18 3 44 100 200 0 0
112 137 23 0 8 100 100 0 0
112 137 23 1 8 50 50 0 0
112 137 23 2 8 200 200 0 0
112 137 23 3 8 100 100 0 0
112 137 43 0 28 50 200 0 0
112 137 43 1 28 25 100 0 0
112 137 43 2 28 100 400 0 0
112 137 43 3 28 50 200 0 0
112 137 50 0 125 50 200 0 0
112 137 50 1 125 25 100 0 0
112 137 50 2 125 100 400 0 0
112 137 50 3 125 50 200 0 0
112 137 63 0 32 50 100 0 0
112 137 63 1 32 25 50 0 0
112 137 63 2 32 100 200 0 0
112 137 63 3 32 50 100 0 0
112 137 64 0 32 50 100 0 0
112 137 64 1 32 25 50 0 0
112 137 64 2 32 100 200 0 0
112 137 64 3 32 50 100 0 0
113 137 1 0 4 100 100 0 0
113 137 1 1 4 50 50 0 0
113 137 1 2 4 200 200 0 0
113 137 1 3 4 100 100 0 0
113 137 3 0 6 50 100 0 0
113 137 3 1 6 25 50 0 0
113 137 3 2 6 100 200 0 0
113 137 3 3 6 50 100 0 0
113 137 18 0 45 100 200 0 0
113 137 18 1 45 50 100 0 0
113 137 18 2 45 200 400 0 0
113 137 18 3 45 100 200 0 0
113 137 23 0 8 100 100 0 0
113 137 23 1 8 50 50 0 0
113 137 23 2 8 200 200 0 0
113 137 23 3 8 100 100 0 0
113 137 43 0 28 50 200 0 0
113 137 43 1 28 25 100 0 0
113 137 43 2 28 100 400 0 0
113 137 43 3 28 50 200 0 0
113 137 50 0 126 50 200 0 0
113 137 50 1 126 25 100 0 0
113 137 50 2 126 100 400 0 0
113 137 50 3 126 50 200 0 0
113 137 63 0 32 50 100 0 0
113 137 63 1 32 25 50 0 0
113 137 63 2 32 100 200 0 0
113 137 63 3 32 50 100 0 0
113 137 64 0 32 50 100 0 0
113 137 64 1 32 25 50 0 0
113 137 64 2 32 100 200 0 0
113 137 64 3 32 50 100 0 0
114 137 1 0 4 100 100 0 0
114 137 1 1 4 50 50 0 0
114 137 1 2 4 200 200 0 0
114 137 1 3 4 100 100 0 0
114 137 3 0 6 50 100 0 0
114 137 3 1 6 25 50 0 0
114 137 3 2 6 100 200 0 0
114 137 3 3 6 50 100 0 0
114 137 18 0 45 100 200 0 0
114 137 18 1 45 50 100 0 0
114 137 18 2 45 200 400 0 0
114 137 18 3 45 100 200 0 0
114 137 23 0 8 100 100 0 0
114 137 23 1 8 50 50 0 0
114 137 23 2 8 200 200 0 0
114 137 23 3 8 100 100 0 0
114 137 43 0 29 50 200 0 0
114 137 43 1 29 25 100 0 0
114 137 43 2 29 100 400 0 0
114 137 43 3 29 50 200 0 0
114 137 50 0 127 50 200 0 0
114 137 50 1 127 25 100 0 0
114 137 50 2 127 100 400 0 0
114 137 50 3 127 50 200 0 0
114 137 63 0 33 50 100 0 0
114 137 63 1 33 25 50 0 0
114 137 63 2 33 100 200 0 0
114 137 63 3 33 50 100 0 0
114 137 64 0 33 50 100 0 0
114 137 64 1 33 25 50 0 0
114 137 64 2 33 100 200 0 0
114 137 64 3 33 50 100 0 0
115 137 1 0 5 100 100 0 0
115 137 1 1 5 50 50 0 0
115 137 1 2 5 200 200 0 0
115 137 1 3 5 100 100 0 0
115 137 3 0 6 50 100 0 0
115 137 3 1 6 25 50 0 0
115 137 3 2 6 100 200 0 0
115 137 3 3 6 50 100 0 0
115 137 18 0 46 100 200 0 0
115 137 18 1 46 50 100 0 0
115 137 18 2 46 200 400 0 0
115 137 18 3 46 100 200 0 0
115 137 23 0 8 100 100 0 0
115 137 23 1 8 50 50 0 0
115 137 23 2 8 200 200 0 0
115 137 23 3 8 100 100 0 0
115 137 43 0 29 50 200 0 0
115 137 43 1 29 25 100 0 0
115 137 43 2 29 100 400 0 0
115 137 43 3 29 50 200 0 0
115 137 50 0 128 50 200 0 0
115 137 50 1 128 25 100 0 0
115 137 50 2 128 100 400 0 0
115 137 50 3 128 50 200 0 0
115 137 63 0 33 50 100 0 0
115 137 63 1 33 25 50 0 0
115 137 63 2 33 100 200 0 0
115 137 63 3 33 50 100 0 0
115 137 64 0 33 50 100 0 0
115 137 64 1 33 25 50 0 0
115 137 64 2 33 100 200 0 0
115 137 64 3 33 50 100 0 0
116 137 1 0 5 100 100 0 0
116 137 1 1 5 50 50 0 0
116 137 1 2 5 200 200 0 0
116 137 1 3 5 100 100 0 0
116 137 3 0 6 50 100 0 0
116 137 3 1 6 25 50 0 0
116 137 3 2 6 100 200 0 0
116 137 3 3 6 50 100 0 0
116 137 18 0 46 100 200 0 0
116 137 18 1 46 50 100 0 0
116 137 18 2 46 200 400 0 0
116 137 18 3 46 100 200 0 0
116 137 23 0 8 100 100 0 0
116 137 23 1 8 50 50 0 0
116 137 23 2 8 200 200 0 0
116 137 23 3 8 100 100 0 0
116 137 43 0 29 50 200 0 0
116 137 43 1 29 25 100 0 0
116 137 43 2 29 100 400 0 0
116 137 43 3 29 50 200 0 0
116 137 50 0 129 50 200 0 0
116 137 50 1 129 25 100 0 0
116 137 50 2 129 100 400 0 0
116 137 50 3 129 50 200 0 0
116 137 63 0 33 50 100 0 0
116 137 63 1 33 25 50 0 0
116 137 63 2 33 100 200 0 0
116 137 63 3 33 50 100 0 0
116 137 64 0 33 50 100 0 0
116 137 64 1 33 25 50 0 0
116 137 64 2 33 100 200 0 0
116 137 64 3 33 50 100 0 0
117 137 1 0 5 100 100 0 0
117 137 1 1 5 50 50 0 0
117 137 1 2 5 200 200 0 0
117 137 1 3 5 100 100 0 0
117 137 3 0 6 50 100 0 0
117 137 3 1 6 25 50 0 0
117 137 3 2 6 100 200 0 0
117 137 3 3 6 50 100 0 0
117 137 18 0 46 100 200 0 0
117 137 18 1 46 50 100 0 0
117 137 18 2 46 200 400 0 0
117 137 18 3 46 100 200 0 0
117 137 23 0 8 100 100 0 0
117 137 23 1 8 50 50 0 0
117 137 23 2 8 200 200 0 0
117 137 23 3 8 100 100 0 0
117 137 43 0 29 50 200 0 0
117 137 43 1 29 25 100 0 0
117 137 43 2 29 100 400 0 0
117 137 43 3 29 50 200 0 0
117 137 50 0 130 50 200 0 0
117 137 50 1 130 25 100 0 0
117 137 50 2 130 100 400 0 0
117 137 50 3 130 50 200 0 0
117 137 63 0 34 50 100 0 0
117 137 63 1 34 25 50 0 0
117 137 63 2 34 100 200 0 0
117 137 63 3 34 50 100 0 0
117 137 64 0 34 50 100 0 0
117 137 64 1 34 25 50 0 0
117 137 64 2 34 100 200 0 0
117 137 64 3 34 50 100 0 0
118 137 1 0 5 100 100 0 0
118 137 1 1 5 50 50 0 0
118 137 1 2 5 200 200 0 0
118 137 1 3 5 100 100 0 0
118 137 3 0 6 50 100 0 0
118 137 3 1 6 25 50 0 0
118 137 3 2 6 100 200 0 0
118 137 3 3 6 50 100 0 0
118 137 18 0 47 100 200 0 0
118 137 18 1 47 50 100 0 0
118 137 18 2 47 200 400 0 0
118 137 18 3 47 100 200 0 0
118 137 23 0 8 100 100 0 0
118 137 23 1 8 50 50 0 0
118 137 23 2 8 200 200 0 0
118 137 23 3 8 100 100 0 0
118 137 43 0 30 50 200 0 0
118 137 43 1 30 25 100 0 0
118 137 43 2 30 100 400 0 0
118 137 43 3 30 50 200 0 0
118 137 50 0 131 50 200 0 0
118 137 50 1 131 25 100 0 0
118 137 50 2 131 100 400 0 0
118 137 50 3 131 50 200 0 0
118 137 63 0 34 50 100 0 0
118 137 63 1 34 25 50 0 0
118 137 63 2 34 100 200 0 0
118 137 63 3 34 50 100 0 0
118 137 64 0 34 50 100 0 0
118 137 64 1 34 25 50 0 0
118 137 64 2 34 100 200 0 0
118 137 64 3 34 50 100 0 0
119 137 1 0 5 100 100 0 0
119 137 1 1 5 50 50 0 0
119 137 1 2 5 200 200 0 0
119 137 1 3 5 100 100 0 0
119 137 3 0 6 50 100 0 0
119 137 3 1 6 25 50 0 0
119 137 3 2 6 100 200 0 0
119 137 3 3 6 50 100 0 0
119 137 18 0 47 100 200 0 0
119 137 18 1 47 50 100 0 0
119 137 18 2 47 200 400 0 0
119 137 18 3 47 100 200 0 0
119 137 23 0 8 100 100 0 0
119 137 23 1 8 50 50 0 0
119 137 23 2 8 200 200 0 0
119 137 23 3 8 100 100 0 0
119 137 43 0 30 50 200 0 0
119 137 43 1 30 25 100 0 0
119 137 43 2 30 100 400 0 0
119 137 43 3 30 50 200 0 0
119 137 50 0 132 50 200 0 0
119 137 50 1 132 25 100 0 0
119 137 50 2 132 100 400 0 0
119 137 50 3 132 50 200 0 0
119 137 63 0 34 50 100 0 0
119 137 63 1 34 25 50 0 0
119 137 63 2 34 100 200 0 0
119 137 63 3 34 50 100 0 0
119 137 64 0 34 50 100 0 0
119 137 64 1 34 25 50 0 0
119 137 64 2 34 100 200 0 0
119 137 64 3 34 50 100 0 0
120 137 1 0 5 100 100 0 0
120 137 1 1 5 50 50 0 0
120 137 1 2 5 200 200 0 0
120 137 1 3 5 100 100 0 0
120 137 3 0 7 50 100 0 0
120 137 3 1 7 25 50 0 0
120 137 3 2 7 100 200 0 0
120 137 3 3 7 50 100 0 0
120 137 18 0 48 100 200 0 0
120 137 18 1 48 50 100 0 0
120 137 18 2 48 200 400 0 0
120 137 18 3 48 100 200 0 0
120 137 23 0 8 100 100 0 0
120 137 23 1 8 50 50 0 0
120 137 23 2 8 200 200 0 0
120 137 23 3 8 100 100 0 0
120 137 43 0 30 50 200 0 0
120 137 43 1 30 25 100 0 0
120 137 43 2 30 100 400 0 0
120 137 43 3 30 50 200 0 0
120 137 50 0 133 50 200 0 0
120 137 50 1 133 25 100 0 0
120 137 50 2 133 100 400 0 0
120 137 50 3 133 50 200 0 0
120 137 63 0 35 50 100 0 0
120 137 63 1 35 25 50 0 0
120 137 63 2 35 100 200 0 0
120 137 63 3 35 50 100 0 0
120 137 64 0 35 50 100 0 0
120 137 64 1 35 25 50 0 0
120 137 64 2 35 100 200 0 0
120 137 64 3 35 50 100 0 0
121 137 1 0 5 100 100 0 0
121 137 1 1 5 50 50 0 0
121 137 1 2 5 200 200 0 0
121 137 1 3 5 100 100 0 0
121 137 3 0 7 50 100 0 0
121 137 3 1 7 25 50 0 0
121 137 3 2 7 100 200 0 0
121 137 3 3 7 50 100 0 0
121 137 18 0 48 100 200 0 0
121 137 18 1 48 50 100 0 0
121 137 18 2 48 200 400 0 0
121 137 18 3 48 100 200 0 0
121 137 23 0 8 100 100 0 0
121 137 23 1 8 50 50 0 0
121 137 23 2 8 200 200 0 0
121 137 23 3 8 100 100 0 0
121 137 43 0 30 50 200 0 0
121 137 43 1 30 25 100 0 0
121 137 43 2 30 100 400 0 0
121 137 43 3 30 50 200 0 0
121 137 50 0 134 50 200 0 0
121 137 50 1 134 25 100 0 0
121 137 50 2 134 100 400 0 0
121 137 50 3 134 50 200 0 0
121 137 63 0 35 50 100 0 0
121 137 63 1 35 25 50 0 0
121 137 63 2 35 100 200 0 0
121 137 63 3 35 50 100 0 0
121 137 64 0 35 50 100 0 0
121 137 64 1 35 25 50 0 0
121 137 64 2 35 100 200 0 0
121 137 64 3 35 50 100 0 0
122 137 1 0 5 100 100 0 0
122 137 1 1 5 50 50 0 0
122 137 1 2 5 200 200 0 0
122 137 1 3 5 100 100 0 0
122 137 3 0 7 50 100 0 0
122 137 3 1 7 25 50 0 0
122 137 3 2 7 100 200 0 0
122 137 3 3 7 50 100 0 0
122 137 18 0 48 100 200 0 0
122 137 18 1 48 50 100 0 0
122 137 18 2 48 200 400 0 0
122 137 18 3 48 100 200 0 0
122 137 23 0 8 100 100 0 0
122 137 23 1 8 50 50 0 0
122 137 23 2 8 200 200 0 0
122 137 23 3 8 100 100 0 0
122 137 43 0 31 50 200 0 0
122 137 43 1 31 25 100 0 0
122 137 43 2 31 100 400 0 0
122 137 43 3 31 50 200 0 0
122 137 50 0 135 50 200 0 0
122 137 50 1 135 25 100 0 0
122 137 50 2 135 100 400 0 0
122 137 50 3 135 50 200 0 0
122 137 63 0 35 50 100 0 0
122 137 63 1 35 25 50 0 0
122 137 63 2 35 100 200 0 0
122 137 63 3 35 50 100 0 0
122 137 64 0 35 50 100 0 0
122 137 64 1 35 25 50 0 0
122 137 64 2 35 100 200 0 0
122 137 64 3 35 50 100 0 0
123 137 1 0 5 100 100 0 0
123 137 1 1 5 50 50 0 0
123 137 1 2 5 200 200 0 0
123 137 1 3 5 100 100 0 0
123 137 3 0 7 50 100 0 0
123 137 3 1 7 25 50 0 0
123 137 3 2 7 100 200 0 0
123 137 3 3 7 50 100 0 0
123 137 18 0 49 100 200 0 0
123 137 18 1 49 50 100 0 0
123 137 18 2 49 200 400 0 0
123 137 18 3 49 100 200 0 0
123 137 23 0 8 100 100 0 0
123 137 23 1 8 50 50 0 0
123 137 23 2 8 200 200 0 0
123 137 23 3 8 100 100 0 0
123 137 43 0 31 50 200 0 0
123 137 43 1 31 25 100 0 0
123 137 43 2 31 100 400 0 0
123 137 43 3 31 50 200 0 0
123 137 50 0 136 50 200 0 0
123 137 50 1 136 25 100 0 0
123 137 50 2 136 100 400 0 0
123 137 50 3 136 50 200 0 0
123 137 63 0 35 50 100 0 0
123 137 63 1 35 25 50 0 0
123 137 63 2 35 100 200 0 0
123 137 63 3 35 50 100 0 0
123 137 64 0 35 50 100 0 0
123 137 64 1 35 25 50 0 0
123 137 64 2 35 100 200 0 0
123 137 64 3 35 50 100 0 0
124 137 1 0 5 100 100 0 0
124 137 1 1 5 50 50 0 0
124 137 1 2 5 200 200 0 0
124 137 1 3 5 100 100 0 0
124 137 3 0 7 50 100 0 0
124 137 3 1 7 25 50 0 0
124 137 3 2 7 100 200 0 0
124 137 3 3 7 50 100 0 0
124 137 18 0 49 100 200 0 0
124 137 18 1 49 50 100 0 0
124 137 18 2 49 200 400 0 0
124 137 18 3 49 100 200 0 0
124 137 23 0 9 100 100 0 0
124 137 23 1 9 50 50 0 0
124 137 23 2 9 200 200 0 0
124 137 23 3 9 100 100 0 0
124 137 43 0 31 50 200 0 0
124 137 43 1 31 25 100 0 0
124 137 43 2 31 100 400 0 0
124 137 43 3 31 50 200 0 0
124 137 50 0 137 50 200 0 0
124 137 50 1 137 25 100 0 0
124 137 50 2 137 100 400 0 0
124 137 50 3 137 50 200 0 0
124 137 63 0 36 50 100 0 0
124 137 63 1 36 25 50 0 0
124 137 63 2 36 100 200 0 0
124 137 63 3 36 50 100 0 0
124 137 64 0 36 50 100 0 0
124 137 64 1 36 25 50 0 0
124 137 64 2 36 100 200 0 0
124 137 64 3 36 50 100 0 0
125 137 1 0 5 100 100 0 0
125 137 1 1 5 50 50 0 0
125 137 1 2 5 200 200 0 0
125 137 1 3 5 100 100 0 0
125 137 3 0 7 50 100 0 0
125 137 3 1 7 25 50 0 0
125 137 3 2 7 100 200 0 0
125 137 3 3 7 50 100 0 0
125 137 18 0 50 100 200 0 0
125 137 18 1 50 50 100 0 0
125 137 18 2 50 200 400 0 0
125 137 18 3 50 100 200 0 0
125 137 23 0 9 100 100 0 0
125 137 23 1 9 50 50 0 0
125 137 23 2 9 200 200 0 0
125 137 23 3 9 100 100 0 0
125 137 43 0 31 50 200 0 0
125 137 43 1 31 25 100 0 0
125 137 43 2 31 100 400 0 0
125 137 43 3 31 50 200 0 0
125 137 50 0 138 50 200 0 0
125 137 50 1 138 25 100 0 0
125 137 50 2 138 100 400 0 0
125 137 50 3 138 50 200 0 0
125 137 63 0 36 50 100 0 0
125 137 63 1 36 25 50 0 0
125 137 63 2 36 100 200 0 0
125 137 63 3 36 50 100 0 0
125 137 64 0 36 50 100 0 0
125 137 64 1 36 25 50 0 0
125 137 64 2 36 100 200 0 0
125 137 64 3 36 50 100 0 0
126 137 1 0 5 100 100 0 0
126 137 1 1 5 50 50 0 0
126 137 1 2 5 200 200 0 0
126 137 1 3 5 100 100 0 0
126 137 3 0 7 50 100 0 0
126 137 3 1 7 25 50 0 0
126 137 3 2 7 100 200 0 0
126 137 3 3 7 50 100 0 0
126 137 18 0 50 100 200 0 0
126 137 18 1 50 50 100 0 0
126 137 18 2 50 200 400 0 0
126 137 18 3 50 100 200 0 0
126 137 23 0 9 100 100 0 0
126 137 23 1 9 50 50 0 0
126 137 23 2 9 200 200 0 0
126 137 23 3 9 100 100 0 0
126 137 43 0 32 50 200 0 0
126 137 43 1 32 25 100 0 0
126 137 43 2 32 100 400 0 0
126 137 43 3 32 50 200 0 0
126 137 50 0 139 50 200 0 0
126 137 50 1 139 25 100 0 0
126 137 50 2 139 100 400 0 0
126 137 50 3 139 50 200 0 0
126 137 63 0 36 50 100 0 0
126 137 63 1 36 25 50 0 0
126 137 63 2 36 100 200 0 0
126 137 63 3 36 50 100 0 0
126 137 64 0 36 50 100 0 0
126 137 64 1 36 25 50 0 0
126 137 64 2 36 100 200 0 0
126 137 64 3 36 50 100 0 0
127 137 1 0 5 100 100 0 0
127 137 1 1 5 50 50 0 0
127 137 1 2 5 200 200 0 0
127 137 1 3 5 100 100 0 0
127 137 3 0 7 50 100 0 0
127 137 3 1 7 25 50 0 0
127 137 3 2 7 100 200 0 0
127 137 3 3 7 50 100 0 0
127 137 18 0 50 100 200 0 0
127 137 18 1 50 50 100 0 0
127 137 18 2 50 200 400 0 0
127 137 18 3 50 100 200 0 0
127 137 23 0 9 100 100 0 0
127 137 23 1 9 50 50 0 0
127 137 23 2 9 200 200 0 0
127 137 23 3 9 100 100 0 0
127 137 43 0 32 50 200 0 0
127 137 43 1 32 25 100 0 0
127 137 43 2 32 100 400 0 0
127 137 43 3 32 50 200 0 0
127 137 50 0 140 50 200 0 0
127 137 50 1 140 25 100 0 0
127 137 50 2 140 100 400 0 0
127 137 50 3 140 50 200 0 0
127 137 63 0 37 50 100 0 0
127 137 63 1 37 25 50 0 0
127 137 63 2 37 100 200 0 0
127 137 63 3 37 50 100 0 0
127 137 64 0 37 50 100 0 0
127 137 64 1 37 25 50 0 0
127 137 64 2 37 100 200 0 0
127 137 64 3 37 50 100 0 0
128 137 1 0 5 100 100 0 0
128 137 1 1 5 50 50 0 0
128 137 1 2 5 200 200 0 0
128 137 1 3 5 100 100 0 0
128 137 3 0 7 50 100 0 0
128 137 3 1 7 25 50 0 0
128 137 3 2 7 100 200 0 0
128 137 3 3 7 50 100 0 0
128 137 18 0 51 100 200 0 0
128 137 18 1 51 50 100 0 0
128 137 18 2 51 200 400 0 0
128 137 18 3 51 100 200 0 0
128 137 23 0 9 100 100 0 0
128 137 23 1 9 50 50 0 0
128 137 23 2 9 200 200 0 0
128 137 23 3 9 100 100 0 0
128 137 43 0 32 50 200 0 0
128 137 43 1 32 25 100 0 0
128 137 43 2 32 100 400 0 0
128 137 43 3 32 50 200 0 0
128 137 50 0 141 50 200 0 0
128 137 50 1 141 25 100 0 0
128 137 50 2 141 100 400 0 0
128 137 50 3 141 50 200 0 0
128 137 63 0 37 50 100 0 0
128 137 63 1 37 25 50 0 0
128 137 63 2 37 100 200 0 0
128 137 63 3 37 50 100 0 0
128 137 64 0 37 50 100 0 0
128 137 64 1 37 25 50 0 0
128 137 64 2 37 100 200 0 0
128 137 64 3 37 50 100 0 0
129 137 1 0 5 100 100 0 0
129 137 1 1 5 50 50 0 0
129 137 1 2 5 200 200 0 0
129 137 1 3 5 100 100 0 0
129 137 3 0 7 50 100 0 0
129 137 3 1 7 25 50 0 0
129 137 3 2 7 100 200 0 0
129 137 3 3 7 50 100 0 0
129 137 18 0 51 100 200 0 0
129 137 18 1 51 50 100 0 0
129 137 18 2 51 200 400 0 0
129 137 18 3 51 100 200 0 0
129 137 23 0 9 100 100 0 0
129 137 23 1 9 50 50 0 0
129 137 23 2 9 200 200 0 0
129 137 23 3 9 100 100 0 0
129 137 43 0 32 50 200 0 0
129 137 43 1 32 25 100 0 0
129 137 43 2 32 100 400 0 0
129 137 43 3 32 50 200 0 0
129 137 50 0 142 50 200 0 0
129 137 50 1 142 25 100 0 0
129 137 50 2 142 100 400 0 0
129 137 50 3 142 50 200 0 0
129 137 63 0 37 50 100 0 0
129 137 63 1 37 25 50 0 0
129 137 63 2 37 100 200 0 0
129 137 63 3 37 50 100 0 0
129 137 64 0 37 50 100 0 0
129 137 64 1 37 25 50 0 0
129 137 64 2 37 100 200 0 0
129 137 64 3 37 50 100 0 0
130 137 1 0 5 100 100 0 0
130 137 1 1 5 50 50 0 0
130 137 1 2 5 200 200 0 0
130 137 1 3 5 100 100 0 0
130 137 3 0 7 50 100 0 0
130 137 3 1 7 25 50 0 0
130 137 3 2 7 100 200 0 0
130 137 3 3 7 50 100 0 0
130 137 18 0 52 100 200 0 0
130 137 18 1 52 50 100 0 0
130 137 18 2 52 200 400 0 0
130 137 18 3 52 100 200 0 0
130 137 23 0 9 100 100 0 0
130 137 23 1 9 50 50 0 0
130 137 23 2 9 200 200 0 0
130 137 23 3 9 100 100 0 0
130 137 43 0 33 50 200 0 0
130 137 43 1 33 25 100 0 0
130 137 43 2 33 100 400 0 0
130 137 43 3 33 50 200 0 0
130 137 50 0 143 50 200 0 0
130 137 50 1 143 25 100 0 0
130 137 50 2 143 100 400 0 0
130 137 50 3 143 50 200 0 0
130 137 63 0 37 50 100 0 0
130 137 63 1 37 25 50 0 0
130 137 63 2 37 100 200 0 0
130 137 63 3 37 50 100 0 0
130 137 64 0 37 50 100 0 0
130 137 64 1 37 25 50 0 0
130 137 64 2 37 100 200 0 0
130 137 64 3 37 50 100 0 0
131 137 1 0 5 100 100 0 0
131 137 1 1 5 50 50 0 0
131 137 1 2 5 200 200 0 0
131 137 1 3 5 100 100 0 0
131 137 3 0 7 50 100 0 0
131 137 3 1 7 25 50 0 0
131 137 3 2 7 100 200 0 0
131 137 3 3 7 50 100 0 0
131 137 18 0 52 100 200 0 0
131 137 18 1 52 50 100 0 0
131 137 18 2 52 200 400 0 0
131 137 18 3 52 100 200 0 0
131 137 23 0 9 100 100 0 0
131 137 23 1 9 50 50 0 0
131 137 23 2 9 200 200 0 0
131 137 23 3 9 100 100 0 0
131 137 43 0 33 50 200 0 0
131 137 43 1 33 25 100 0 0
131 137 43 2 33 100 400 0 0
131 137 43 3 33 50 200 0 0
131 137 50 0 144 50 200 0 0
131 137 50 1 144 25 100 0 0
131 137 50 2 144 100 400 0 0
131 137 50 3 144 50 200 0 0
131 137 63 0 38 50 100 0 0
131 137 63 1 38 25 50 0 0
131 137 63 2 38 100 200 0 0
131 137 63 3 38 50 100 0 0
131 137 64 0 38 50 100 0 0
131 137 64 1 38 25 50 0 0
131 137 64 2 38 100 200 0 0
131 137 64 3 38 50 100 0 0
132 137 1 0 5 100 100 0 0
132 137 1 1 5 50 50 0 0
132 137 1 2 5 200 200 0 0
132 137 1 3 5 100 100 0 0
132 137 3 0 7 50 100 0 0
132 137 3 1 7 25 50 0 0
132 137 3 2 7 100 200 0 0
132 137 3 3 7 50 100 0 0
132 137 18 0 52 100 200 0 0
132 137 18 1 52 50 100 0 0
132 137 18 2 52 200 400 0 0
132 137 18 3 52 100 200 0 0
132 137 23 0 9 100 100 0 0
132 137 23 1 9 50 50 0 0
132 137 23 2 9 200 200 0 0
132 137 23 3 9 100 100 0 0
132 137 43 0 33 50 200 0 0
132 137 43 1 33 25 100 0 0
132 137 43 2 33 100 400 0 0
132 137 43 3 33 50 200 0 0
132 137 50 0 145 50 200 0 0
132 137 50 1 145 25 100 0 0
132 137 50 2 145 100 400 0 0
132 137 50 3 145 50 200 0 0
132 137 63 0 38 50 100 0 0
132 137 63 1 38 25 50 0 0
132 137 63 2 38 100 200 0 0
132 137 63 3 38 50 100 0 0
132 137 64 0 38 50 100 0 0
132 137 64 1 38 25 50 0 0
132 137 64 2 38 100 200 0 0
132 137 64 3 38 50 100 0 0
133 137 1 0 5 100 100 0 0
133 137 1 1 5 50 50 0 0
133 137 1 2 5 200 200 0 0
133 137 1 3 5 100 100 0 0
133 137 3 0 7 50 100 0 0
133 137 3 1 7 25 50 0 0
133 137 3 2 7 100 200 0 0
133 137 3 3 7 50 100 0 0
133 137 18 0 53 100 200 0 0
133 137 18 1 53 50 100 0 0
133 137 18 2 53 200 400 0 0
133 137 18 3 53 100 200 0 0
133 137 23 0 9 100 100 0 0
133 137 23 1 9 50 50 0 0
133 137 23 2 9 200 200 0 0
133 137 23 3 9 100 100 0 0
133 137 43 0 33 50 200 0 0
133 137 43 1 33 25 100 0 0
133 137 43 2 33 100 400 0 0
133 137 43 3 33 50 200 0 0
133 137 50 0 146 50 200 0 0
133 137 50 1 146 25 100 0 0
133 137 50 2 146 100 400 0 0
133 137 50 3 146 50 200 0 0
133 137 63 0 38 50 100 0 0
133 137 63 1 38 25 50 0 0
133 137 63 2 38 100 200 0 0
133 137 63 3 38 50 100 0 0
133 137 64 0 38 50 100 0 0
133 137 64 1 38 25 50 0 0
133 137 64 2 38 100 200 0 0
133 137 64 3 38 50 100 0 0
134 137 1 0 5 100 100 0 0
134 137 1 1 5 50 50 0 0
134 137 1 2 5 200 200 0 0
134 137 1 3 5 100 100 0 0
134 137 3 0 7 50 100 0 0
134 137 3 1 7 25 50 0 0
134 137 3 2 7 100 200 0 0
134 137 3 3 7 50 100 0 0
134 137 18 0 53 100 200 0 0
134 137 18 1 53 50 100 0 0
134 137 18 2 53 200 400 0 0
134 137 18 3 53 100 200 0 0
134 137 23 0 9 100 100 0 0
134 137 23 1 9 50 50 0 0
134 137 23 2 9 200 200 0 0
134 137 23 3 9 100 100 0 0
134 137 43 0 34 50 200 0 0
134 137 43 1 34 25 100 0 0
134 137 43 2 34 100 400 0 0
134 137 43 3 34 50 200 0 0
134 137 50 0 147 50 200 0 0
134 137 50 1 147 25 100 0 0
134 137 50 2 147 100 400 0 0
134 137 50 3 147 50 200 0 0
134 137 63 0 39 50 100 0 0
134 137 63 1 39 25 50 0 0
134 137 63 2 39 100 200 0 0
134 137 63 3 39 50 100 0 0
134 137 64 0 39 50 100 0 0
134 137 64 1 39 25 50 0 0
134 137 64 2 39 100 200 0 0
134 137 64 3 39 50 100 0 0
135 137 1 0 5 100 100 0 0
135 137 1 1 5 50 50 0 0
135 137 1 2 5 200 200 0 0
135 137 1 3 5 100 100 0 0
135 137 3 0 7 50 100 0 0
135 137 3 1 7 25 50 0 0
135 137 3 2 7 100 200 0 0
135 137 3 3 7 50 100 0 0
135 137 18 0 54 100 200 0 0
135 137 18 1 54 50 100 0 0
135 137 18 2 54 200 400 0 0
135 137 18 3 54 100 200 0 0
135 137 23 0 9 100 100 0 0
135 137 23 1 9 50 50 0 0
135 137 23 2 9 200 200 0 0
135 137 23 3 9 100 100 0 0
135 137 43 0 34 50 200 0 0
135 137 43 1 34 25 100 0 0
135 137 43 2 34 100 400 0 0
135 137 43 3 34 50 200 0 0
135 137 50 0 148 50 200 0 0
135 137 50 1 148 25 100 0 0
135 137 50 2 148 100 400 0 0
135 137 50 3 148 50 200 0 0
135 137 63 0 39 50 100 0 0
135 137 63 1 39 25 50 0 0
135 137 63 2 39 100 200 0 0
135 137 63 3 39 50 100 0 0
135 137 64 0 39 50 100 0 0
135 137 64 1 39 25 50 0 0
135 137 64 2 39 100 200 0 0
135 137 64 3 39 50 100 0 0
136 137 1 0 5 100 100 0 0
136 137 1 1 5 50 50 0 0
136 137 1 2 5 200 200 0 0
136 137 1 3 5 100 100 0 0
136 137 3 0 7 50 100 0 0
136 137 3 1 7 25 50 0 0
136 137 3 2 7 100 200 0 0
136 137 3 3 7 50 100 0 0
136 137 18 0 54 100 200 0 0
136 137 18 1 54 50 100 0 0
136 137 18 2 54 200 400 0 0
136 137 18 3 54 100 200 0 0
136 137 23 0 9 100 100 0 0
136 137 23 1 9 50 50 0 0
136 137 23 2 9 200 200 0 0
136 137 23 3 9 100 100 0 0
136 137 43 0 34 50 200 0 0
136 137 43 1 34 25 100 0 0
136 137 43 2 34 100 400 0 0
136 137 43 3 34 50 200 0 0
136 137 50 0 149 50 200 0 0
136 137 50 1 149 25 100 0 0
136 137 50 2 149 100 400 0 0
136 137 50 3 149 50 200 0 0
136 137 63 0 39 50 100 0 0
136 137 63 1 39 25 50 0 0
136 137 63 2 39 100 200 0 0
136 137 63 3 39 50 100 0 0
136 137 64 0 39 50 100 0 0
136 137 64 1 39 25 50 0 0
136 137 64 2 39 100 200 0 0
136 137 64 3 39 50 100 0 0
137 137 1 0 6 100 100 0 0
137 137 1 1 6 50 50 0 0
137 137 1 2 6 200 200 0 0
137 137 1 3 6 100 100 0 0
137 137 3 0 8 50 100 0 0
137 137 3 1 8 25 50 0 0
137 137 3 2 8 100 200 0 0
137 137 3 3 8 50 100 0 0
137 137 18 0 55 100 200 0 0
137 137 18 1 55 50 100 0 0
137 137 18 2 55 200 400 0 0
137 137 18 3 55 100 200 0 0
137 137 23 0 10 100 100 0 0
137 137 23 1 10 50 50 0 0
137 137 23 2 10 200 200 0 0
137 137 23 3 10 100 100 0 0
137 137 43 0 35 50 200 0 0
137 137 43 1 35 25 100 0 0
137 137 43 2 35 100 400 0 0
137 137 43 3 35 50 200 0 0
137 137 50 0 150 50 200 0 0
137 137 50 1 150 25 100 0 0
137 137 50 2 150 100 400 0 0
137 137 50 3 150 50 200 0 0
137 137 63 0 40 50 100 0 0
137 137 63 1 40 25 50 0 0
137 137 63 2 40 100 200 0 0
137 137 63 3 40 50 100 0 0
137 137 64 0 40 50 100 0 0
137 137 64 1 40 25 50 0 0
137 137 64 2 40 100 200 0 0
137 137 64 3 40 50 100 0 0
138 137 1 0 7 100 100 0 0
138 137 1 1 7 50 50 0 0
138 137 1 2 7 200 200 0 0
138 137 1 3 7 100 100 0 0
138 137 3 0 9 50 100 0 0
138 137 3 1 9 25 50 0 0
138 137 3 2 9 100 200 0 0
138 137 3 3 9 50 100 0 0
138 137 18 0 56 100 200 0 0
138 137 18 1 56 50 100 0 0
138 137 18 2 56 200 400 0 0
138 137 18 3 56 100 200 0 0
138 137 23 0 11 100 100 0 0
138 137 23 1 11 50 50 0 0
138 137 23 2 11 200 200 0 0
138 137 23 3 11 100 100 0 0
138 137 43 0 36 50 200 0 0
138 137 43 1 36 25 100 0 0
138 137 43 2 36 100 400 0 0
138 137 43 3 36 50 200 0 0
138 137 50 0 151 50 200 0 0
138 137 50 1 151 25 100 0 0
138 137 50 2 151 100 400 0 0
138 137 50 3 151 50 200 0 0
138 137 63 0 41 50 100 0 0
138 137 63 1 41 25 50 0 0
138 137 63 2 41 100 200 0 0
138 137 63 3 41 50 100 0 0
138 137 64 0 41 50 100 0 0
138 137 64 1 41 25 50 0 0
138 137 64 2 41 100 200 0 0
138 137 64 3 41 50 100 0 0
